[
    {
        "marque": "Volkswagen",
        "modele": "Golf 8",
        "prix": "20999",
        "kilometrage": "65159",
        "boite_vitesse": "Manuelle",
        "carburant": "Diesel",
        "annee": "2020"
    },
    {
        "marque": "Renault",
        "modele": "Mégane 4",
        "prix": "20999",
        "kilometrage": "17755",
        "boite_vitesse": "Auto.",
        "carburant": "Diesel",
        "annee": "2017"
    },
    {
        "marque": "Kia",
        "modele": "Sportage",
        "prix": "20999",
        "kilometrage": "99386",
        "boite_vitesse": "Auto.",
        "carburant": "Micro-hybride diesel",
        "annee": "2021"
    },
    {
        "marque": "Toyota",
        "modele": "RAV 4",
        "prix": "20999",
        "kilometrage": "84016",
        "boite_vitesse": "Auto.",
        "carburant": "Hybride essence",
        "annee": "2018"
    },
    {
        "marque": "Toyota",
        "modele": "Corolla",
        "prix": "20999",
        "kilometrage": "42800",
        "boite_vitesse": "Auto.",
        "carburant": "Hybride essence",
        "annee": "2019"
    },
    {
        "marque": "Volkswagen",
        "modele": "T-Roc",
        "prix": "20999",
        "kilometrage": "34280",
        "boite_vitesse": "Manuelle",
        "carburant": "Essence",
        "annee": "2021"
    },
    {
        "marque": "Renault",
        "modele": "Zoé",
        "prix": "20999",
        "kilometrage": "14350",
        "boite_vitesse": "Auto.",
        "carburant": "Électrique",
        "annee": "2023"
    },
    {
        "marque": "Renault",
        "modele": "Zoé",
        "prix": "20999",
        "kilometrage": "13280",
        "boite_vitesse": "Auto.",
        "carburant": "Électrique",
        "annee": "2023"
    },
    {
        "marque": "Renault",
        "modele": "Zoé",
        "prix": "20999",
        "kilometrage": "14450",
        "boite_vitesse": "Auto.",
        "carburant": "Électrique",
        "annee": "2023"
    },
    {
        "marque": "Renault",
        "modele": "Zoé",
        "prix": "20999",
        "kilometrage": "9905",
        "boite_vitesse": "Auto.",
        "carburant": "Électrique",
        "annee": "2023"
    },
    {
        "marque": "Citroën",
        "modele": "C5 X",
        "prix": "20999",
        "kilometrage": "31457",
        "boite_vitesse": "Auto.",
        "carburant": "Essence",
        "annee": "2023"
    },
    {
        "marque": "DS",
        "modele": "DS7 Crossback",
        "prix": "20999",
        "kilometrage": "69998",
        "boite_vitesse": "Auto.",
        "carburant": "Diesel",
        "annee": "2019"
    },
    {
        "marque": "Toyota",
        "modele": "Corolla",
        "prix": "20999",
        "kilometrage": "49802",
        "boite_vitesse": "Auto.",
        "carburant": "Hybride essence",
        "annee": "2022"
    },
    {
        "marque": "BMW",
        "modele": "Série 1",
        "prix": "20999",
        "kilometrage": "76005",
        "boite_vitesse": "Auto.",
        "carburant": "Diesel",
        "annee": "2017"
    },
    {
        "marque": "DS",
        "modele": "DS7 CROSSBACK",
        "prix": "20999",
        "kilometrage": "115406",
        "boite_vitesse": "Auto.",
        "carburant": "Diesel",
        "annee": "2020"
    },
    {
        "marque": "Citroën",
        "modele": "Berlingo",
        "prix": "20999",
        "kilometrage": "57470",
        "boite_vitesse": "Manuelle",
        "carburant": "Diesel",
        "annee": "2020"
    },
    {
        "marque": "Nissan",
        "modele": "Juke",
        "prix": "20999",
        "kilometrage": "12060",
        "boite_vitesse": "Manuelle",
        "carburant": "Essence",
        "annee": "2024"
    },
    {
        "marque": "Renault",
        "modele": "Grand Scénic 4",
        "prix": "20999",
        "kilometrage": "72380",
        "boite_vitesse": "Manuelle",
        "carburant": "Essence",
        "annee": "2022"
    },
    {
        "marque": "Seat",
        "modele": "Leon",
        "prix": "20999",
        "kilometrage": "46512",
        "boite_vitesse": "Auto.",
        "carburant": "Hybride essence rechargeable",
        "annee": "2020"
    },
    {
        "marque": "Ford",
        "modele": "Focus",
        "prix": "20999",
        "kilometrage": "22905",
        "boite_vitesse": "Manuelle",
        "carburant": "Hybride essence",
        "annee": "2022"
    },
    {
        "marque": "Skoda",
        "modele": "Kamiq",
        "prix": "20999",
        "kilometrage": "17344",
        "boite_vitesse": "Manuelle",
        "carburant": "Essence",
        "annee": "2023"
    },
    {
        "marque": "Skoda",
        "modele": "Kamiq",
        "prix": "20999",
        "kilometrage": "35213",
        "boite_vitesse": "Manuelle",
        "carburant": "Essence",
        "annee": "2023"
    },
    {
        "marque": "Mercedes",
        "modele": "GLA",
        "prix": "20999",
        "kilometrage": "76190",
        "boite_vitesse": "Auto.",
        "carburant": "Essence",
        "annee": "2016"
    }
]