[
    {
        "marque": "Peugeot",
        "modele": "308 SW",
        "prix": "18999",
        "kilometrage": "51050",
        "boite_vitesse": "Auto.",
        "carburant": "Diesel",
        "annee": "2020"
    },
    {
        "marque": "Renault",
        "modele": "Twingo 3",
        "prix": "18999",
        "kilometrage": "3950",
        "boite_vitesse": "Auto.",
        "carburant": "Électrique",
        "annee": "2023"
    },
    {
        "marque": "Renault",
        "modele": "Kadjar",
        "prix": "18999",
        "kilometrage": "40993",
        "boite_vitesse": "Auto.",
        "carburant": "Essence",
        "annee": "2021"
    },
    {
        "marque": "Audi",
        "modele": "A3 Sportback",
        "prix": "18999",
        "kilometrage": "54798",
        "boite_vitesse": "Auto.",
        "carburant": "Diesel",
        "annee": "2019"
    },
    {
        "marque": "Ford",
        "modele": "PUMA",
        "prix": "18999",
        "kilometrage": "29475",
        "boite_vitesse": "Manuelle",
        "carburant": "Micro-hybride essence",
        "annee": "2021"
    },
    {
        "marque": "Audi",
        "modele": "Q2",
        "prix": "18999",
        "kilometrage": "115103",
        "boite_vitesse": "Auto.",
        "carburant": "Diesel",
        "annee": "2020"
    },
    {
        "marque": "Dacia",
        "modele": "JOGGER",
        "prix": "18999",
        "kilometrage": "45556",
        "boite_vitesse": "Manuelle",
        "carburant": "Essence",
        "annee": "2023"
    },
    {
        "marque": "Audi",
        "modele": "A3 Sportback",
        "prix": "18999",
        "kilometrage": "115516",
        "boite_vitesse": "Auto.",
        "carburant": "Essence",
        "annee": "2018"
    },
    {
        "marque": "DS",
        "modele": "DS7 CROSSBACK",
        "prix": "18999",
        "kilometrage": "149685",
        "boite_vitesse": "Auto.",
        "carburant": "Diesel",
        "annee": "2018"
    },
    {
        "marque": "Volkswagen",
        "modele": "Golf 7",
        "prix": "18999",
        "kilometrage": "109060",
        "boite_vitesse": "Auto.",
        "carburant": "Hybride essence rechargeable",
        "annee": "2018"
    },
    {
        "marque": "Audi",
        "modele": "Q2",
        "prix": "18999",
        "kilometrage": "76680",
        "boite_vitesse": "Manuelle",
        "carburant": "Essence",
        "annee": "2019"
    },
    {
        "marque": "Audi",
        "modele": "A1 Sportback",
        "prix": "18999",
        "kilometrage": "38388",
        "boite_vitesse": "Auto.",
        "carburant": "Essence",
        "annee": "2014"
    },
    {
        "marque": "Fiat",
        "modele": "500X",
        "prix": "18999",
        "kilometrage": "50915",
        "boite_vitesse": "Auto.",
        "carburant": "Essence",
        "annee": "2021"
    },
    {
        "marque": "Citroën",
        "modele": "C4 X",
        "prix": "18999",
        "kilometrage": "24693",
        "boite_vitesse": "Auto.",
        "carburant": "Essence",
        "annee": "2023"
    },
    {
        "marque": "BMW",
        "modele": "Série 1",
        "prix": "18999",
        "kilometrage": "89920",
        "boite_vitesse": "Auto.",
        "carburant": "Essence",
        "annee": "2018"
    },
    {
        "marque": "Toyota",
        "modele": "Aygo X",
        "prix": "18999",
        "kilometrage": "2957",
        "boite_vitesse": "Auto.",
        "carburant": "Essence",
        "annee": "2022"
    },
    {
        "marque": "Citroën",
        "modele": "C4 X",
        "prix": "18999",
        "kilometrage": "19908",
        "boite_vitesse": "Auto.",
        "carburant": "Essence",
        "annee": "2023"
    },
    {
        "marque": "Citroën",
        "modele": "Berlingo",
        "prix": "18999",
        "kilometrage": "63070",
        "boite_vitesse": "Manuelle",
        "carburant": "Diesel",
        "annee": "2020"
    },
    {
        "marque": "Citroën",
        "modele": "GRAND C4 SPACETOURER",
        "prix": "18999",
        "kilometrage": "42110",
        "boite_vitesse": "Manuelle",
        "carburant": "Essence",
        "annee": "2020"
    },
    {
        "marque": "Citroën",
        "modele": "GRAND C4 SPACETOURER",
        "prix": "18999",
        "kilometrage": "41765",
        "boite_vitesse": "Manuelle",
        "carburant": "Essence",
        "annee": "2019"
    },
    {
        "marque": "Ford",
        "modele": "Focus",
        "prix": "18999",
        "kilometrage": "50163",
        "boite_vitesse": "Manuelle",
        "carburant": "Micro-hybride essence",
        "annee": "2022"
    },
    {
        "marque": "Ford",
        "modele": "Kuga",
        "prix": "18999",
        "kilometrage": "78254",
        "boite_vitesse": "Auto.",
        "carburant": "Diesel",
        "annee": "2017"
    },
    {
        "marque": "Peugeot",
        "modele": "508 SW",
        "prix": "18999",
        "kilometrage": "99363",
        "boite_vitesse": "Auto.",
        "carburant": "Essence",
        "annee": "2019"
    }
]