[
    {
        "marque": "Peugeot",
        "modele": "208",
        "prix": "27750",
        "kilometrage": "0",
        "boite_vitesse": "Auto.",
        "carburant": "Micro-hybride essence",
        "annee": "2024"
    },
    {
        "marque": "Peugeot",
        "modele": "3008",
        "prix": "23499",
        "kilometrage": "21695",
        "boite_vitesse": "Manuelle",
        "carburant": "Essence",
        "annee": "2023"
    },
    {
        "marque": "Peugeot",
        "modele": "208",
        "prix": "23499",
        "kilometrage": "19966",
        "boite_vitesse": "Auto.",
        "carburant": "Électrique",
        "annee": "2023"
    },
    {
        "marque": "Peugeot",
        "modele": "2008",
        "prix": "23499",
        "kilometrage": "12290",
        "boite_vitesse": "Auto.",
        "carburant": "Essence",
        "annee": "2023"
    },
    {
        "marque": "Citroën",
        "modele": "C4",
        "prix": "36430",
        "kilometrage": "10",
        "boite_vitesse": "Auto.",
        "carburant": "Essence",
        "annee": "2023"
    },
    {
        "marque": "Renault",
        "modele": "Captur",
        "prix": "23499",
        "kilometrage": "22454",
        "boite_vitesse": "Auto.",
        "carburant": "Micro-hybride essence",
        "annee": "2023"
    },
    {
        "marque": "Peugeot",
        "modele": "3008",
        "prix": "23499",
        "kilometrage": "65035",
        "boite_vitesse": "Manuelle",
        "carburant": "Diesel",
        "annee": "2022"
    },
    {
        "marque": "Peugeot",
        "modele": "3008",
        "prix": "23499",
        "kilometrage": "80731",
        "boite_vitesse": "Auto.",
        "carburant": "Diesel",
        "annee": "2022"
    },
    {
        "marque": "Peugeot",
        "modele": "3008",
        "prix": "23499",
        "kilometrage": "21705",
        "boite_vitesse": "Manuelle",
        "carburant": "Essence",
        "annee": "2023"
    },
    {
        "marque": "Peugeot",
        "modele": "3008",
        "prix": "23499",
        "kilometrage": "87445",
        "boite_vitesse": "Manuelle",
        "carburant": "Diesel",
        "annee": "2022"
    },
    {
        "marque": "Citroën",
        "modele": "C4",
        "prix": "23499",
        "kilometrage": "12984",
        "boite_vitesse": "Auto.",
        "carburant": "Électrique",
        "annee": "2023"
    },
    {
        "marque": "Peugeot",
        "modele": "5008",
        "prix": "23499",
        "kilometrage": "77940",
        "boite_vitesse": "Manuelle",
        "carburant": "Diesel",
        "annee": "2022"
    },
    {
        "marque": "Nissan",
        "modele": "Qashqai",
        "prix": "23499",
        "kilometrage": "51194",
        "boite_vitesse": "Manuelle",
        "carburant": "Micro-hybride essence",
        "annee": "2022"
    },
    {
        "marque": "Peugeot",
        "modele": "308 SW",
        "prix": "23499",
        "kilometrage": "5805",
        "boite_vitesse": "Auto.",
        "carburant": "Essence",
        "annee": "2024"
    },
    {
        "marque": "Volkswagen",
        "modele": "T-Roc",
        "prix": "23499",
        "kilometrage": "72891",
        "boite_vitesse": "Auto.",
        "carburant": "Diesel",
        "annee": "2021"
    },
    {
        "marque": "Toyota",
        "modele": "Corolla",
        "prix": "23499",
        "kilometrage": "30676",
        "boite_vitesse": "Auto.",
        "carburant": "Hybride essence",
        "annee": "2023"
    },
    {
        "marque": "DS",
        "modele": "DS7 CROSSBACK",
        "prix": "23499",
        "kilometrage": "65165",
        "boite_vitesse": "Auto.",
        "carburant": "Essence",
        "annee": "2020"
    },
    {
        "marque": "BMW",
        "modele": "Série 1",
        "prix": "23499",
        "kilometrage": "88651",
        "boite_vitesse": "Auto.",
        "carburant": "Diesel",
        "annee": "2020"
    },
    {
        "marque": "Citroën",
        "modele": "GRAND C4 SPACETOURER",
        "prix": "23499",
        "kilometrage": "64844",
        "boite_vitesse": "Manuelle",
        "carburant": "Diesel",
        "annee": "2022"
    },
    {
        "marque": "Toyota",
        "modele": "Corolla Touring Sports",
        "prix": "23499",
        "kilometrage": "70960",
        "boite_vitesse": "Auto.",
        "carburant": "Hybride essence",
        "annee": "2021"
    },
    {
        "marque": "Mitsubishi",
        "modele": "ECLIPSE CROSS",
        "prix": "23499",
        "kilometrage": "67730",
        "boite_vitesse": "Auto.",
        "carburant": "Hybride essence rechargeable",
        "annee": "2022"
    },
    {
        "marque": "Mitsubishi",
        "modele": "ECLIPSE CROSS",
        "prix": "23499",
        "kilometrage": "55330",
        "boite_vitesse": "Auto.",
        "carburant": "Hybride essence rechargeable",
        "annee": "2022"
    },
    {
        "marque": "Mitsubishi",
        "modele": "ECLIPSE CROSS",
        "prix": "23499",
        "kilometrage": "57923",
        "boite_vitesse": "Auto.",
        "carburant": "Hybride essence rechargeable",
        "annee": "2022"
    }
]