[
    {
        "marque": "Fiat",
        "modele": "500",
        "prix": "13499",
        "kilometrage": "9080",
        "boite_vitesse": "Auto.",
        "carburant": "Électrique",
        "annee": "2022"
    },
    {
        "marque": "Renault",
        "modele": "Clio 4",
        "prix": "13499",
        "kilometrage": "63500",
        "boite_vitesse": "Manuelle",
        "carburant": "Diesel",
        "annee": "2017"
    },
    {
        "marque": "Peugeot",
        "modele": "308 SW",
        "prix": "13499",
        "kilometrage": "76286",
        "boite_vitesse": "Manuelle",
        "carburant": "Diesel",
        "annee": "2019"
    },
    {
        "marque": "Ford",
        "modele": "Puma",
        "prix": "13499",
        "kilometrage": "103008",
        "boite_vitesse": "Manuelle",
        "carburant": "Micro-hybride essence",
        "annee": "2021"
    },
    {
        "marque": "Peugeot",
        "modele": "308 SW",
        "prix": "13499",
        "kilometrage": "73565",
        "boite_vitesse": "Manuelle",
        "carburant": "Diesel",
        "annee": "2019"
    },
    {
        "marque": "Renault",
        "modele": "Zoé",
        "prix": "13499",
        "kilometrage": "53268",
        "boite_vitesse": "Auto.",
        "carburant": "Électrique",
        "annee": "2020"
    },
    {
        "marque": "Hyundai",
        "modele": "i10",
        "prix": "13499",
        "kilometrage": "18293",
        "boite_vitesse": "Auto.",
        "carburant": "Essence",
        "annee": "2020"
    },
    {
        "marque": "Ford",
        "modele": "Focus",
        "prix": "13499",
        "kilometrage": "103367",
        "boite_vitesse": "Manuelle",
        "carburant": "Essence",
        "annee": "2019"
    },
    {
        "marque": "Opel",
        "modele": "Crossland X",
        "prix": "13499",
        "kilometrage": "33644",
        "boite_vitesse": "Manuelle",
        "carburant": "Essence",
        "annee": "2020"
    },
    {
        "marque": "Kia",
        "modele": "Stonic",
        "prix": "13499",
        "kilometrage": "52725",
        "boite_vitesse": "Manuelle",
        "carburant": "Essence",
        "annee": "2018"
    },
    {
        "marque": "Jeep",
        "modele": "Renegade",
        "prix": "13499",
        "kilometrage": "128426",
        "boite_vitesse": "Manuelle",
        "carburant": "Essence",
        "annee": "2019"
    },
    {
        "marque": "Citroën",
        "modele": "C4 SPACETOURER",
        "prix": "13499",
        "kilometrage": "90152",
        "boite_vitesse": "Auto.",
        "carburant": "Essence",
        "annee": "2019"
    },
    {
        "marque": "Citroën",
        "modele": "C4 Picasso",
        "prix": "13499",
        "kilometrage": "94800",
        "boite_vitesse": "Auto.",
        "carburant": "Diesel",
        "annee": "2017"
    },
    {
        "marque": "Fiat",
        "modele": "Tipo",
        "prix": "13499",
        "kilometrage": "54071",
        "boite_vitesse": "Manuelle",
        "carburant": "Essence",
        "annee": "2021"
    },
    {
        "marque": "Toyota",
        "modele": "Aygo",
        "prix": "13499",
        "kilometrage": "22000",
        "boite_vitesse": "Manuelle",
        "carburant": "Essence",
        "annee": "2021"
    },
    {
        "marque": "Opel",
        "modele": "Astra",
        "prix": "13499",
        "kilometrage": "70751",
        "boite_vitesse": "Manuelle",
        "carburant": "Diesel",
        "annee": "2020"
    },
    {
        "marque": "Hyundai",
        "modele": "i30",
        "prix": "13499",
        "kilometrage": "118416",
        "boite_vitesse": "Auto.",
        "carburant": "Essence",
        "annee": "2017"
    },
    {
        "marque": "Peugeot",
        "modele": "308 SW",
        "prix": "13499",
        "kilometrage": "80420",
        "boite_vitesse": "Manuelle",
        "carburant": "Diesel",
        "annee": "2021"
    },
    {
        "marque": "Nissan",
        "modele": "Leaf",
        "prix": "13499",
        "kilometrage": "65770",
        "boite_vitesse": "Auto.",
        "carburant": "Électrique",
        "annee": "2020"
    },
    {
        "marque": "Peugeot",
        "modele": "208",
        "prix": "13599",
        "kilometrage": "45357",
        "boite_vitesse": "Manuelle",
        "carburant": "Essence",
        "annee": "2020"
    },
    {
        "marque": "Peugeot",
        "modele": "208",
        "prix": "13599",
        "kilometrage": "44498",
        "boite_vitesse": "Manuelle",
        "carburant": "Essence",
        "annee": "2021"
    },
    {
        "marque": "Peugeot",
        "modele": "208",
        "prix": "13599",
        "kilometrage": "37410",
        "boite_vitesse": "Manuelle",
        "carburant": "Essence",
        "annee": "2019"
    },
    {
        "marque": "Citroën",
        "modele": "C3 Aircross",
        "prix": "13599",
        "kilometrage": "29994",
        "boite_vitesse": "Manuelle",
        "carburant": "Essence",
        "annee": "2022"
    }
]