[
    {
        "marque": "Skoda",
        "modele": "Octavia",
        "prix": "22499",
        "kilometrage": "79364",
        "boite_vitesse": "Auto.",
        "carburant": "Hybride essence rechargeable",
        "annee": "2021"
    },
    {
        "marque": "Skoda",
        "modele": "Scala",
        "prix": "22499",
        "kilometrage": "27037",
        "boite_vitesse": "Manuelle",
        "carburant": "Essence",
        "annee": "2023"
    },
    {
        "marque": "Volkswagen",
        "modele": "Tiguan Allspace",
        "prix": "22499",
        "kilometrage": "91563",
        "boite_vitesse": "Manuelle",
        "carburant": "Essence",
        "annee": "2018"
    },
    {
        "marque": "Peugeot",
        "modele": "2008",
        "prix": "22499",
        "kilometrage": "5120",
        "boite_vitesse": "Auto.",
        "carburant": "Essence",
        "annee": "2023"
    },
    {
        "marque": "Peugeot",
        "modele": "3008",
        "prix": "22499",
        "kilometrage": "79914",
        "boite_vitesse": "Auto.",
        "carburant": "Hybride essence rechargeable",
        "annee": "2021"
    },
    {
        "marque": "Toyota",
        "modele": "Proace City Verso",
        "prix": "22499",
        "kilometrage": "62965",
        "boite_vitesse": "Manuelle",
        "carburant": "Diesel",
        "annee": "2020"
    },
    {
        "marque": "Renault",
        "modele": "Captur",
        "prix": "29000",
        "kilometrage": "0",
        "boite_vitesse": "Manuelle",
        "carburant": "Essence",
        "annee": "2024"
    },
    {
        "marque": "Citroën",
        "modele": "C4",
        "prix": "35630",
        "kilometrage": "0",
        "boite_vitesse": "Auto.",
        "carburant": "Essence",
        "annee": "2024"
    },
    {
        "marque": "Dacia",
        "modele": "JOGGER",
        "prix": "24150",
        "kilometrage": "10",
        "boite_vitesse": "Manuelle",
        "carburant": "GPL",
        "annee": "2024"
    },
    {
        "marque": "Hyundai",
        "modele": "i30 SW",
        "prix": "",
        "kilometrage": "25",
        "boite_vitesse": "Manuelle",
        "carburant": "Essence",
        "annee": "2024"
    },
    {
        "marque": "Hyundai",
        "modele": "i30 SW",
        "prix": "",
        "kilometrage": "25",
        "boite_vitesse": "Manuelle",
        "carburant": "Essence",
        "annee": "2024"
    },
    {
        "marque": "Hyundai",
        "modele": "i30 SW",
        "prix": "",
        "kilometrage": "25",
        "boite_vitesse": "Manuelle",
        "carburant": "Essence",
        "annee": "2024"
    },
    {
        "marque": "Hyundai",
        "modele": "i30 SW",
        "prix": "",
        "kilometrage": "25",
        "boite_vitesse": "Manuelle",
        "carburant": "Essence",
        "annee": "2024"
    },
    {
        "marque": "Hyundai",
        "modele": "i30 SW",
        "prix": "",
        "kilometrage": "25",
        "boite_vitesse": "Manuelle",
        "carburant": "Essence",
        "annee": "2024"
    },
    {
        "marque": "Hyundai",
        "modele": "i30 SW",
        "prix": "",
        "kilometrage": "25",
        "boite_vitesse": "Manuelle",
        "carburant": "Essence",
        "annee": "2024"
    },
    {
        "marque": "Citroën",
        "modele": "C4",
        "prix": "22599",
        "kilometrage": "21095",
        "boite_vitesse": "Auto.",
        "carburant": "Diesel",
        "annee": "2023"
    },
    {
        "marque": "Citroën",
        "modele": "C5 Aircross",
        "prix": "22599",
        "kilometrage": "46923",
        "boite_vitesse": "Auto.",
        "carburant": "Diesel",
        "annee": "2020"
    },
    {
        "marque": "BMW",
        "modele": "X1",
        "prix": "22599",
        "kilometrage": "112457",
        "boite_vitesse": "Auto.",
        "carburant": "Diesel",
        "annee": "2019"
    },
    {
        "marque": "MG",
        "modele": "MG5",
        "prix": "33640",
        "kilometrage": "0",
        "boite_vitesse": "Auto.",
        "carburant": "Électrique",
        "annee": "2024"
    },
    {
        "marque": "Citroën",
        "modele": "C3 Aircross",
        "prix": "22699",
        "kilometrage": "22153",
        "boite_vitesse": "Auto.",
        "carburant": "Essence",
        "annee": "2024"
    },
    {
        "marque": "Toyota",
        "modele": "C-HR",
        "prix": "22699",
        "kilometrage": "36489",
        "boite_vitesse": "Auto.",
        "carburant": "Hybride essence",
        "annee": "2022"
    },
    {
        "marque": "Mercedes",
        "modele": "Classe A",
        "prix": "22699",
        "kilometrage": "66186",
        "boite_vitesse": "Manuelle",
        "carburant": "Diesel",
        "annee": "2020"
    },
    {
        "marque": "Toyota",
        "modele": "Corolla",
        "prix": "22699",
        "kilometrage": "32192",
        "boite_vitesse": "Auto.",
        "carburant": "Hybride essence",
        "annee": "2022"
    }
]