[
    {
        "marque": "Alfa",
        "modele": "Romeo MiTo",
        "prix": "8999",
        "kilometrage": "89205",
        "boite_vitesse": "Manuelle",
        "carburant": "Essence",
        "annee": "2018"
    },
    {
        "marque": "Renault",
        "modele": "Mégane 3 Coupé",
        "prix": "8999",
        "kilometrage": "132185",
        "boite_vitesse": "Manuelle",
        "carburant": "Essence",
        "annee": "2013"
    },
    {
        "marque": "Peugeot",
        "modele": "3008",
        "prix": "8999",
        "kilometrage": "104376",
        "boite_vitesse": "Manuelle",
        "carburant": "Essence",
        "annee": "2016"
    },
    {
        "marque": "Citroën",
        "modele": "C4 Picasso",
        "prix": "9099",
        "kilometrage": "99754",
        "boite_vitesse": "Manuelle",
        "carburant": "Essence",
        "annee": "2016"
    },
    {
        "marque": "Citroën",
        "modele": "C3 Société",
        "prix": "9099",
        "kilometrage": "36174",
        "boite_vitesse": "Manuelle",
        "carburant": "Essence",
        "annee": "2019"
    },
    {
        "marque": "Peugeot",
        "modele": "208",
        "prix": "9199",
        "kilometrage": "69614",
        "boite_vitesse": "Manuelle",
        "carburant": "Éthanol E85",
        "annee": "2018"
    },
    {
        "marque": "Peugeot",
        "modele": "208",
        "prix": "9299",
        "kilometrage": "47855",
        "boite_vitesse": "Manuelle",
        "carburant": "Essence",
        "annee": "2019"
    },
    {
        "marque": "Peugeot",
        "modele": "208",
        "prix": "9299",
        "kilometrage": "36113",
        "boite_vitesse": "Manuelle",
        "carburant": "Essence",
        "annee": "2018"
    },
    {
        "marque": "Dacia",
        "modele": "SPRING",
        "prix": "9299",
        "kilometrage": "31464",
        "boite_vitesse": "Auto.",
        "carburant": "Électrique",
        "annee": "2022"
    },
    {
        "marque": "Dacia",
        "modele": "SPRING",
        "prix": "9299",
        "kilometrage": "32301",
        "boite_vitesse": "Auto.",
        "carburant": "Électrique",
        "annee": "2022"
    },
    {
        "marque": "Dacia",
        "modele": "SPRING",
        "prix": "9299",
        "kilometrage": "27460",
        "boite_vitesse": "Auto.",
        "carburant": "Électrique",
        "annee": "2021"
    },
    {
        "marque": "Peugeot",
        "modele": "108",
        "prix": "9299",
        "kilometrage": "53005",
        "boite_vitesse": "Manuelle",
        "carburant": "Essence",
        "annee": "2018"
    },
    {
        "marque": "Smart",
        "modele": "FORTWO",
        "prix": "9299",
        "kilometrage": "41334",
        "boite_vitesse": "Auto.",
        "carburant": "Électrique",
        "annee": "2019"
    },
    {
        "marque": "DS",
        "modele": "DS3",
        "prix": "9399",
        "kilometrage": "60432",
        "boite_vitesse": "Manuelle",
        "carburant": "Essence",
        "annee": "2016"
    },
    {
        "marque": "Citroën",
        "modele": "C4 Picasso",
        "prix": "9399",
        "kilometrage": "93052",
        "boite_vitesse": "Manuelle",
        "carburant": "Essence",
        "annee": "2016"
    },
    {
        "marque": "Citroën",
        "modele": "C3",
        "prix": "9499",
        "kilometrage": "86055",
        "boite_vitesse": "Manuelle",
        "carburant": "Essence",
        "annee": "2019"
    },
    {
        "marque": "Peugeot",
        "modele": "208",
        "prix": "9499",
        "kilometrage": "74915",
        "boite_vitesse": "Manuelle",
        "carburant": "Essence",
        "annee": "2018"
    },
    {
        "marque": "Peugeot",
        "modele": "308",
        "prix": "9499",
        "kilometrage": "109880",
        "boite_vitesse": "Manuelle",
        "carburant": "Essence",
        "annee": "2016"
    },
    {
        "marque": "Peugeot",
        "modele": "308",
        "prix": "9499",
        "kilometrage": "87368",
        "boite_vitesse": "Manuelle",
        "carburant": "Essence",
        "annee": "2016"
    },
    {
        "marque": "Citroën",
        "modele": "C4",
        "prix": "9499",
        "kilometrage": "86515",
        "boite_vitesse": "Auto.",
        "carburant": "Essence",
        "annee": "2015"
    },
    {
        "marque": "Citroën",
        "modele": "C3",
        "prix": "9499",
        "kilometrage": "65232",
        "boite_vitesse": "Manuelle",
        "carburant": "Essence",
        "annee": "2020"
    },
    {
        "marque": "Peugeot",
        "modele": "108",
        "prix": "9499",
        "kilometrage": "36129",
        "boite_vitesse": "Manuelle",
        "carburant": "Essence",
        "annee": "2020"
    },
    {
        "marque": "Citroën",
        "modele": "C4 Picasso",
        "prix": "9499",
        "kilometrage": "100340",
        "boite_vitesse": "Manuelle",
        "carburant": "Essence",
        "annee": "2016"
    }
]