[
    {
        "marque": "Ford",
        "modele": "Puma",
        "prix": "14799",
        "kilometrage": "71817",
        "boite_vitesse": "Manuelle",
        "carburant": "Micro-hybride essence",
        "annee": "2020"
    },
    {
        "marque": "Volkswagen",
        "modele": "Golf 7",
        "prix": "14799",
        "kilometrage": "96347",
        "boite_vitesse": "Manuelle",
        "carburant": "Diesel",
        "annee": "2019"
    },
    {
        "marque": "Fiat",
        "modele": "500X",
        "prix": "14799",
        "kilometrage": "54309",
        "boite_vitesse": "Manuelle",
        "carburant": "Diesel",
        "annee": "2019"
    },
    {
        "marque": "Opel",
        "modele": "Crossland",
        "prix": "14799",
        "kilometrage": "44920",
        "boite_vitesse": "Manuelle",
        "carburant": "Diesel",
        "annee": "2021"
    },
    {
        "marque": "Jeep",
        "modele": "Renegade",
        "prix": "14799",
        "kilometrage": "83181",
        "boite_vitesse": "Manuelle",
        "carburant": "Diesel",
        "annee": "2017"
    },
    {
        "marque": "Opel",
        "modele": "Crossland X",
        "prix": "14799",
        "kilometrage": "45076",
        "boite_vitesse": "Manuelle",
        "carburant": "Diesel",
        "annee": "2020"
    },
    {
        "marque": "Fiat",
        "modele": "Panda",
        "prix": "14799",
        "kilometrage": "11797",
        "boite_vitesse": "Manuelle",
        "carburant": "Micro-hybride essence",
        "annee": "2024"
    },
    {
        "marque": "Suzuki",
        "modele": "Swift",
        "prix": "14799",
        "kilometrage": "26015",
        "boite_vitesse": "Manuelle",
        "carburant": "Micro-hybride essence",
        "annee": "2021"
    },
    {
        "marque": "Volkswagen",
        "modele": "Polo",
        "prix": "14799",
        "kilometrage": "34650",
        "boite_vitesse": "Manuelle",
        "carburant": "Essence",
        "annee": "2021"
    },
    {
        "marque": "Fiat",
        "modele": "500",
        "prix": "19950",
        "kilometrage": "10",
        "boite_vitesse": "Manuelle",
        "carburant": "Micro-hybride essence",
        "annee": "2024"
    },
    {
        "marque": "Fiat",
        "modele": "500",
        "prix": "19250",
        "kilometrage": "1",
        "boite_vitesse": "Manuelle",
        "carburant": "Micro-hybride essence",
        "annee": "2024"
    },
    {
        "marque": "Renault",
        "modele": "Clio 5",
        "prix": "14899",
        "kilometrage": "43452",
        "boite_vitesse": "Manuelle",
        "carburant": "Essence",
        "annee": "2020"
    },
    {
        "marque": "Citroën",
        "modele": "C3",
        "prix": "14899",
        "kilometrage": "4237",
        "boite_vitesse": "Manuelle",
        "carburant": "Essence",
        "annee": "2023"
    },
    {
        "marque": "Renault",
        "modele": "Kadjar",
        "prix": "14899",
        "kilometrage": "79357",
        "boite_vitesse": "Auto.",
        "carburant": "Essence",
        "annee": "2019"
    },
    {
        "marque": "Citroën",
        "modele": "C4 Cactus",
        "prix": "14899",
        "kilometrage": "69563",
        "boite_vitesse": "Auto.",
        "carburant": "Diesel",
        "annee": "2019"
    },
    {
        "marque": "Citroën",
        "modele": "C3",
        "prix": "14999",
        "kilometrage": "42695",
        "boite_vitesse": "Auto.",
        "carburant": "Essence",
        "annee": "2023"
    },
    {
        "marque": "Peugeot",
        "modele": "3008",
        "prix": "14999",
        "kilometrage": "66634",
        "boite_vitesse": "Auto.",
        "carburant": "Essence",
        "annee": "2018"
    },
    {
        "marque": "Peugeot",
        "modele": "2008",
        "prix": "14999",
        "kilometrage": "42985",
        "boite_vitesse": "Manuelle",
        "carburant": "Essence",
        "annee": "2020"
    },
    {
        "marque": "Peugeot",
        "modele": "2008",
        "prix": "14999",
        "kilometrage": "65446",
        "boite_vitesse": "Manuelle",
        "carburant": "Essence",
        "annee": "2020"
    },
    {
        "marque": "Peugeot",
        "modele": "208",
        "prix": "14999",
        "kilometrage": "56414",
        "boite_vitesse": "Manuelle",
        "carburant": "Diesel",
        "annee": "2021"
    },
    {
        "marque": "Peugeot",
        "modele": "2008",
        "prix": "14999",
        "kilometrage": "46855",
        "boite_vitesse": "Manuelle",
        "carburant": "Essence",
        "annee": "2020"
    },
    {
        "marque": "Renault",
        "modele": "Captur",
        "prix": "14999",
        "kilometrage": "46150",
        "boite_vitesse": "Auto.",
        "carburant": "Essence",
        "annee": "2018"
    },
    {
        "marque": "Peugeot",
        "modele": "3008",
        "prix": "14999",
        "kilometrage": "120056",
        "boite_vitesse": "Manuelle",
        "carburant": "Diesel",
        "annee": "2018"
    }
]