[
    {
        "marque": "Renault",
        "modele": "Scénic 4",
        "prix": "15999",
        "kilometrage": "70607",
        "boite_vitesse": "Auto.",
        "carburant": "Essence",
        "annee": "2019"
    },
    {
        "marque": "Opel",
        "modele": "Crossland",
        "prix": "15999",
        "kilometrage": "80220",
        "boite_vitesse": "Auto.",
        "carburant": "Diesel",
        "annee": "2021"
    },
    {
        "marque": "Ford",
        "modele": "Focus",
        "prix": "15999",
        "kilometrage": "49024",
        "boite_vitesse": "Manuelle",
        "carburant": "Diesel",
        "annee": "2019"
    },
    {
        "marque": "Peugeot",
        "modele": "508 SW",
        "prix": "15999",
        "kilometrage": "117350",
        "boite_vitesse": "Auto.",
        "carburant": "Diesel",
        "annee": "2020"
    },
    {
        "marque": "Peugeot",
        "modele": "508 SW",
        "prix": "15999",
        "kilometrage": "115285",
        "boite_vitesse": "Auto.",
        "carburant": "Diesel",
        "annee": "2021"
    },
    {
        "marque": "Ford",
        "modele": "Kuga",
        "prix": "15999",
        "kilometrage": "109125",
        "boite_vitesse": "Manuelle",
        "carburant": "Éthanol E85",
        "annee": "2019"
    },
    {
        "marque": "BMW",
        "modele": "Série 2 Active Tourer",
        "prix": "15999",
        "kilometrage": "98570",
        "boite_vitesse": "Manuelle",
        "carburant": "Diesel",
        "annee": "2018"
    },
    {
        "marque": "Seat",
        "modele": "Ateca",
        "prix": "15999",
        "kilometrage": "106912",
        "boite_vitesse": "Auto.",
        "carburant": "Diesel",
        "annee": "2018"
    },
    {
        "marque": "Ford",
        "modele": "Focus SW",
        "prix": "15999",
        "kilometrage": "110379",
        "boite_vitesse": "Auto.",
        "carburant": "Diesel",
        "annee": "2020"
    },
    {
        "marque": "Hyundai",
        "modele": "Ioniq",
        "prix": "15999",
        "kilometrage": "80110",
        "boite_vitesse": "Auto.",
        "carburant": "Hybride essence",
        "annee": "2018"
    },
    {
        "marque": "Volkswagen",
        "modele": "Passat SW",
        "prix": "15999",
        "kilometrage": "111142",
        "boite_vitesse": "Manuelle",
        "carburant": "Diesel",
        "annee": "2015"
    },
    {
        "marque": "Honda",
        "modele": "HR-V",
        "prix": "15999",
        "kilometrage": "64085",
        "boite_vitesse": "Auto.",
        "carburant": "Essence",
        "annee": "2016"
    },
    {
        "marque": "Volkswagen",
        "modele": "Golf",
        "prix": "15999",
        "kilometrage": "106322",
        "boite_vitesse": "Auto.",
        "carburant": "Diesel",
        "annee": "2019"
    },
    {
        "marque": "Citroën",
        "modele": "C3 Société",
        "prix": "15999",
        "kilometrage": "10",
        "boite_vitesse": "Manuelle",
        "carburant": "Essence",
        "annee": "2023"
    },
    {
        "marque": "Peugeot",
        "modele": "208",
        "prix": "15999",
        "kilometrage": "19768",
        "boite_vitesse": "Manuelle",
        "carburant": "Essence",
        "annee": "2022"
    },
    {
        "marque": "Renault",
        "modele": "Clio 5",
        "prix": "15999",
        "kilometrage": "29360",
        "boite_vitesse": "Manuelle",
        "carburant": "Essence",
        "annee": "2023"
    },
    {
        "marque": "Peugeot",
        "modele": "308",
        "prix": "15999",
        "kilometrage": "79943",
        "boite_vitesse": "Auto.",
        "carburant": "Diesel",
        "annee": "2021"
    },
    {
        "marque": "Suzuki",
        "modele": "S-CROSS",
        "prix": "15999",
        "kilometrage": "68726",
        "boite_vitesse": "Auto.",
        "carburant": "Diesel",
        "annee": "2017"
    },
    {
        "marque": "Renault",
        "modele": "Grand Scénic 4",
        "prix": "15999",
        "kilometrage": "52960",
        "boite_vitesse": "Manuelle",
        "carburant": "Essence",
        "annee": "2017"
    },
    {
        "marque": "Fiat",
        "modele": "500",
        "prix": "16099",
        "kilometrage": "13328",
        "boite_vitesse": "Manuelle",
        "carburant": "Micro-hybride essence",
        "annee": "2022"
    },
    {
        "marque": "Opel",
        "modele": "Crossland X",
        "prix": "16099",
        "kilometrage": "55830",
        "boite_vitesse": "Auto.",
        "carburant": "Diesel",
        "annee": "2020"
    },
    {
        "marque": "Ford",
        "modele": "Focus",
        "prix": "16099",
        "kilometrage": "64221",
        "boite_vitesse": "Manuelle",
        "carburant": "Diesel",
        "annee": "2018"
    },
    {
        "marque": "Renault",
        "modele": "Clio",
        "prix": "16099",
        "kilometrage": "25731",
        "boite_vitesse": "Manuelle",
        "carburant": "Essence",
        "annee": "2023"
    }
]