[
    {
        "marque": "Citroën",
        "modele": "C3",
        "prix": "10999",
        "kilometrage": "12584",
        "boite_vitesse": "Manuelle",
        "carburant": "Essence",
        "annee": "2021"
    },
    {
        "marque": "Citroën",
        "modele": "C3",
        "prix": "10999",
        "kilometrage": "110187",
        "boite_vitesse": "Manuelle",
        "carburant": "Diesel",
        "annee": "2021"
    },
    {
        "marque": "Citroën",
        "modele": "C3",
        "prix": "10999",
        "kilometrage": "32750",
        "boite_vitesse": "Manuelle",
        "carburant": "Essence",
        "annee": "2019"
    },
    {
        "marque": "Peugeot",
        "modele": "308",
        "prix": "10999",
        "kilometrage": "83325",
        "boite_vitesse": "Manuelle",
        "carburant": "Essence",
        "annee": "2019"
    },
    {
        "marque": "Renault",
        "modele": "Kadjar",
        "prix": "10999",
        "kilometrage": "145845",
        "boite_vitesse": "Auto.",
        "carburant": "Essence",
        "annee": "2018"
    },
    {
        "marque": "Renault",
        "modele": "Clio 4",
        "prix": "10999",
        "kilometrage": "68198",
        "boite_vitesse": "Manuelle",
        "carburant": "Essence",
        "annee": "2018"
    },
    {
        "marque": "Citroën",
        "modele": "C4 Cactus",
        "prix": "10999",
        "kilometrage": "80070",
        "boite_vitesse": "Auto.",
        "carburant": "Essence",
        "annee": "2017"
    },
    {
        "marque": "Peugeot",
        "modele": "308 SW",
        "prix": "10999",
        "kilometrage": "110865",
        "boite_vitesse": "Auto.",
        "carburant": "Essence",
        "annee": "2018"
    },
    {
        "marque": "DS",
        "modele": "DS4",
        "prix": "10999",
        "kilometrage": "49627",
        "boite_vitesse": "Manuelle",
        "carburant": "Essence",
        "annee": "2018"
    },
    {
        "marque": "Citroën",
        "modele": "C4 Cactus",
        "prix": "10999",
        "kilometrage": "62610",
        "boite_vitesse": "Manuelle",
        "carburant": "Essence",
        "annee": "2019"
    },
    {
        "marque": "Renault",
        "modele": "Zoé",
        "prix": "10999",
        "kilometrage": "26906",
        "boite_vitesse": "Auto.",
        "carburant": "Électrique",
        "annee": "2020"
    },
    {
        "marque": "Ford",
        "modele": "Focus",
        "prix": "10999",
        "kilometrage": "120213",
        "boite_vitesse": "Manuelle",
        "carburant": "Éthanol E85",
        "annee": "2018"
    },
    {
        "marque": "Opel",
        "modele": "Crossland X",
        "prix": "10999",
        "kilometrage": "122780",
        "boite_vitesse": "Manuelle",
        "carburant": "Diesel",
        "annee": "2018"
    },
    {
        "marque": "DS",
        "modele": "DS3",
        "prix": "10999",
        "kilometrage": "100430",
        "boite_vitesse": "Auto.",
        "carburant": "Essence",
        "annee": "2018"
    },
    {
        "marque": "Citroën",
        "modele": "C4 Picasso",
        "prix": "10999",
        "kilometrage": "127915",
        "boite_vitesse": "Manuelle",
        "carburant": "Diesel",
        "annee": "2017"
    },
    {
        "marque": "Citroën",
        "modele": "C4 Picasso",
        "prix": "10999",
        "kilometrage": "95450",
        "boite_vitesse": "Manuelle",
        "carburant": "Essence",
        "annee": "2017"
    },
    {
        "marque": "Skoda",
        "modele": "Fabia",
        "prix": "10999",
        "kilometrage": "57297",
        "boite_vitesse": "Manuelle",
        "carburant": "Essence",
        "annee": "2019"
    },
    {
        "marque": "Citroën",
        "modele": "C4 Picasso",
        "prix": "10999",
        "kilometrage": "91080",
        "boite_vitesse": "Manuelle",
        "carburant": "Essence",
        "annee": "2018"
    },
    {
        "marque": "Fiat",
        "modele": "Panda",
        "prix": "10999",
        "kilometrage": "30995",
        "boite_vitesse": "Manuelle",
        "carburant": "Micro-hybride essence",
        "annee": "2021"
    },
    {
        "marque": "Toyota",
        "modele": "Aygo",
        "prix": "10999",
        "kilometrage": "35985",
        "boite_vitesse": "Manuelle",
        "carburant": "Essence",
        "annee": "2020"
    },
    {
        "marque": "Fiat",
        "modele": "Tipo SW",
        "prix": "10999",
        "kilometrage": "87289",
        "boite_vitesse": "Manuelle",
        "carburant": "Diesel",
        "annee": "2018"
    },
    {
        "marque": "Opel",
        "modele": "Astra",
        "prix": "10999",
        "kilometrage": "121060",
        "boite_vitesse": "Manuelle",
        "carburant": "Diesel",
        "annee": "2019"
    },
    {
        "marque": "BMW",
        "modele": "I3",
        "prix": "10999",
        "kilometrage": "71935",
        "boite_vitesse": "Auto.",
        "carburant": "Électrique",
        "annee": "2016"
    }
]