[
    {
        "marque": "Peugeot",
        "modele": "308 SW",
        "prix": "24999",
        "kilometrage": "6257",
        "boite_vitesse": "Auto.",
        "carburant": "Essence",
        "annee": "2024"
    },
    {
        "marque": "Toyota",
        "modele": "Corolla Touring Sport",
        "prix": "24999",
        "kilometrage": "22425",
        "boite_vitesse": "Auto.",
        "carburant": "Hybride essence",
        "annee": "2023"
    },
    {
        "marque": "Toyota",
        "modele": "Corolla Touring Sport",
        "prix": "24999",
        "kilometrage": "23495",
        "boite_vitesse": "Auto.",
        "carburant": "Hybride essence",
        "annee": "2023"
    },
    {
        "marque": "Peugeot",
        "modele": "308 SW",
        "prix": "24999",
        "kilometrage": "5028",
        "boite_vitesse": "Auto.",
        "carburant": "Essence",
        "annee": "2024"
    },
    {
        "marque": "Peugeot",
        "modele": "308 SW",
        "prix": "24999",
        "kilometrage": "39281",
        "boite_vitesse": "Auto.",
        "carburant": "Diesel",
        "annee": "2023"
    },
    {
        "marque": "Peugeot",
        "modele": "308 SW",
        "prix": "24999",
        "kilometrage": "29880",
        "boite_vitesse": "Auto.",
        "carburant": "Essence",
        "annee": "2023"
    },
    {
        "marque": "Citroën",
        "modele": "Berlingo",
        "prix": "24999",
        "kilometrage": "5",
        "boite_vitesse": "Auto.",
        "carburant": "Électrique",
        "annee": "2023"
    },
    {
        "marque": "Citroën",
        "modele": "C5 X",
        "prix": "24999",
        "kilometrage": "22175",
        "boite_vitesse": "Auto.",
        "carburant": "Hybride essence rechargeable",
        "annee": "2023"
    },
    {
        "marque": "Tesla",
        "modele": "MODEL 3",
        "prix": "24999",
        "kilometrage": "96755",
        "boite_vitesse": "Auto.",
        "carburant": "Électrique",
        "annee": "2020"
    },
    {
        "marque": "Toyota",
        "modele": "Corolla",
        "prix": "24999",
        "kilometrage": "23117",
        "boite_vitesse": "Auto.",
        "carburant": "Hybride essence",
        "annee": "2023"
    },
    {
        "marque": "Citroën",
        "modele": "Berlingo",
        "prix": "24999",
        "kilometrage": "15",
        "boite_vitesse": "Auto.",
        "carburant": "Électrique",
        "annee": "2023"
    },
    {
        "marque": "Cupra",
        "modele": "Leon",
        "prix": "24999",
        "kilometrage": "51088",
        "boite_vitesse": "Auto.",
        "carburant": "Hybride essence rechargeable",
        "annee": "2021"
    },
    {
        "marque": "MG",
        "modele": "ZS",
        "prix": "24999",
        "kilometrage": "1277",
        "boite_vitesse": "Auto.",
        "carburant": "Électrique",
        "annee": "2023"
    },
    {
        "marque": "BMW",
        "modele": "X3",
        "prix": "24999",
        "kilometrage": "44190",
        "boite_vitesse": "Auto.",
        "carburant": "Diesel",
        "annee": "2016"
    },
    {
        "marque": "Audi",
        "modele": "A1 Sportback",
        "prix": "24999",
        "kilometrage": "10800",
        "boite_vitesse": "Auto.",
        "carburant": "Essence",
        "annee": "2023"
    },
    {
        "marque": "Ford",
        "modele": "Kuga",
        "prix": "24999",
        "kilometrage": "45750",
        "boite_vitesse": "Auto.",
        "carburant": "Hybride essence",
        "annee": "2022"
    },
    {
        "marque": "Ford",
        "modele": "Kuga",
        "prix": "24999",
        "kilometrage": "58560",
        "boite_vitesse": "Auto.",
        "carburant": "Hybride essence",
        "annee": "2022"
    },
    {
        "marque": "Renault",
        "modele": "Koleos",
        "prix": "24999",
        "kilometrage": "53710",
        "boite_vitesse": "Auto.",
        "carburant": "Essence",
        "annee": "2021"
    },
    {
        "marque": "Renault",
        "modele": "Espace 5",
        "prix": "24999",
        "kilometrage": "92925",
        "boite_vitesse": "Auto.",
        "carburant": "Diesel",
        "annee": "2020"
    },
    {
        "marque": "Lexus",
        "modele": "UX",
        "prix": "24999",
        "kilometrage": "25063",
        "boite_vitesse": "Auto.",
        "carburant": "Hybride essence",
        "annee": "2021"
    },
    {
        "marque": "Lexus",
        "modele": "NX 300h",
        "prix": "24999",
        "kilometrage": "101992",
        "boite_vitesse": "Auto.",
        "carburant": "Hybride essence",
        "annee": "2019"
    },
    {
        "marque": "Fiat",
        "modele": "500 3+1",
        "prix": "24999",
        "kilometrage": "744",
        "boite_vitesse": "Auto.",
        "carburant": "Électrique",
        "annee": "2023"
    },
    {
        "marque": "Renault",
        "modele": "Arkana",
        "prix": "24999",
        "kilometrage": "17573",
        "boite_vitesse": "Auto.",
        "carburant": "Hybride essence",
        "annee": "2023"
    }
]