[
    {
        "marque": "Renault",
        "modele": "Captur",
        "prix": "13499",
        "kilometrage": "88420",
        "boite_vitesse": "Auto.",
        "carburant": "Essence",
        "annee": "2018"
    },
    {
        "marque": "Citroën",
        "modele": "C3",
        "prix": "13499",
        "kilometrage": "26803",
        "boite_vitesse": "Manuelle",
        "carburant": "Essence",
        "annee": "2022"
    },
    {
        "marque": "Citroën",
        "modele": "C3 Aircross",
        "prix": "13499",
        "kilometrage": "36760",
        "boite_vitesse": "Manuelle",
        "carburant": "Essence",
        "annee": "2021"
    },
    {
        "marque": "Citroën",
        "modele": "C3 Aircross",
        "prix": "13499",
        "kilometrage": "26715",
        "boite_vitesse": "Manuelle",
        "carburant": "Essence",
        "annee": "2021"
    },
    {
        "marque": "Dacia",
        "modele": "Sandero",
        "prix": "13499",
        "kilometrage": "54988",
        "boite_vitesse": "Auto.",
        "carburant": "Essence",
        "annee": "2018"
    },
    {
        "marque": "Fiat",
        "modele": "500",
        "prix": "13499",
        "kilometrage": "9330",
        "boite_vitesse": "Auto.",
        "carburant": "Électrique",
        "annee": "2022"
    },
    {
        "marque": "Renault",
        "modele": "Clio 4",
        "prix": "13499",
        "kilometrage": "20994",
        "boite_vitesse": "Manuelle",
        "carburant": "Essence",
        "annee": "2019"
    },
    {
        "marque": "Fiat",
        "modele": "500",
        "prix": "13499",
        "kilometrage": "9785",
        "boite_vitesse": "Auto.",
        "carburant": "Électrique",
        "annee": "2022"
    },
    {
        "marque": "Fiat",
        "modele": "500",
        "prix": "13499",
        "kilometrage": "9080",
        "boite_vitesse": "Auto.",
        "carburant": "Électrique",
        "annee": "2022"
    },
    {
        "marque": "Fiat",
        "modele": "500",
        "prix": "13499",
        "kilometrage": "9055",
        "boite_vitesse": "Auto.",
        "carburant": "Électrique",
        "annee": "2022"
    },
    {
        "marque": "Fiat",
        "modele": "500",
        "prix": "13499",
        "kilometrage": "11220",
        "boite_vitesse": "Auto.",
        "carburant": "Électrique",
        "annee": "2022"
    },
    {
        "marque": "Renault",
        "modele": "Clio 4",
        "prix": "13499",
        "kilometrage": "63500",
        "boite_vitesse": "Manuelle",
        "carburant": "Diesel",
        "annee": "2017"
    },
    {
        "marque": "Peugeot",
        "modele": "308 SW",
        "prix": "13499",
        "kilometrage": "76286",
        "boite_vitesse": "Manuelle",
        "carburant": "Diesel",
        "annee": "2019"
    },
    {
        "marque": "Peugeot",
        "modele": "308 SW",
        "prix": "13499",
        "kilometrage": "73565",
        "boite_vitesse": "Manuelle",
        "carburant": "Diesel",
        "annee": "2019"
    },
    {
        "marque": "Ford",
        "modele": "Puma",
        "prix": "13499",
        "kilometrage": "103008",
        "boite_vitesse": "Manuelle",
        "carburant": "Micro-hybride essence",
        "annee": "2021"
    },
    {
        "marque": "Renault",
        "modele": "Zoé",
        "prix": "13499",
        "kilometrage": "53268",
        "boite_vitesse": "Auto.",
        "carburant": "Électrique",
        "annee": "2020"
    },
    {
        "marque": "Hyundai",
        "modele": "i10",
        "prix": "13499",
        "kilometrage": "18293",
        "boite_vitesse": "Auto.",
        "carburant": "Essence",
        "annee": "2020"
    },
    {
        "marque": "Ford",
        "modele": "Focus",
        "prix": "13499",
        "kilometrage": "103367",
        "boite_vitesse": "Manuelle",
        "carburant": "Essence",
        "annee": "2019"
    },
    {
        "marque": "Opel",
        "modele": "Crossland X",
        "prix": "13499",
        "kilometrage": "33644",
        "boite_vitesse": "Manuelle",
        "carburant": "Essence",
        "annee": "2020"
    },
    {
        "marque": "Fiat",
        "modele": "Tipo",
        "prix": "13499",
        "kilometrage": "54071",
        "boite_vitesse": "Manuelle",
        "carburant": "Essence",
        "annee": "2021"
    },
    {
        "marque": "Citroën",
        "modele": "C4 SPACETOURER",
        "prix": "13499",
        "kilometrage": "90152",
        "boite_vitesse": "Auto.",
        "carburant": "Essence",
        "annee": "2019"
    },
    {
        "marque": "Toyota",
        "modele": "Aygo",
        "prix": "13499",
        "kilometrage": "22000",
        "boite_vitesse": "Manuelle",
        "carburant": "Essence",
        "annee": "2021"
    },
    {
        "marque": "Opel",
        "modele": "Astra",
        "prix": "13499",
        "kilometrage": "70751",
        "boite_vitesse": "Manuelle",
        "carburant": "Diesel",
        "annee": "2020"
    }
]