[
    {
        "marque": "Nissan",
        "modele": "Leaf",
        "prix": "13499",
        "kilometrage": "65770",
        "boite_vitesse": "Auto.",
        "carburant": "Électrique",
        "annee": "2020"
    },
    {
        "marque": "Peugeot",
        "modele": "208",
        "prix": "13599",
        "kilometrage": "39031",
        "boite_vitesse": "Manuelle",
        "carburant": "Essence",
        "annee": "2021"
    },
    {
        "marque": "Peugeot",
        "modele": "208",
        "prix": "13599",
        "kilometrage": "44498",
        "boite_vitesse": "Manuelle",
        "carburant": "Essence",
        "annee": "2021"
    },
    {
        "marque": "Citroën",
        "modele": "C3 Aircross",
        "prix": "13599",
        "kilometrage": "29994",
        "boite_vitesse": "Manuelle",
        "carburant": "Essence",
        "annee": "2022"
    },
    {
        "marque": "Opel",
        "modele": "Astra Sports Tourer",
        "prix": "13599",
        "kilometrage": "42696",
        "boite_vitesse": "Manuelle",
        "carburant": "Essence",
        "annee": "2021"
    },
    {
        "marque": "Seat",
        "modele": "Ibiza",
        "prix": "13599",
        "kilometrage": "57957",
        "boite_vitesse": "Manuelle",
        "carburant": "Essence",
        "annee": "2018"
    },
    {
        "marque": "Renault",
        "modele": "Clio 5",
        "prix": "13699",
        "kilometrage": "27976",
        "boite_vitesse": "Manuelle",
        "carburant": "Essence",
        "annee": "2021"
    },
    {
        "marque": "Nissan",
        "modele": "Qashqai",
        "prix": "13699",
        "kilometrage": "89402",
        "boite_vitesse": "Auto.",
        "carburant": "Essence",
        "annee": "2016"
    },
    {
        "marque": "Ford",
        "modele": "Focus",
        "prix": "13699",
        "kilometrage": "90463",
        "boite_vitesse": "Manuelle",
        "carburant": "Hybride essence",
        "annee": "2021"
    },
    {
        "marque": "Renault",
        "modele": "Clio",
        "prix": "13699",
        "kilometrage": "40894",
        "boite_vitesse": "Manuelle",
        "carburant": "GPL",
        "annee": "2022"
    },
    {
        "marque": "Nissan",
        "modele": "Qashqai",
        "prix": "13799",
        "kilometrage": "84217",
        "boite_vitesse": "Manuelle",
        "carburant": "Essence",
        "annee": "2017"
    },
    {
        "marque": "Citroën",
        "modele": "C3 Aircross",
        "prix": "13799",
        "kilometrage": "51565",
        "boite_vitesse": "Manuelle",
        "carburant": "Essence",
        "annee": "2022"
    },
    {
        "marque": "Renault",
        "modele": "Mégane 4",
        "prix": "13799",
        "kilometrage": "97653",
        "boite_vitesse": "Manuelle",
        "carburant": "Diesel",
        "annee": "2019"
    },
    {
        "marque": "Opel",
        "modele": "Crossland X",
        "prix": "13799",
        "kilometrage": "84275",
        "boite_vitesse": "Auto.",
        "carburant": "Diesel",
        "annee": "2020"
    },
    {
        "marque": "Opel",
        "modele": "Crossland X",
        "prix": "13799",
        "kilometrage": "59031",
        "boite_vitesse": "Auto.",
        "carburant": "Essence",
        "annee": "2020"
    },
    {
        "marque": "Ford",
        "modele": "Focus",
        "prix": "13799",
        "kilometrage": "125633",
        "boite_vitesse": "Manuelle",
        "carburant": "Essence",
        "annee": "2020"
    },
    {
        "marque": "Peugeot",
        "modele": "208",
        "prix": "13799",
        "kilometrage": "40175",
        "boite_vitesse": "Manuelle",
        "carburant": "Essence",
        "annee": "2022"
    },
    {
        "marque": "Renault",
        "modele": "Clio 5",
        "prix": "13899",
        "kilometrage": "19628",
        "boite_vitesse": "Manuelle",
        "carburant": "Essence",
        "annee": "2021"
    },
    {
        "marque": "Peugeot",
        "modele": "3008",
        "prix": "13899",
        "kilometrage": "104764",
        "boite_vitesse": "Auto.",
        "carburant": "Essence",
        "annee": "2019"
    },
    {
        "marque": "Peugeot",
        "modele": "2008",
        "prix": "13999",
        "kilometrage": "23958",
        "boite_vitesse": "Auto.",
        "carburant": "Essence",
        "annee": "2019"
    },
    {
        "marque": "Renault",
        "modele": "Clio 5",
        "prix": "13999",
        "kilometrage": "54759",
        "boite_vitesse": "Manuelle",
        "carburant": "Diesel",
        "annee": "2019"
    },
    {
        "marque": "Peugeot",
        "modele": "208",
        "prix": "13999",
        "kilometrage": "22665",
        "boite_vitesse": "Manuelle",
        "carburant": "Essence",
        "annee": "2020"
    },
    {
        "marque": "Peugeot",
        "modele": "2008",
        "prix": "13999",
        "kilometrage": "37350",
        "boite_vitesse": "Manuelle",
        "carburant": "Essence",
        "annee": "2019"
    }
]