[
    {
        "marque": "Opel",
        "modele": "Crossland X",
        "prix": "10999",
        "kilometrage": "122780",
        "boite_vitesse": "Manuelle",
        "carburant": "Diesel",
        "annee": "2018"
    },
    {
        "marque": "Citroën",
        "modele": "C4 Picasso",
        "prix": "10999",
        "kilometrage": "127915",
        "boite_vitesse": "Manuelle",
        "carburant": "Diesel",
        "annee": "2017"
    },
    {
        "marque": "DS",
        "modele": "DS3",
        "prix": "10999",
        "kilometrage": "100430",
        "boite_vitesse": "Auto.",
        "carburant": "Essence",
        "annee": "2018"
    },
    {
        "marque": "Citroën",
        "modele": "C4 Picasso",
        "prix": "10999",
        "kilometrage": "91080",
        "boite_vitesse": "Manuelle",
        "carburant": "Essence",
        "annee": "2018"
    },
    {
        "marque": "Citroën",
        "modele": "C4 Picasso",
        "prix": "10999",
        "kilometrage": "95450",
        "boite_vitesse": "Manuelle",
        "carburant": "Essence",
        "annee": "2017"
    },
    {
        "marque": "Toyota",
        "modele": "Aygo",
        "prix": "10999",
        "kilometrage": "35985",
        "boite_vitesse": "Manuelle",
        "carburant": "Essence",
        "annee": "2020"
    },
    {
        "marque": "Fiat",
        "modele": "Tipo SW",
        "prix": "10999",
        "kilometrage": "87289",
        "boite_vitesse": "Manuelle",
        "carburant": "Diesel",
        "annee": "2018"
    },
    {
        "marque": "Opel",
        "modele": "Astra",
        "prix": "10999",
        "kilometrage": "121060",
        "boite_vitesse": "Manuelle",
        "carburant": "Diesel",
        "annee": "2019"
    },
    {
        "marque": "BMW",
        "modele": "I3",
        "prix": "10999",
        "kilometrage": "71935",
        "boite_vitesse": "Auto.",
        "carburant": "Électrique",
        "annee": "2016"
    },
    {
        "marque": "Fiat",
        "modele": "500 L",
        "prix": "10999",
        "kilometrage": "79728",
        "boite_vitesse": "Manuelle",
        "carburant": "Diesel",
        "annee": "2015"
    },
    {
        "marque": "Peugeot",
        "modele": "2008",
        "prix": "10999",
        "kilometrage": "62302",
        "boite_vitesse": "Auto.",
        "carburant": "Essence",
        "annee": "2017"
    },
    {
        "marque": "Citroën",
        "modele": "C3",
        "prix": "10999",
        "kilometrage": "28189",
        "boite_vitesse": "Manuelle",
        "carburant": "Essence",
        "annee": "2022"
    },
    {
        "marque": "Citroën",
        "modele": "C3",
        "prix": "10999",
        "kilometrage": "12584",
        "boite_vitesse": "Manuelle",
        "carburant": "Essence",
        "annee": "2021"
    },
    {
        "marque": "Citroën",
        "modele": "C4 Cactus",
        "prix": "10999",
        "kilometrage": "80070",
        "boite_vitesse": "Auto.",
        "carburant": "Essence",
        "annee": "2017"
    },
    {
        "marque": "Citroën",
        "modele": "C3",
        "prix": "11199",
        "kilometrage": "32829",
        "boite_vitesse": "Manuelle",
        "carburant": "Essence",
        "annee": "2019"
    },
    {
        "marque": "Renault",
        "modele": "Captur",
        "prix": "11299",
        "kilometrage": "72335",
        "boite_vitesse": "Manuelle",
        "carburant": "Essence",
        "annee": "2017"
    },
    {
        "marque": "Citroën",
        "modele": "C3",
        "prix": "11299",
        "kilometrage": "59235",
        "boite_vitesse": "Manuelle",
        "carburant": "Essence",
        "annee": "2021"
    },
    {
        "marque": "Peugeot",
        "modele": "308",
        "prix": "11299",
        "kilometrage": "67445",
        "boite_vitesse": "Manuelle",
        "carburant": "Essence",
        "annee": "2020"
    },
    {
        "marque": "Citroën",
        "modele": "C3",
        "prix": "11299",
        "kilometrage": "41137",
        "boite_vitesse": "Manuelle",
        "carburant": "Essence",
        "annee": "2021"
    },
    {
        "marque": "Citroën",
        "modele": "C3",
        "prix": "11299",
        "kilometrage": "30430",
        "boite_vitesse": "Manuelle",
        "carburant": "Essence",
        "annee": "2021"
    },
    {
        "marque": "Peugeot",
        "modele": "308",
        "prix": "11299",
        "kilometrage": "64487",
        "boite_vitesse": "Manuelle",
        "carburant": "Essence",
        "annee": "2019"
    },
    {
        "marque": "Peugeot",
        "modele": "308",
        "prix": "11299",
        "kilometrage": "71517",
        "boite_vitesse": "Manuelle",
        "carburant": "Essence",
        "annee": "2020"
    },
    {
        "marque": "Dacia",
        "modele": "SPRING",
        "prix": "11299",
        "kilometrage": "16655",
        "boite_vitesse": "Auto.",
        "carburant": "Électrique",
        "annee": "2023"
    }
]