[
    {
        "marque": "Peugeot",
        "modele": "3008",
        "prix": "16999",
        "kilometrage": "44209",
        "boite_vitesse": "Manuelle",
        "carburant": "Essence",
        "annee": "2019"
    },
    {
        "marque": "Citroën",
        "modele": "C3",
        "prix": "16999",
        "kilometrage": "15829",
        "boite_vitesse": "Manuelle",
        "carburant": "Diesel",
        "annee": "2023"
    },
    {
        "marque": "Citroën",
        "modele": "C3",
        "prix": "16999",
        "kilometrage": "10951",
        "boite_vitesse": "Auto.",
        "carburant": "Essence",
        "annee": "2024"
    },
    {
        "marque": "Citroën",
        "modele": "C3",
        "prix": "16999",
        "kilometrage": "13612",
        "boite_vitesse": "Auto.",
        "carburant": "Essence",
        "annee": "2024"
    },
    {
        "marque": "Citroën",
        "modele": "C3",
        "prix": "16999",
        "kilometrage": "10042",
        "boite_vitesse": "Auto.",
        "carburant": "Essence",
        "annee": "2024"
    },
    {
        "marque": "Citroën",
        "modele": "C3",
        "prix": "16999",
        "kilometrage": "11533",
        "boite_vitesse": "Auto.",
        "carburant": "Essence",
        "annee": "2024"
    },
    {
        "marque": "Citroën",
        "modele": "C3",
        "prix": "16999",
        "kilometrage": "22780",
        "boite_vitesse": "Auto.",
        "carburant": "Essence",
        "annee": "2021"
    },
    {
        "marque": "Renault",
        "modele": "Captur",
        "prix": "16999",
        "kilometrage": "76162",
        "boite_vitesse": "Auto.",
        "carburant": "Diesel",
        "annee": "2020"
    },
    {
        "marque": "Dacia",
        "modele": "Sandero",
        "prix": "16999",
        "kilometrage": "34815",
        "boite_vitesse": "Auto.",
        "carburant": "Essence",
        "annee": "2022"
    },
    {
        "marque": "Peugeot",
        "modele": "308",
        "prix": "16999",
        "kilometrage": "62214",
        "boite_vitesse": "Auto.",
        "carburant": "Diesel",
        "annee": "2020"
    },
    {
        "marque": "Citroën",
        "modele": "C5 Aircross",
        "prix": "16999",
        "kilometrage": "112934",
        "boite_vitesse": "Auto.",
        "carburant": "Diesel",
        "annee": "2020"
    },
    {
        "marque": "Renault",
        "modele": "Arkana",
        "prix": "16999",
        "kilometrage": "127340",
        "boite_vitesse": "Auto.",
        "carburant": "Hybride essence",
        "annee": "2021"
    },
    {
        "marque": "Citroën",
        "modele": "C5 Aircross",
        "prix": "16999",
        "kilometrage": "89571",
        "boite_vitesse": "Manuelle",
        "carburant": "Diesel",
        "annee": "2019"
    },
    {
        "marque": "Citroën",
        "modele": "C5 Aircross",
        "prix": "16999",
        "kilometrage": "122352",
        "boite_vitesse": "Auto.",
        "carburant": "Diesel",
        "annee": "2021"
    },
    {
        "marque": "Citroën",
        "modele": "C5 Aircross",
        "prix": "16999",
        "kilometrage": "120315",
        "boite_vitesse": "Auto.",
        "carburant": "Diesel",
        "annee": "2021"
    },
    {
        "marque": "Citroën",
        "modele": "C5 Aircross",
        "prix": "16999",
        "kilometrage": "105030",
        "boite_vitesse": "Manuelle",
        "carburant": "Diesel",
        "annee": "2021"
    },
    {
        "marque": "Citroën",
        "modele": "C4",
        "prix": "16999",
        "kilometrage": "37973",
        "boite_vitesse": "Manuelle",
        "carburant": "Essence",
        "annee": "2021"
    },
    {
        "marque": "Renault",
        "modele": "Kadjar",
        "prix": "16999",
        "kilometrage": "59850",
        "boite_vitesse": "Manuelle",
        "carburant": "Diesel",
        "annee": "2019"
    },
    {
        "marque": "BMW",
        "modele": "Série 1",
        "prix": "16999",
        "kilometrage": "114519",
        "boite_vitesse": "Manuelle",
        "carburant": "Diesel",
        "annee": "2019"
    },
    {
        "marque": "Nissan",
        "modele": "Juke",
        "prix": "16999",
        "kilometrage": "46132",
        "boite_vitesse": "Manuelle",
        "carburant": "Essence",
        "annee": "2022"
    },
    {
        "marque": "DS",
        "modele": "DS7 CROSSBACK",
        "prix": "16999",
        "kilometrage": "136790",
        "boite_vitesse": "Manuelle",
        "carburant": "Diesel",
        "annee": "2018"
    },
    {
        "marque": "Peugeot",
        "modele": "508",
        "prix": "16999",
        "kilometrage": "59361",
        "boite_vitesse": "Auto.",
        "carburant": "Diesel",
        "annee": "2019"
    },
    {
        "marque": "Audi",
        "modele": "Q2",
        "prix": "16999",
        "kilometrage": "129565",
        "boite_vitesse": "Auto.",
        "carburant": "Essence",
        "annee": "2019"
    }
]