[
    {
        "marque": "Jeep",
        "modele": "Renegade",
        "prix": "14999",
        "kilometrage": "79127",
        "boite_vitesse": "Manuelle",
        "carburant": "Essence",
        "annee": "2018"
    },
    {
        "marque": "Fiat",
        "modele": "Tipo",
        "prix": "14999",
        "kilometrage": "49577",
        "boite_vitesse": "Auto.",
        "carburant": "Diesel",
        "annee": "2018"
    },
    {
        "marque": "Skoda",
        "modele": "KAMIQ",
        "prix": "14999",
        "kilometrage": "74840",
        "boite_vitesse": "Manuelle",
        "carburant": "Essence",
        "annee": "2019"
    },
    {
        "marque": "Skoda",
        "modele": "Fabia",
        "prix": "14999",
        "kilometrage": "67155",
        "boite_vitesse": "Auto.",
        "carburant": "Essence",
        "annee": "2018"
    },
    {
        "marque": "Ford",
        "modele": "Ecosport",
        "prix": "14999",
        "kilometrage": "44910",
        "boite_vitesse": "Auto.",
        "carburant": "Essence",
        "annee": "2018"
    },
    {
        "marque": "Nissan",
        "modele": "Pulsar",
        "prix": "14999",
        "kilometrage": "33465",
        "boite_vitesse": "Auto.",
        "carburant": "Essence",
        "annee": "2018"
    },
    {
        "marque": "Renault",
        "modele": "Mégane",
        "prix": "14999",
        "kilometrage": "74382",
        "boite_vitesse": "Auto.",
        "carburant": "Diesel",
        "annee": "2020"
    },
    {
        "marque": "Nissan",
        "modele": "Leaf",
        "prix": "14999",
        "kilometrage": "21910",
        "boite_vitesse": "Auto.",
        "carburant": "Électrique",
        "annee": "2021"
    },
    {
        "marque": "Renault",
        "modele": "Clio",
        "prix": "14999",
        "kilometrage": "16535",
        "boite_vitesse": "Manuelle",
        "carburant": "Essence",
        "annee": "2023"
    },
    {
        "marque": "Peugeot",
        "modele": "208",
        "prix": "14999",
        "kilometrage": "40846",
        "boite_vitesse": "Auto.",
        "carburant": "Électrique",
        "annee": "2020"
    },
    {
        "marque": "Peugeot",
        "modele": "2008",
        "prix": "14999",
        "kilometrage": "71970",
        "boite_vitesse": "Manuelle",
        "carburant": "Essence",
        "annee": "2019"
    },
    {
        "marque": "Citroën",
        "modele": "C3",
        "prix": "14999",
        "kilometrage": "45010",
        "boite_vitesse": "Auto.",
        "carburant": "Essence",
        "annee": "2022"
    },
    {
        "marque": "Fiat",
        "modele": "500",
        "prix": "14999",
        "kilometrage": "11465",
        "boite_vitesse": "Auto.",
        "carburant": "Essence",
        "annee": "2021"
    },
    {
        "marque": "Renault",
        "modele": "Mégane 4",
        "prix": "14999",
        "kilometrage": "70245",
        "boite_vitesse": "Manuelle",
        "carburant": "Essence",
        "annee": "2018"
    },
    {
        "marque": "Nissan",
        "modele": "Leaf",
        "prix": "14999",
        "kilometrage": "28190",
        "boite_vitesse": "Auto.",
        "carburant": "Électrique",
        "annee": "2020"
    },
    {
        "marque": "Opel",
        "modele": "Crossland",
        "prix": "15099",
        "kilometrage": "25986",
        "boite_vitesse": "Manuelle",
        "carburant": "Essence",
        "annee": "2022"
    },
    {
        "marque": "Ford",
        "modele": "Focus",
        "prix": "15099",
        "kilometrage": "63934",
        "boite_vitesse": "Manuelle",
        "carburant": "Diesel",
        "annee": "2019"
    },
    {
        "marque": "Renault",
        "modele": "Clio 5",
        "prix": "15199",
        "kilometrage": "27743",
        "boite_vitesse": "Manuelle",
        "carburant": "Essence",
        "annee": "2022"
    },
    {
        "marque": "Citroën",
        "modele": "C3",
        "prix": "15199",
        "kilometrage": "20641",
        "boite_vitesse": "Manuelle",
        "carburant": "Essence",
        "annee": "2023"
    },
    {
        "marque": "Opel",
        "modele": "Corsa",
        "prix": "15199",
        "kilometrage": "15876",
        "boite_vitesse": "Manuelle",
        "carburant": "Essence",
        "annee": "2023"
    },
    {
        "marque": "Renault",
        "modele": "Mégane 4",
        "prix": "15199",
        "kilometrage": "71268",
        "boite_vitesse": "Auto.",
        "carburant": "Essence",
        "annee": "2019"
    },
    {
        "marque": "Citroën",
        "modele": "GRAND C4 SPACETOURER",
        "prix": "15199",
        "kilometrage": "97575",
        "boite_vitesse": "Auto.",
        "carburant": "Essence",
        "annee": "2019"
    },
    {
        "marque": "Renault",
        "modele": "Clio",
        "prix": "15199",
        "kilometrage": "42781",
        "boite_vitesse": "Manuelle",
        "carburant": "Essence",
        "annee": "2021"
    }
]