[
    {
        "marque": "DS",
        "modele": "DS3",
        "prix": "9799",
        "kilometrage": "69890",
        "boite_vitesse": "Manuelle",
        "carburant": "Essence",
        "annee": "2018"
    },
    {
        "marque": "Peugeot",
        "modele": "2008",
        "prix": "9999",
        "kilometrage": "47024",
        "boite_vitesse": "Manuelle",
        "carburant": "Essence",
        "annee": "2015"
    },
    {
        "marque": "Peugeot",
        "modele": "2008",
        "prix": "9999",
        "kilometrage": "50760",
        "boite_vitesse": "Manuelle",
        "carburant": "Essence",
        "annee": "2018"
    },
    {
        "marque": "Citroën",
        "modele": "C4",
        "prix": "9999",
        "kilometrage": "104775",
        "boite_vitesse": "Auto.",
        "carburant": "Essence",
        "annee": "2017"
    },
    {
        "marque": "Peugeot",
        "modele": "2008",
        "prix": "9999",
        "kilometrage": "78710",
        "boite_vitesse": "Manuelle",
        "carburant": "Essence",
        "annee": "2016"
    },
    {
        "marque": "Peugeot",
        "modele": "2008",
        "prix": "9999",
        "kilometrage": "92390",
        "boite_vitesse": "Manuelle",
        "carburant": "Essence",
        "annee": "2016"
    },
    {
        "marque": "Citroën",
        "modele": "C3",
        "prix": "9999",
        "kilometrage": "98646",
        "boite_vitesse": "Auto.",
        "carburant": "Essence",
        "annee": "2017"
    },
    {
        "marque": "Peugeot",
        "modele": "208",
        "prix": "9999",
        "kilometrage": "45120",
        "boite_vitesse": "Manuelle",
        "carburant": "Essence",
        "annee": "2018"
    },
    {
        "marque": "Peugeot",
        "modele": "208",
        "prix": "9999",
        "kilometrage": "58315",
        "boite_vitesse": "Manuelle",
        "carburant": "Essence",
        "annee": "2019"
    },
    {
        "marque": "Peugeot",
        "modele": "2008",
        "prix": "9999",
        "kilometrage": "74399",
        "boite_vitesse": "Manuelle",
        "carburant": "Essence",
        "annee": "2016"
    },
    {
        "marque": "Peugeot",
        "modele": "208",
        "prix": "9999",
        "kilometrage": "64685",
        "boite_vitesse": "Manuelle",
        "carburant": "Essence",
        "annee": "2019"
    },
    {
        "marque": "Peugeot",
        "modele": "2008",
        "prix": "9999",
        "kilometrage": "104697",
        "boite_vitesse": "Manuelle",
        "carburant": "Essence",
        "annee": "2018"
    },
    {
        "marque": "Peugeot",
        "modele": "208",
        "prix": "9999",
        "kilometrage": "54335",
        "boite_vitesse": "Manuelle",
        "carburant": "Essence",
        "annee": "2019"
    },
    {
        "marque": "Peugeot",
        "modele": "208",
        "prix": "9999",
        "kilometrage": "67262",
        "boite_vitesse": "Manuelle",
        "carburant": "Essence",
        "annee": "2018"
    },
    {
        "marque": "Peugeot",
        "modele": "308",
        "prix": "9999",
        "kilometrage": "109880",
        "boite_vitesse": "Manuelle",
        "carburant": "Essence",
        "annee": "2016"
    },
    {
        "marque": "Citroën",
        "modele": "C3",
        "prix": "9999",
        "kilometrage": "44150",
        "boite_vitesse": "Manuelle",
        "carburant": "Essence",
        "annee": "2018"
    },
    {
        "marque": "Peugeot",
        "modele": "308",
        "prix": "9999",
        "kilometrage": "79964",
        "boite_vitesse": "Manuelle",
        "carburant": "Essence",
        "annee": "2018"
    },
    {
        "marque": "Renault",
        "modele": "Twingo 3",
        "prix": "9999",
        "kilometrage": "14435",
        "boite_vitesse": "Manuelle",
        "carburant": "Essence",
        "annee": "2020"
    },
    {
        "marque": "Citroën",
        "modele": "C3 Aircross",
        "prix": "9999",
        "kilometrage": "127786",
        "boite_vitesse": "Manuelle",
        "carburant": "Essence",
        "annee": "2018"
    },
    {
        "marque": "Peugeot",
        "modele": "308 SW",
        "prix": "9999",
        "kilometrage": "131335",
        "boite_vitesse": "Manuelle",
        "carburant": "Diesel",
        "annee": "2016"
    },
    {
        "marque": "Peugeot",
        "modele": "308 SW",
        "prix": "9999",
        "kilometrage": "122451",
        "boite_vitesse": "Manuelle",
        "carburant": "Essence",
        "annee": "2017"
    },
    {
        "marque": "Citroën",
        "modele": "C4 Cactus",
        "prix": "9999",
        "kilometrage": "93693",
        "boite_vitesse": "Auto.",
        "carburant": "Essence",
        "annee": "2017"
    },
    {
        "marque": "Citroën",
        "modele": "C4 SPACETOURER",
        "prix": "9999",
        "kilometrage": "85949",
        "boite_vitesse": "Manuelle",
        "carburant": "Essence",
        "annee": "2018"
    }
]