[
    {
        "marque": "Mitsubishi",
        "modele": "Outlander",
        "prix": "21499",
        "kilometrage": "71808",
        "boite_vitesse": "Auto.",
        "carburant": "Éthanol E85",
        "annee": "2020"
    },
    {
        "marque": "Hyundai",
        "modele": "i30",
        "prix": "21499",
        "kilometrage": "12121",
        "boite_vitesse": "Manuelle",
        "carburant": "Micro-hybride essence",
        "annee": "2024"
    },
    {
        "marque": "Honda",
        "modele": "CR-V",
        "prix": "21499",
        "kilometrage": "95598",
        "boite_vitesse": "Auto.",
        "carburant": "Hybride essence",
        "annee": "2019"
    },
    {
        "marque": "Volkswagen",
        "modele": "Arteon",
        "prix": "21499",
        "kilometrage": "129205",
        "boite_vitesse": "Auto.",
        "carburant": "Diesel",
        "annee": "2018"
    },
    {
        "marque": "Peugeot",
        "modele": "2008",
        "prix": "21499",
        "kilometrage": "26660",
        "boite_vitesse": "Auto.",
        "carburant": "Essence",
        "annee": "2023"
    },
    {
        "marque": "Peugeot",
        "modele": "2008",
        "prix": "21499",
        "kilometrage": "23263",
        "boite_vitesse": "Auto.",
        "carburant": "Essence",
        "annee": "2023"
    },
    {
        "marque": "Peugeot",
        "modele": "2008",
        "prix": "21499",
        "kilometrage": "24945",
        "boite_vitesse": "Auto.",
        "carburant": "Essence",
        "annee": "2023"
    },
    {
        "marque": "Toyota",
        "modele": "C-HR",
        "prix": "21499",
        "kilometrage": "33835",
        "boite_vitesse": "Auto.",
        "carburant": "Hybride essence",
        "annee": "2020"
    },
    {
        "marque": "Renault",
        "modele": "Zoé",
        "prix": "21499",
        "kilometrage": "9655",
        "boite_vitesse": "Auto.",
        "carburant": "Électrique",
        "annee": "2023"
    },
    {
        "marque": "Mini",
        "modele": "Mini",
        "prix": "21499",
        "kilometrage": "24841",
        "boite_vitesse": "Auto.",
        "carburant": "Électrique",
        "annee": "2022"
    },
    {
        "marque": "Jaguar",
        "modele": "E-Pace",
        "prix": "21499",
        "kilometrage": "71443",
        "boite_vitesse": "Auto.",
        "carburant": "Diesel",
        "annee": "2019"
    },
    {
        "marque": "Volkswagen",
        "modele": "Golf 8 SW",
        "prix": "21499",
        "kilometrage": "85148",
        "boite_vitesse": "Auto.",
        "carburant": "Diesel",
        "annee": "2021"
    },
    {
        "marque": "Renault",
        "modele": "Clio 5",
        "prix": "25450",
        "kilometrage": "0",
        "boite_vitesse": "Auto.",
        "carburant": "Essence",
        "annee": "2024"
    },
    {
        "marque": "Peugeot",
        "modele": "2008",
        "prix": "30220",
        "kilometrage": "0",
        "boite_vitesse": "Manuelle",
        "carburant": "Essence",
        "annee": "2024"
    },
    {
        "marque": "Dacia",
        "modele": "JOGGER",
        "prix": "23400",
        "kilometrage": "10",
        "boite_vitesse": "Manuelle",
        "carburant": "Essence",
        "annee": "2024"
    },
    {
        "marque": "Citroën",
        "modele": "C5 Aircross",
        "prix": "21599",
        "kilometrage": "44670",
        "boite_vitesse": "Manuelle",
        "carburant": "Diesel",
        "annee": "2022"
    },
    {
        "marque": "Renault",
        "modele": "Arkana",
        "prix": "21599",
        "kilometrage": "23122",
        "boite_vitesse": "Auto.",
        "carburant": "Essence",
        "annee": "2022"
    },
    {
        "marque": "Renault",
        "modele": "Arkana",
        "prix": "21599",
        "kilometrage": "24714",
        "boite_vitesse": "Auto.",
        "carburant": "Essence",
        "annee": "2022"
    },
    {
        "marque": "BMW",
        "modele": "X1",
        "prix": "21599",
        "kilometrage": "100189",
        "boite_vitesse": "Auto.",
        "carburant": "Diesel",
        "annee": "2020"
    },
    {
        "marque": "Peugeot",
        "modele": "2008",
        "prix": "21629",
        "kilometrage": "723",
        "boite_vitesse": "Manuelle",
        "carburant": "Essence",
        "annee": "2024"
    },
    {
        "marque": "Peugeot",
        "modele": "2008",
        "prix": "30400",
        "kilometrage": "0",
        "boite_vitesse": "Manuelle",
        "carburant": "Essence",
        "annee": "2024"
    },
    {
        "marque": "Peugeot",
        "modele": "3008",
        "prix": "21699",
        "kilometrage": "55110",
        "boite_vitesse": "Auto.",
        "carburant": "Hybride essence rechargeable",
        "annee": "2020"
    },
    {
        "marque": "Peugeot",
        "modele": "3008",
        "prix": "21699",
        "kilometrage": "101701",
        "boite_vitesse": "Auto.",
        "carburant": "Diesel",
        "annee": "2021"
    }
]