[
    {
        "marque": "Peugeot",
        "modele": "2008",
        "prix": "18599",
        "kilometrage": "15230",
        "boite_vitesse": "Manuelle",
        "carburant": "Essence",
        "annee": "2023"
    },
    {
        "marque": "Renault",
        "modele": "Clio 5",
        "prix": "18599",
        "kilometrage": "10176",
        "boite_vitesse": "Auto.",
        "carburant": "Hybride essence",
        "annee": "2021"
    },
    {
        "marque": "Nissan",
        "modele": "Qashqai",
        "prix": "18599",
        "kilometrage": "77050",
        "boite_vitesse": "Auto.",
        "carburant": "Diesel",
        "annee": "2020"
    },
    {
        "marque": "DS",
        "modele": "DS7 Crossback",
        "prix": "18599",
        "kilometrage": "79262",
        "boite_vitesse": "Manuelle",
        "carburant": "Essence",
        "annee": "2019"
    },
    {
        "marque": "Ford",
        "modele": "Focus",
        "prix": "18599",
        "kilometrage": "26834",
        "boite_vitesse": "Manuelle",
        "carburant": "Micro-hybride essence",
        "annee": "2021"
    },
    {
        "marque": "Volkswagen",
        "modele": "Passat SW",
        "prix": "18599",
        "kilometrage": "121035",
        "boite_vitesse": "Auto.",
        "carburant": "Diesel",
        "annee": "2021"
    },
    {
        "marque": "Renault",
        "modele": "Clio 5",
        "prix": "22200",
        "kilometrage": "0",
        "boite_vitesse": "Manuelle",
        "carburant": "Essence",
        "annee": "2024"
    },
    {
        "marque": "Peugeot",
        "modele": "3008",
        "prix": "18699",
        "kilometrage": "98404",
        "boite_vitesse": "Auto.",
        "carburant": "Diesel",
        "annee": "2018"
    },
    {
        "marque": "Peugeot",
        "modele": "3008",
        "prix": "18699",
        "kilometrage": "85840",
        "boite_vitesse": "Auto.",
        "carburant": "Diesel",
        "annee": "2018"
    },
    {
        "marque": "Citroën",
        "modele": "C5 Aircross",
        "prix": "18699",
        "kilometrage": "66024",
        "boite_vitesse": "Auto.",
        "carburant": "Diesel",
        "annee": "2020"
    },
    {
        "marque": "Citroën",
        "modele": "C3 Aircross",
        "prix": "18699",
        "kilometrage": "15430",
        "boite_vitesse": "Manuelle",
        "carburant": "Essence",
        "annee": "2023"
    },
    {
        "marque": "Citroën",
        "modele": "C3 Aircross",
        "prix": "18699",
        "kilometrage": "21691",
        "boite_vitesse": "Manuelle",
        "carburant": "Essence",
        "annee": "2023"
    },
    {
        "marque": "Citroën",
        "modele": "C3 Aircross",
        "prix": "18699",
        "kilometrage": "21249",
        "boite_vitesse": "Manuelle",
        "carburant": "Essence",
        "annee": "2023"
    },
    {
        "marque": "Suzuki",
        "modele": "S-CROSS",
        "prix": "18699",
        "kilometrage": "32815",
        "boite_vitesse": "Auto.",
        "carburant": "Micro-hybride essence",
        "annee": "2021"
    },
    {
        "marque": "Audi",
        "modele": "A3 Sportback",
        "prix": "18699",
        "kilometrage": "46337",
        "boite_vitesse": "Manuelle",
        "carburant": "Essence",
        "annee": "2019"
    },
    {
        "marque": "Toyota",
        "modele": "Corolla",
        "prix": "18699",
        "kilometrage": "65810",
        "boite_vitesse": "Auto.",
        "carburant": "Hybride essence",
        "annee": "2021"
    },
    {
        "marque": "Mini",
        "modele": "Mini",
        "prix": "18699",
        "kilometrage": "33697",
        "boite_vitesse": "Auto.",
        "carburant": "Électrique",
        "annee": "2021"
    },
    {
        "marque": "Peugeot",
        "modele": "508",
        "prix": "18699",
        "kilometrage": "112312",
        "boite_vitesse": "Auto.",
        "carburant": "Diesel",
        "annee": "2020"
    },
    {
        "marque": "Peugeot",
        "modele": "3008",
        "prix": "18699",
        "kilometrage": "83050",
        "boite_vitesse": "Auto.",
        "carburant": "Diesel",
        "annee": "2019"
    },
    {
        "marque": "Peugeot",
        "modele": "208",
        "prix": "23970",
        "kilometrage": "10",
        "boite_vitesse": "Manuelle",
        "carburant": "Essence",
        "annee": "2024"
    },
    {
        "marque": "Peugeot",
        "modele": "2008",
        "prix": "18799",
        "kilometrage": "81147",
        "boite_vitesse": "Auto.",
        "carburant": "Diesel",
        "annee": "2021"
    },
    {
        "marque": "Peugeot",
        "modele": "2008",
        "prix": "18799",
        "kilometrage": "57215",
        "boite_vitesse": "Auto.",
        "carburant": "Essence",
        "annee": "2021"
    },
    {
        "marque": "Peugeot",
        "modele": "2008",
        "prix": "18799",
        "kilometrage": "25520",
        "boite_vitesse": "Manuelle",
        "carburant": "Essence",
        "annee": "2023"
    }
]