[
    {
        "marque": "Citroën",
        "modele": "C5 Aircross",
        "prix": "21999",
        "kilometrage": "60185",
        "boite_vitesse": "Auto.",
        "carburant": "Hybride essence rechargeable",
        "annee": "2021"
    },
    {
        "marque": "Peugeot",
        "modele": "308",
        "prix": "21999",
        "kilometrage": "38647",
        "boite_vitesse": "Auto.",
        "carburant": "Essence",
        "annee": "2022"
    },
    {
        "marque": "Peugeot",
        "modele": "5008",
        "prix": "21999",
        "kilometrage": "69312",
        "boite_vitesse": "Manuelle",
        "carburant": "Diesel",
        "annee": "2020"
    },
    {
        "marque": "Citroën",
        "modele": "C4",
        "prix": "21999",
        "kilometrage": "10255",
        "boite_vitesse": "Auto.",
        "carburant": "Essence",
        "annee": "2023"
    },
    {
        "marque": "Citroën",
        "modele": "C5 Aircross",
        "prix": "21999",
        "kilometrage": "72850",
        "boite_vitesse": "Auto.",
        "carburant": "Diesel",
        "annee": "2021"
    },
    {
        "marque": "Renault",
        "modele": "Arkana",
        "prix": "21999",
        "kilometrage": "36285",
        "boite_vitesse": "Auto.",
        "carburant": "Hybride essence",
        "annee": "2023"
    },
    {
        "marque": "Renault",
        "modele": "Arkana",
        "prix": "21999",
        "kilometrage": "42001",
        "boite_vitesse": "Auto.",
        "carburant": "Hybride essence",
        "annee": "2022"
    },
    {
        "marque": "Volkswagen",
        "modele": "Golf 8",
        "prix": "21999",
        "kilometrage": "4060",
        "boite_vitesse": "Manuelle",
        "carburant": "Essence",
        "annee": "2022"
    },
    {
        "marque": "Volkswagen",
        "modele": "Tiguan",
        "prix": "21999",
        "kilometrage": "97734",
        "boite_vitesse": "Auto.",
        "carburant": "Essence",
        "annee": "2016"
    },
    {
        "marque": "Peugeot",
        "modele": "308 SW",
        "prix": "21999",
        "kilometrage": "27648",
        "boite_vitesse": "Manuelle",
        "carburant": "Essence",
        "annee": "2023"
    },
    {
        "marque": "Toyota",
        "modele": "Corolla",
        "prix": "21999",
        "kilometrage": "21380",
        "boite_vitesse": "Auto.",
        "carburant": "Hybride essence",
        "annee": "2022"
    },
    {
        "marque": "Peugeot",
        "modele": "RIFTER",
        "prix": "21999",
        "kilometrage": "24815",
        "boite_vitesse": "Auto.",
        "carburant": "Électrique",
        "annee": "2022"
    },
    {
        "marque": "Volkswagen",
        "modele": "T-Roc",
        "prix": "21999",
        "kilometrage": "25555",
        "boite_vitesse": "Manuelle",
        "carburant": "Essence",
        "annee": "2021"
    },
    {
        "marque": "Volkswagen",
        "modele": "T-Roc",
        "prix": "21999",
        "kilometrage": "33650",
        "boite_vitesse": "Manuelle",
        "carburant": "Essence",
        "annee": "2021"
    },
    {
        "marque": "Toyota",
        "modele": "Corolla",
        "prix": "21999",
        "kilometrage": "37994",
        "boite_vitesse": "Auto.",
        "carburant": "Hybride essence",
        "annee": "2021"
    },
    {
        "marque": "Toyota",
        "modele": "Corolla",
        "prix": "21999",
        "kilometrage": "20570",
        "boite_vitesse": "Auto.",
        "carburant": "Hybride essence",
        "annee": "2022"
    },
    {
        "marque": "Nissan",
        "modele": "Juke",
        "prix": "21999",
        "kilometrage": "14375",
        "boite_vitesse": "Auto.",
        "carburant": "Essence",
        "annee": "2024"
    },
    {
        "marque": "DS",
        "modele": "DS7 CROSSBACK",
        "prix": "21999",
        "kilometrage": "74233",
        "boite_vitesse": "Auto.",
        "carburant": "Essence",
        "annee": "2018"
    },
    {
        "marque": "Peugeot",
        "modele": "508",
        "prix": "21999",
        "kilometrage": "59675",
        "boite_vitesse": "Auto.",
        "carburant": "Diesel",
        "annee": "2018"
    },
    {
        "marque": "Nissan",
        "modele": "Juke",
        "prix": "21999",
        "kilometrage": "5700",
        "boite_vitesse": "Manuelle",
        "carburant": "Essence",
        "annee": "2022"
    },
    {
        "marque": "Mini",
        "modele": "Mini",
        "prix": "21999",
        "kilometrage": "24850",
        "boite_vitesse": "Auto.",
        "carburant": "Essence",
        "annee": "2020"
    },
    {
        "marque": "Citroën",
        "modele": "GRAND C4 SPACETOURER",
        "prix": "21999",
        "kilometrage": "67000",
        "boite_vitesse": "Auto.",
        "carburant": "Essence",
        "annee": "2022"
    },
    {
        "marque": "Opel",
        "modele": "Grandland X",
        "prix": "21999",
        "kilometrage": "27003",
        "boite_vitesse": "Auto.",
        "carburant": "Diesel",
        "annee": "2020"
    }
]