[
    {
        "marque": "Citroën",
        "modele": "C4 X",
        "prix": "18999",
        "kilometrage": "23200",
        "boite_vitesse": "Auto.",
        "carburant": "Essence",
        "annee": "2023"
    },
    {
        "marque": "Citroën",
        "modele": "C4 X",
        "prix": "18999",
        "kilometrage": "23671",
        "boite_vitesse": "Auto.",
        "carburant": "Essence",
        "annee": "2023"
    },
    {
        "marque": "Audi",
        "modele": "Q3",
        "prix": "18999",
        "kilometrage": "125985",
        "boite_vitesse": "Auto.",
        "carburant": "Diesel",
        "annee": "2016"
    },
    {
        "marque": "Citroën",
        "modele": "C4 X",
        "prix": "18999",
        "kilometrage": "24822",
        "boite_vitesse": "Auto.",
        "carburant": "Essence",
        "annee": "2023"
    },
    {
        "marque": "Skoda",
        "modele": "Karoq",
        "prix": "18999",
        "kilometrage": "119213",
        "boite_vitesse": "Auto.",
        "carburant": "Diesel",
        "annee": "2021"
    },
    {
        "marque": "BMW",
        "modele": "X2",
        "prix": "18999",
        "kilometrage": "100691",
        "boite_vitesse": "Auto.",
        "carburant": "Essence",
        "annee": "2018"
    },
    {
        "marque": "Jeep",
        "modele": "Compass",
        "prix": "18999",
        "kilometrage": "96364",
        "boite_vitesse": "Auto.",
        "carburant": "Diesel",
        "annee": "2020"
    },
    {
        "marque": "Ford",
        "modele": "Kuga",
        "prix": "18999",
        "kilometrage": "93635",
        "boite_vitesse": "Auto.",
        "carburant": "Diesel",
        "annee": "2017"
    },
    {
        "marque": "Audi",
        "modele": "A4 Avant",
        "prix": "18999",
        "kilometrage": "88918",
        "boite_vitesse": "Auto.",
        "carburant": "Diesel",
        "annee": "2018"
    },
    {
        "marque": "Renault",
        "modele": "Espace 5",
        "prix": "18999",
        "kilometrage": "105509",
        "boite_vitesse": "Auto.",
        "carburant": "Diesel",
        "annee": "2018"
    },
    {
        "marque": "Mazda",
        "modele": "CX-3",
        "prix": "18999",
        "kilometrage": "29176",
        "boite_vitesse": "Manuelle",
        "carburant": "Essence",
        "annee": "2019"
    },
    {
        "marque": "Honda",
        "modele": "HR-V",
        "prix": "18999",
        "kilometrage": "76310",
        "boite_vitesse": "Auto.",
        "carburant": "Essence",
        "annee": "2020"
    },
    {
        "marque": "Volvo",
        "modele": "V60",
        "prix": "18999",
        "kilometrage": "101429",
        "boite_vitesse": "Auto.",
        "carburant": "Diesel",
        "annee": "2019"
    },
    {
        "marque": "Lexus",
        "modele": "CT",
        "prix": "18999",
        "kilometrage": "65835",
        "boite_vitesse": "Auto.",
        "carburant": "Éthanol E85",
        "annee": "2017"
    },
    {
        "marque": "Peugeot",
        "modele": "208",
        "prix": "18999",
        "kilometrage": "24498",
        "boite_vitesse": "Auto.",
        "carburant": "Essence",
        "annee": "2022"
    },
    {
        "marque": "Kia",
        "modele": "Niro",
        "prix": "18999",
        "kilometrage": "46670",
        "boite_vitesse": "Auto.",
        "carburant": "Hybride essence",
        "annee": "2020"
    },
    {
        "marque": "Renault",
        "modele": "Clio 5",
        "prix": "22400",
        "kilometrage": "0",
        "boite_vitesse": "Manuelle",
        "carburant": "Essence",
        "annee": "2024"
    },
    {
        "marque": "Peugeot",
        "modele": "3008",
        "prix": "19099",
        "kilometrage": "93394",
        "boite_vitesse": "Auto.",
        "carburant": "Diesel",
        "annee": "2020"
    },
    {
        "marque": "Hyundai",
        "modele": "i20",
        "prix": "21600",
        "kilometrage": "36",
        "boite_vitesse": "Manuelle",
        "carburant": "Essence",
        "annee": "2024"
    },
    {
        "marque": "Peugeot",
        "modele": "5008",
        "prix": "19099",
        "kilometrage": "117041",
        "boite_vitesse": "Auto.",
        "carburant": "Diesel",
        "annee": "2020"
    },
    {
        "marque": "Citroën",
        "modele": "C5 Aircross",
        "prix": "19099",
        "kilometrage": "78925",
        "boite_vitesse": "Auto.",
        "carburant": "Diesel",
        "annee": "2020"
    },
    {
        "marque": "Audi",
        "modele": "A3 Sportback",
        "prix": "19099",
        "kilometrage": "87327",
        "boite_vitesse": "Manuelle",
        "carburant": "Essence",
        "annee": "2018"
    },
    {
        "marque": "Hyundai",
        "modele": "Tucson",
        "prix": "19199",
        "kilometrage": "73140",
        "boite_vitesse": "Auto.",
        "carburant": "Micro-hybride diesel",
        "annee": "2019"
    }
]