[
    {
        "marque": "Seat",
        "modele": "Ibiza",
        "prix": "15999",
        "kilometrage": "36940",
        "boite_vitesse": "Auto.",
        "carburant": "Essence",
        "annee": "2020"
    },
    {
        "marque": "Opel",
        "modele": "Crossland",
        "prix": "15999",
        "kilometrage": "36318",
        "boite_vitesse": "Auto.",
        "carburant": "Essence",
        "annee": "2022"
    },
    {
        "marque": "Volkswagen",
        "modele": "Golf 7",
        "prix": "15999",
        "kilometrage": "109797",
        "boite_vitesse": "Manuelle",
        "carburant": "Essence",
        "annee": "2020"
    },
    {
        "marque": "Citroën",
        "modele": "GRAND C4 SPACETOURER",
        "prix": "15999",
        "kilometrage": "96325",
        "boite_vitesse": "Manuelle",
        "carburant": "Diesel",
        "annee": "2018"
    },
    {
        "marque": "Opel",
        "modele": "Crossland",
        "prix": "15999",
        "kilometrage": "80220",
        "boite_vitesse": "Auto.",
        "carburant": "Diesel",
        "annee": "2021"
    },
    {
        "marque": "Nissan",
        "modele": "Juke",
        "prix": "15999",
        "kilometrage": "45329",
        "boite_vitesse": "Manuelle",
        "carburant": "Essence",
        "annee": "2021"
    },
    {
        "marque": "Nissan",
        "modele": "Juke",
        "prix": "15999",
        "kilometrage": "49559",
        "boite_vitesse": "Manuelle",
        "carburant": "Essence",
        "annee": "2021"
    },
    {
        "marque": "Ford",
        "modele": "Focus",
        "prix": "15999",
        "kilometrage": "52372",
        "boite_vitesse": "Manuelle",
        "carburant": "Hybride essence",
        "annee": "2021"
    },
    {
        "marque": "DS",
        "modele": "DS3 CROSSBACK",
        "prix": "15999",
        "kilometrage": "50593",
        "boite_vitesse": "Auto.",
        "carburant": "Essence",
        "annee": "2020"
    },
    {
        "marque": "Kia",
        "modele": "Picanto",
        "prix": "15999",
        "kilometrage": "12799",
        "boite_vitesse": "Auto.",
        "carburant": "Essence",
        "annee": "2022"
    },
    {
        "marque": "Seat",
        "modele": "Leon",
        "prix": "15999",
        "kilometrage": "76644",
        "boite_vitesse": "Manuelle",
        "carburant": "Essence",
        "annee": "2021"
    },
    {
        "marque": "Ford",
        "modele": "Kuga",
        "prix": "15999",
        "kilometrage": "95779",
        "boite_vitesse": "Manuelle",
        "carburant": "Essence",
        "annee": "2018"
    },
    {
        "marque": "Renault",
        "modele": "Mégane 4 Estate",
        "prix": "15999",
        "kilometrage": "65684",
        "boite_vitesse": "Manuelle",
        "carburant": "Diesel",
        "annee": "2020"
    },
    {
        "marque": "Ford",
        "modele": "Kuga",
        "prix": "15999",
        "kilometrage": "109125",
        "boite_vitesse": "Manuelle",
        "carburant": "Éthanol E85",
        "annee": "2019"
    },
    {
        "marque": "Volkswagen",
        "modele": "Passat SW",
        "prix": "15999",
        "kilometrage": "111142",
        "boite_vitesse": "Manuelle",
        "carburant": "Diesel",
        "annee": "2015"
    },
    {
        "marque": "Renault",
        "modele": "Talisman Estate",
        "prix": "15999",
        "kilometrage": "125949",
        "boite_vitesse": "Auto.",
        "carburant": "Diesel",
        "annee": "2017"
    },
    {
        "marque": "Skoda",
        "modele": "Octavia",
        "prix": "15999",
        "kilometrage": "84980",
        "boite_vitesse": "Auto.",
        "carburant": "Essence",
        "annee": "2017"
    },
    {
        "marque": "Renault",
        "modele": "Clio",
        "prix": "15999",
        "kilometrage": "21498",
        "boite_vitesse": "Manuelle",
        "carburant": "Essence",
        "annee": "2022"
    },
    {
        "marque": "Mazda",
        "modele": "CX-3",
        "prix": "15999",
        "kilometrage": "71510",
        "boite_vitesse": "Manuelle",
        "carburant": "Essence",
        "annee": "2018"
    },
    {
        "marque": "Volkswagen",
        "modele": "Golf",
        "prix": "15999",
        "kilometrage": "82982",
        "boite_vitesse": "Auto.",
        "carburant": "Diesel",
        "annee": "2019"
    },
    {
        "marque": "Peugeot",
        "modele": "208",
        "prix": "15999",
        "kilometrage": "39258",
        "boite_vitesse": "Auto.",
        "carburant": "Électrique",
        "annee": "2020"
    },
    {
        "marque": "Peugeot",
        "modele": "2008",
        "prix": "15999",
        "kilometrage": "36540",
        "boite_vitesse": "Manuelle",
        "carburant": "Essence",
        "annee": "2021"
    },
    {
        "marque": "Peugeot",
        "modele": "208",
        "prix": "15999",
        "kilometrage": "12054",
        "boite_vitesse": "Manuelle",
        "carburant": "Essence",
        "annee": "2023"
    }
]