[
    {
        "marque": "Dacia",
        "modele": "JOGGER",
        "prix": "23900",
        "kilometrage": "8",
        "boite_vitesse": "Manuelle",
        "carburant": "Essence",
        "annee": "2024"
    },
    {
        "marque": "Dacia",
        "modele": "JOGGER",
        "prix": "24200",
        "kilometrage": "10",
        "boite_vitesse": "Manuelle",
        "carburant": "Essence",
        "annee": "2024"
    },
    {
        "marque": "Fiat",
        "modele": "500X",
        "prix": "34500",
        "kilometrage": "2",
        "boite_vitesse": "Auto.",
        "carburant": "Micro-hybride essence",
        "annee": "2024"
    },
    {
        "marque": "Renault",
        "modele": "Captur",
        "prix": "22499",
        "kilometrage": "34685",
        "boite_vitesse": "Auto.",
        "carburant": "Hybride essence",
        "annee": "2022"
    },
    {
        "marque": "Hyundai",
        "modele": "i30 SW",
        "prix": "",
        "kilometrage": "25",
        "boite_vitesse": "Manuelle",
        "carburant": "Essence",
        "annee": "2024"
    },
    {
        "marque": "Hyundai",
        "modele": "i30 SW",
        "prix": "",
        "kilometrage": "25",
        "boite_vitesse": "Manuelle",
        "carburant": "Essence",
        "annee": "2024"
    },
    {
        "marque": "Hyundai",
        "modele": "i30 SW",
        "prix": "",
        "kilometrage": "25",
        "boite_vitesse": "Manuelle",
        "carburant": "Essence",
        "annee": "2024"
    },
    {
        "marque": "Citroën",
        "modele": "C5 Aircross",
        "prix": "22499",
        "kilometrage": "48770",
        "boite_vitesse": "Auto.",
        "carburant": "Hybride essence rechargeable",
        "annee": "2020"
    },
    {
        "marque": "Peugeot",
        "modele": "5008",
        "prix": "22499",
        "kilometrage": "69312",
        "boite_vitesse": "Manuelle",
        "carburant": "Diesel",
        "annee": "2020"
    },
    {
        "marque": "Citroën",
        "modele": "C5 Aircross",
        "prix": "22499",
        "kilometrage": "60185",
        "boite_vitesse": "Auto.",
        "carburant": "Hybride essence rechargeable",
        "annee": "2021"
    },
    {
        "marque": "Citroën",
        "modele": "C4",
        "prix": "22499",
        "kilometrage": "21135",
        "boite_vitesse": "Auto.",
        "carburant": "Diesel",
        "annee": "2023"
    },
    {
        "marque": "Renault",
        "modele": "Arkana",
        "prix": "22499",
        "kilometrage": "50259",
        "boite_vitesse": "Auto.",
        "carburant": "Hybride essence",
        "annee": "2022"
    },
    {
        "marque": "Renault",
        "modele": "Arkana",
        "prix": "22499",
        "kilometrage": "42132",
        "boite_vitesse": "Auto.",
        "carburant": "Micro-hybride essence",
        "annee": "2023"
    },
    {
        "marque": "Volkswagen",
        "modele": "Golf 8",
        "prix": "22499",
        "kilometrage": "4060",
        "boite_vitesse": "Manuelle",
        "carburant": "Essence",
        "annee": "2022"
    },
    {
        "marque": "Volkswagen",
        "modele": "Golf 8",
        "prix": "22499",
        "kilometrage": "82081",
        "boite_vitesse": "Manuelle",
        "carburant": "Diesel",
        "annee": "2022"
    },
    {
        "marque": "Volkswagen",
        "modele": "Polo",
        "prix": "22499",
        "kilometrage": "36138",
        "boite_vitesse": "Auto.",
        "carburant": "Essence",
        "annee": "2022"
    },
    {
        "marque": "Peugeot",
        "modele": "RIFTER",
        "prix": "22499",
        "kilometrage": "24815",
        "boite_vitesse": "Auto.",
        "carburant": "Électrique",
        "annee": "2022"
    },
    {
        "marque": "Dacia",
        "modele": "JOGGER",
        "prix": "22499",
        "kilometrage": "237",
        "boite_vitesse": "Manuelle",
        "carburant": "Essence",
        "annee": "2024"
    },
    {
        "marque": "DS",
        "modele": "DS7 CROSSBACK",
        "prix": "22499",
        "kilometrage": "73890",
        "boite_vitesse": "Auto.",
        "carburant": "Essence",
        "annee": "2018"
    },
    {
        "marque": "Peugeot",
        "modele": "508 SW",
        "prix": "22499",
        "kilometrage": "83498",
        "boite_vitesse": "Auto.",
        "carburant": "Hybride essence rechargeable",
        "annee": "2020"
    },
    {
        "marque": "Skoda",
        "modele": "Kamiq",
        "prix": "22499",
        "kilometrage": "21886",
        "boite_vitesse": "Manuelle",
        "carburant": "Essence",
        "annee": "2023"
    },
    {
        "marque": "Seat",
        "modele": "Ateca",
        "prix": "22499",
        "kilometrage": "109548",
        "boite_vitesse": "Auto.",
        "carburant": "Diesel",
        "annee": "2020"
    },
    {
        "marque": "Renault",
        "modele": "Koleos",
        "prix": "22499",
        "kilometrage": "59112",
        "boite_vitesse": "Auto.",
        "carburant": "Essence",
        "annee": "2021"
    }
]