[
    {
        "marque": "Nissan",
        "modele": "Juke",
        "prix": "25999",
        "kilometrage": "1210",
        "boite_vitesse": "Manuelle",
        "carburant": "Essence",
        "annee": "2023"
    },
    {
        "marque": "BMW",
        "modele": "Série 1",
        "prix": "25999",
        "kilometrage": "75720",
        "boite_vitesse": "Auto.",
        "carburant": "Diesel",
        "annee": "2021"
    },
    {
        "marque": "Toyota",
        "modele": "Corolla Touring Sports",
        "prix": "25999",
        "kilometrage": "50889",
        "boite_vitesse": "Auto.",
        "carburant": "Hybride essence",
        "annee": "2021"
    },
    {
        "marque": "Audi",
        "modele": "Q3",
        "prix": "25999",
        "kilometrage": "80786",
        "boite_vitesse": "Auto.",
        "carburant": "Micro-hybride essence",
        "annee": "2019"
    },
    {
        "marque": "Ford",
        "modele": "Kuga",
        "prix": "25999",
        "kilometrage": "34356",
        "boite_vitesse": "Auto.",
        "carburant": "Diesel",
        "annee": "2020"
    },
    {
        "marque": "Opel",
        "modele": "GRANDLAND",
        "prix": "25999",
        "kilometrage": "10",
        "boite_vitesse": "Auto.",
        "carburant": "Essence",
        "annee": "2023"
    },
    {
        "marque": "Audi",
        "modele": "A5 Cabriolet",
        "prix": "25999",
        "kilometrage": "37763",
        "boite_vitesse": "Auto.",
        "carburant": "Diesel",
        "annee": "2017"
    },
    {
        "marque": "Opel",
        "modele": "Grandland",
        "prix": "25999",
        "kilometrage": "20486",
        "boite_vitesse": "Auto.",
        "carburant": "Essence",
        "annee": "2023"
    },
    {
        "marque": "Audi",
        "modele": "A4",
        "prix": "25999",
        "kilometrage": "47314",
        "boite_vitesse": "Auto.",
        "carburant": "Diesel",
        "annee": "2020"
    },
    {
        "marque": "Fiat",
        "modele": "500 3+1",
        "prix": "25999",
        "kilometrage": "744",
        "boite_vitesse": "Auto.",
        "carburant": "Électrique",
        "annee": "2023"
    },
    {
        "marque": "Audi",
        "modele": "A4",
        "prix": "25999",
        "kilometrage": "44861",
        "boite_vitesse": "Auto.",
        "carburant": "Diesel",
        "annee": "2020"
    },
    {
        "marque": "Seat",
        "modele": "Tarraco",
        "prix": "25999",
        "kilometrage": "91010",
        "boite_vitesse": "Auto.",
        "carburant": "Diesel",
        "annee": "2020"
    },
    {
        "marque": "Peugeot",
        "modele": "3008",
        "prix": "25999",
        "kilometrage": "21277",
        "boite_vitesse": "Auto.",
        "carburant": "Hybride essence rechargeable",
        "annee": "2022"
    },
    {
        "marque": "Toyota",
        "modele": "C-HR",
        "prix": "25999",
        "kilometrage": "21286",
        "boite_vitesse": "Auto.",
        "carburant": "Hybride essence",
        "annee": "2023"
    },
    {
        "marque": "Honda",
        "modele": "HR-V",
        "prix": "25999",
        "kilometrage": "33236",
        "boite_vitesse": "Auto.",
        "carburant": "Hybride essence",
        "annee": "2022"
    },
    {
        "marque": "Mercedes",
        "modele": "Classe E",
        "prix": "25999",
        "kilometrage": "90355",
        "boite_vitesse": "Auto.",
        "carburant": "Hybride essence rechargeable",
        "annee": "2017"
    },
    {
        "marque": "Kia",
        "modele": "Niro",
        "prix": "25999",
        "kilometrage": "34438",
        "boite_vitesse": "Auto.",
        "carburant": "Hybride essence rechargeable",
        "annee": "2022"
    },
    {
        "marque": "Volkswagen",
        "modele": "Golf 8",
        "prix": "26030",
        "kilometrage": "23345",
        "boite_vitesse": "Manuelle",
        "carburant": "Essence",
        "annee": "2024"
    },
    {
        "marque": "Citroën",
        "modele": "C5 Aircross",
        "prix": "26099",
        "kilometrage": "49224",
        "boite_vitesse": "Auto.",
        "carburant": "Diesel",
        "annee": "2022"
    },
    {
        "marque": "Skoda",
        "modele": "Karoq",
        "prix": "26099",
        "kilometrage": "32422",
        "boite_vitesse": "Manuelle",
        "carburant": "Essence",
        "annee": "2023"
    },
    {
        "marque": "Peugeot",
        "modele": "508 SW",
        "prix": "26099",
        "kilometrage": "53551",
        "boite_vitesse": "Auto.",
        "carburant": "Hybride essence rechargeable",
        "annee": "2021"
    },
    {
        "marque": "Audi",
        "modele": "Q3",
        "prix": "26099",
        "kilometrage": "93280",
        "boite_vitesse": "Auto.",
        "carburant": "Diesel",
        "annee": "2019"
    },
    {
        "marque": "Skoda",
        "modele": "Karoq",
        "prix": "26099",
        "kilometrage": "7312",
        "boite_vitesse": "Manuelle",
        "carburant": "Essence",
        "annee": "2023"
    }
]