[
    {
        "marque": "Peugeot",
        "modele": "2008",
        "prix": "12999",
        "kilometrage": "18169",
        "boite_vitesse": "Auto.",
        "carburant": "Essence",
        "annee": "2017"
    },
    {
        "marque": "Peugeot",
        "modele": "3008",
        "prix": "12999",
        "kilometrage": "110145",
        "boite_vitesse": "Manuelle",
        "carburant": "Essence",
        "annee": "2018"
    },
    {
        "marque": "Peugeot",
        "modele": "3008",
        "prix": "12999",
        "kilometrage": "71140",
        "boite_vitesse": "Manuelle",
        "carburant": "Essence",
        "annee": "2018"
    },
    {
        "marque": "Peugeot",
        "modele": "208",
        "prix": "12999",
        "kilometrage": "36955",
        "boite_vitesse": "Manuelle",
        "carburant": "Essence",
        "annee": "2020"
    },
    {
        "marque": "Peugeot",
        "modele": "2008",
        "prix": "12999",
        "kilometrage": "55530",
        "boite_vitesse": "Manuelle",
        "carburant": "Essence",
        "annee": "2019"
    },
    {
        "marque": "Peugeot",
        "modele": "308",
        "prix": "12999",
        "kilometrage": "65710",
        "boite_vitesse": "Manuelle",
        "carburant": "Essence",
        "annee": "2020"
    },
    {
        "marque": "Renault",
        "modele": "Clio 5",
        "prix": "12999",
        "kilometrage": "68595",
        "boite_vitesse": "Manuelle",
        "carburant": "Essence",
        "annee": "2021"
    },
    {
        "marque": "Citroën",
        "modele": "C3",
        "prix": "12999",
        "kilometrage": "70755",
        "boite_vitesse": "Manuelle",
        "carburant": "Diesel",
        "annee": "2020"
    },
    {
        "marque": "Renault",
        "modele": "Captur",
        "prix": "12999",
        "kilometrage": "95900",
        "boite_vitesse": "Auto.",
        "carburant": "Essence",
        "annee": "2017"
    },
    {
        "marque": "Peugeot",
        "modele": "308",
        "prix": "12999",
        "kilometrage": "81419",
        "boite_vitesse": "Auto.",
        "carburant": "Essence",
        "annee": "2018"
    },
    {
        "marque": "Citroën",
        "modele": "C3",
        "prix": "12999",
        "kilometrage": "82825",
        "boite_vitesse": "Manuelle",
        "carburant": "Diesel",
        "annee": "2020"
    },
    {
        "marque": "Citroën",
        "modele": "C3 Aircross",
        "prix": "12999",
        "kilometrage": "79122",
        "boite_vitesse": "Manuelle",
        "carburant": "Diesel",
        "annee": "2018"
    },
    {
        "marque": "Renault",
        "modele": "Twingo 3",
        "prix": "12999",
        "kilometrage": "8175",
        "boite_vitesse": "Manuelle",
        "carburant": "Essence",
        "annee": "2022"
    },
    {
        "marque": "Fiat",
        "modele": "500",
        "prix": "12999",
        "kilometrage": "25675",
        "boite_vitesse": "Manuelle",
        "carburant": "Micro-hybride essence",
        "annee": "2022"
    },
    {
        "marque": "Citroën",
        "modele": "C3 Aircross",
        "prix": "12999",
        "kilometrage": "62575",
        "boite_vitesse": "Manuelle",
        "carburant": "Essence",
        "annee": "2021"
    },
    {
        "marque": "Fiat",
        "modele": "500",
        "prix": "12999",
        "kilometrage": "71424",
        "boite_vitesse": "Auto.",
        "carburant": "Essence",
        "annee": "2021"
    },
    {
        "marque": "Renault",
        "modele": "Kadjar",
        "prix": "12999",
        "kilometrage": "52727",
        "boite_vitesse": "Manuelle",
        "carburant": "Essence",
        "annee": "2016"
    },
    {
        "marque": "Renault",
        "modele": "Kadjar",
        "prix": "12999",
        "kilometrage": "52725",
        "boite_vitesse": "Manuelle",
        "carburant": "Essence",
        "annee": "2016"
    },
    {
        "marque": "Renault",
        "modele": "Kadjar",
        "prix": "12999",
        "kilometrage": "80729",
        "boite_vitesse": "Auto.",
        "carburant": "Essence",
        "annee": "2017"
    },
    {
        "marque": "Renault",
        "modele": "Kadjar",
        "prix": "12999",
        "kilometrage": "130942",
        "boite_vitesse": "Manuelle",
        "carburant": "Diesel",
        "annee": "2020"
    },
    {
        "marque": "Peugeot",
        "modele": "308 SW",
        "prix": "12999",
        "kilometrage": "55813",
        "boite_vitesse": "Manuelle",
        "carburant": "Essence",
        "annee": "2021"
    },
    {
        "marque": "Renault",
        "modele": "Twingo 3",
        "prix": "12999",
        "kilometrage": "19416",
        "boite_vitesse": "Auto.",
        "carburant": "Électrique",
        "annee": "2021"
    },
    {
        "marque": "Seat",
        "modele": "Arona",
        "prix": "12999",
        "kilometrage": "126164",
        "boite_vitesse": "Manuelle",
        "carburant": "Diesel",
        "annee": "2019"
    }
]