[
    {
        "marque": "Renault",
        "modele": "Scénic 4",
        "prix": "13499",
        "kilometrage": "80975",
        "boite_vitesse": "Manuelle",
        "carburant": "Essence",
        "annee": "2017"
    },
    {
        "marque": "Opel",
        "modele": "Crossland",
        "prix": "13499",
        "kilometrage": "33644",
        "boite_vitesse": "Manuelle",
        "carburant": "Essence",
        "annee": "2020"
    },
    {
        "marque": "Hyundai",
        "modele": "i10",
        "prix": "13499",
        "kilometrage": "18293",
        "boite_vitesse": "Auto.",
        "carburant": "Essence",
        "annee": "2020"
    },
    {
        "marque": "Citroën",
        "modele": "C4 SPACETOURER",
        "prix": "13499",
        "kilometrage": "106470",
        "boite_vitesse": "Manuelle",
        "carburant": "Diesel",
        "annee": "2019"
    },
    {
        "marque": "Citroën",
        "modele": "C4 SPACETOURER",
        "prix": "13499",
        "kilometrage": "90152",
        "boite_vitesse": "Auto.",
        "carburant": "Essence",
        "annee": "2019"
    },
    {
        "marque": "Toyota",
        "modele": "Aygo",
        "prix": "13499",
        "kilometrage": "22000",
        "boite_vitesse": "Manuelle",
        "carburant": "Essence",
        "annee": "2021"
    },
    {
        "marque": "Citroën",
        "modele": "C4 SPACETOURER",
        "prix": "13499",
        "kilometrage": "120475",
        "boite_vitesse": "Manuelle",
        "carburant": "Diesel",
        "annee": "2020"
    },
    {
        "marque": "Jeep",
        "modele": "Renegade",
        "prix": "13499",
        "kilometrage": "128426",
        "boite_vitesse": "Manuelle",
        "carburant": "Essence",
        "annee": "2019"
    },
    {
        "marque": "Citroën",
        "modele": "C4 Picasso",
        "prix": "13499",
        "kilometrage": "94800",
        "boite_vitesse": "Auto.",
        "carburant": "Diesel",
        "annee": "2017"
    },
    {
        "marque": "Dacia",
        "modele": "Lodgy",
        "prix": "13499",
        "kilometrage": "64771",
        "boite_vitesse": "Manuelle",
        "carburant": "Essence",
        "annee": "2018"
    },
    {
        "marque": "Citroën",
        "modele": "Grand C4 Picasso",
        "prix": "13499",
        "kilometrage": "120987",
        "boite_vitesse": "Auto.",
        "carburant": "Diesel",
        "annee": "2016"
    },
    {
        "marque": "Fiat",
        "modele": "500L",
        "prix": "13499",
        "kilometrage": "37105",
        "boite_vitesse": "Manuelle",
        "carburant": "Essence",
        "annee": "2020"
    },
    {
        "marque": "Hyundai",
        "modele": "i30",
        "prix": "13499",
        "kilometrage": "118416",
        "boite_vitesse": "Auto.",
        "carburant": "Essence",
        "annee": "2017"
    },
    {
        "marque": "Renault",
        "modele": "Clio",
        "prix": "13499",
        "kilometrage": "39494",
        "boite_vitesse": "Manuelle",
        "carburant": "Essence",
        "annee": "2021"
    },
    {
        "marque": "Peugeot",
        "modele": "3008",
        "prix": "13499",
        "kilometrage": "45775",
        "boite_vitesse": "Manuelle",
        "carburant": "Essence",
        "annee": "2018"
    },
    {
        "marque": "Citroën",
        "modele": "C3 Aircross",
        "prix": "13499",
        "kilometrage": "18715",
        "boite_vitesse": "Manuelle",
        "carburant": "Essence",
        "annee": "2020"
    },
    {
        "marque": "Renault",
        "modele": "Clio 4",
        "prix": "13499",
        "kilometrage": "20994",
        "boite_vitesse": "Manuelle",
        "carburant": "Essence",
        "annee": "2019"
    },
    {
        "marque": "Renault",
        "modele": "Mégane 4",
        "prix": "13499",
        "kilometrage": "28544",
        "boite_vitesse": "Manuelle",
        "carburant": "Essence",
        "annee": "2016"
    },
    {
        "marque": "Opel",
        "modele": "Astra",
        "prix": "13499",
        "kilometrage": "50472",
        "boite_vitesse": "Manuelle",
        "carburant": "Diesel",
        "annee": "2019"
    },
    {
        "marque": "Peugeot",
        "modele": "208",
        "prix": "13599",
        "kilometrage": "39031",
        "boite_vitesse": "Manuelle",
        "carburant": "Essence",
        "annee": "2021"
    },
    {
        "marque": "Peugeot",
        "modele": "208",
        "prix": "13599",
        "kilometrage": "44498",
        "boite_vitesse": "Manuelle",
        "carburant": "Essence",
        "annee": "2021"
    },
    {
        "marque": "Peugeot",
        "modele": "308",
        "prix": "13599",
        "kilometrage": "58885",
        "boite_vitesse": "Auto.",
        "carburant": "Essence",
        "annee": "2017"
    },
    {
        "marque": "Nissan",
        "modele": "Qashqai",
        "prix": "13599",
        "kilometrage": "80838",
        "boite_vitesse": "Manuelle",
        "carburant": "Essence",
        "annee": "2016"
    }
]