[
    {
        "marque": "Peugeot",
        "modele": "3008",
        "prix": "23999",
        "kilometrage": "21695",
        "boite_vitesse": "Manuelle",
        "carburant": "Essence",
        "annee": "2023"
    },
    {
        "marque": "Peugeot",
        "modele": "2008",
        "prix": "23999",
        "kilometrage": "16782",
        "boite_vitesse": "Auto.",
        "carburant": "Diesel",
        "annee": "2023"
    },
    {
        "marque": "Peugeot",
        "modele": "208",
        "prix": "23999",
        "kilometrage": "11573",
        "boite_vitesse": "Auto.",
        "carburant": "Électrique",
        "annee": "2023"
    },
    {
        "marque": "Dacia",
        "modele": "Duster",
        "prix": "23999",
        "kilometrage": "14114",
        "boite_vitesse": "Auto.",
        "carburant": "Essence",
        "annee": "2023"
    },
    {
        "marque": "Peugeot",
        "modele": "2008",
        "prix": "23999",
        "kilometrage": "12587",
        "boite_vitesse": "Auto.",
        "carburant": "Essence",
        "annee": "2023"
    },
    {
        "marque": "Peugeot",
        "modele": "2008",
        "prix": "23999",
        "kilometrage": "12876",
        "boite_vitesse": "Auto.",
        "carburant": "Essence",
        "annee": "2024"
    },
    {
        "marque": "Peugeot",
        "modele": "3008",
        "prix": "23999",
        "kilometrage": "13107",
        "boite_vitesse": "Manuelle",
        "carburant": "Essence",
        "annee": "2024"
    },
    {
        "marque": "Citroën",
        "modele": "C4",
        "prix": "23999",
        "kilometrage": "3025",
        "boite_vitesse": "Auto.",
        "carburant": "Électrique",
        "annee": "2023"
    },
    {
        "marque": "Citroën",
        "modele": "C4",
        "prix": "36150",
        "kilometrage": "8",
        "boite_vitesse": "Auto.",
        "carburant": "Essence",
        "annee": "2024"
    },
    {
        "marque": "Peugeot",
        "modele": "3008",
        "prix": "23999",
        "kilometrage": "14599",
        "boite_vitesse": "Manuelle",
        "carburant": "Essence",
        "annee": "2024"
    },
    {
        "marque": "Peugeot",
        "modele": "3008",
        "prix": "23999",
        "kilometrage": "107369",
        "boite_vitesse": "Auto.",
        "carburant": "Hybride essence rechargeable",
        "annee": "2021"
    },
    {
        "marque": "Peugeot",
        "modele": "3008",
        "prix": "23999",
        "kilometrage": "11888",
        "boite_vitesse": "Manuelle",
        "carburant": "Essence",
        "annee": "2024"
    },
    {
        "marque": "Peugeot",
        "modele": "3008",
        "prix": "23999",
        "kilometrage": "72915",
        "boite_vitesse": "Auto.",
        "carburant": "Diesel",
        "annee": "2022"
    },
    {
        "marque": "Peugeot",
        "modele": "3008",
        "prix": "23999",
        "kilometrage": "80731",
        "boite_vitesse": "Auto.",
        "carburant": "Diesel",
        "annee": "2022"
    },
    {
        "marque": "Peugeot",
        "modele": "3008",
        "prix": "23999",
        "kilometrage": "80550",
        "boite_vitesse": "Auto.",
        "carburant": "Diesel",
        "annee": "2021"
    },
    {
        "marque": "Skoda",
        "modele": "KAMIQ",
        "prix": "32180",
        "kilometrage": "0",
        "boite_vitesse": "Auto.",
        "carburant": "Essence",
        "annee": "2024"
    },
    {
        "marque": "Peugeot",
        "modele": "3008",
        "prix": "23999",
        "kilometrage": "21705",
        "boite_vitesse": "Manuelle",
        "carburant": "Essence",
        "annee": "2023"
    },
    {
        "marque": "Peugeot",
        "modele": "3008",
        "prix": "23999",
        "kilometrage": "15000",
        "boite_vitesse": "Manuelle",
        "carburant": "Essence",
        "annee": "2024"
    },
    {
        "marque": "Citroën",
        "modele": "Berlingo",
        "prix": "23999",
        "kilometrage": "15",
        "boite_vitesse": "Auto.",
        "carburant": "Électrique",
        "annee": "2023"
    },
    {
        "marque": "Fiat",
        "modele": "Tipo Sw",
        "prix": "34300",
        "kilometrage": "10",
        "boite_vitesse": "Auto.",
        "carburant": "Hybride essence",
        "annee": "2024"
    },
    {
        "marque": "Fiat",
        "modele": "Tipo Sw",
        "prix": "34300",
        "kilometrage": "10",
        "boite_vitesse": "Auto.",
        "carburant": "Hybride essence",
        "annee": "2024"
    },
    {
        "marque": "Dacia",
        "modele": "Duster",
        "prix": "23999",
        "kilometrage": "22744",
        "boite_vitesse": "Auto.",
        "carburant": "Essence",
        "annee": "2023"
    },
    {
        "marque": "Toyota",
        "modele": "C-HR",
        "prix": "23999",
        "kilometrage": "19342",
        "boite_vitesse": "Auto.",
        "carburant": "Hybride essence",
        "annee": "2023"
    }
]