[
    {
        "marque": "Renault",
        "modele": "Zoé",
        "prix": "5999",
        "kilometrage": "43984",
        "boite_vitesse": "Auto.",
        "carburant": "Électrique",
        "annee": "2015"
    },
    {
        "marque": "Renault",
        "modele": "Twizy",
        "prix": "5999",
        "kilometrage": "8416",
        "boite_vitesse": "Auto.",
        "carburant": "Électrique",
        "annee": "2019"
    },
    {
        "marque": "Renault",
        "modele": "Zoé",
        "prix": "6299",
        "kilometrage": "51921",
        "boite_vitesse": "Auto.",
        "carburant": "Électrique",
        "annee": "2016"
    },
    {
        "marque": "Renault",
        "modele": "Zoé",
        "prix": "6399",
        "kilometrage": "43390",
        "boite_vitesse": "Auto.",
        "carburant": "Électrique",
        "annee": "2016"
    },
    {
        "marque": "Renault",
        "modele": "Zoé",
        "prix": "6499",
        "kilometrage": "35193",
        "boite_vitesse": "Auto.",
        "carburant": "Électrique",
        "annee": "2016"
    },
    {
        "marque": "Nissan",
        "modele": "Leaf",
        "prix": "6499",
        "kilometrage": "116580",
        "boite_vitesse": "Auto.",
        "carburant": "Électrique",
        "annee": "2016"
    },
    {
        "marque": "Citroën",
        "modele": "C-ZERO",
        "prix": "6699",
        "kilometrage": "83763",
        "boite_vitesse": "Auto.",
        "carburant": "Électrique",
        "annee": "2018"
    },
    {
        "marque": "Renault",
        "modele": "Zoé",
        "prix": "6999",
        "kilometrage": "93783",
        "boite_vitesse": "Auto.",
        "carburant": "Électrique",
        "annee": "2018"
    },
    {
        "marque": "Renault",
        "modele": "Zoé",
        "prix": "6999",
        "kilometrage": "50340",
        "boite_vitesse": "Auto.",
        "carburant": "Électrique",
        "annee": "2017"
    },
    {
        "marque": "Renault",
        "modele": "Zoé",
        "prix": "6999",
        "kilometrage": "47904",
        "boite_vitesse": "Auto.",
        "carburant": "Électrique",
        "annee": "2016"
    },
    {
        "marque": "Renault",
        "modele": "Twizy",
        "prix": "",
        "kilometrage": "Occasion",
        "boite_vitesse": "2021",
        "carburant": "Auto.",
        "annee": "7 180 km"
    },
    {
        "marque": "Renault",
        "modele": "Zoé",
        "prix": "7299",
        "kilometrage": "61655",
        "boite_vitesse": "Auto.",
        "carburant": "Électrique",
        "annee": "2017"
    },
    {
        "marque": "Peugeot",
        "modele": "108",
        "prix": "7499",
        "kilometrage": "92527",
        "boite_vitesse": "Manuelle",
        "carburant": "Essence",
        "annee": "2016"
    },
    {
        "marque": "Renault",
        "modele": "Zoé",
        "prix": "7499",
        "kilometrage": "30692",
        "boite_vitesse": "Auto.",
        "carburant": "Électrique",
        "annee": "2016"
    },
    {
        "marque": "Renault",
        "modele": "Zoé",
        "prix": "7499",
        "kilometrage": "50226",
        "boite_vitesse": "Auto.",
        "carburant": "Électrique",
        "annee": "2017"
    },
    {
        "marque": "Renault",
        "modele": "Zoé",
        "prix": "7699",
        "kilometrage": "29082",
        "boite_vitesse": "Auto.",
        "carburant": "Électrique",
        "annee": "2017"
    },
    {
        "marque": "Renault",
        "modele": "Zoé",
        "prix": "7799",
        "kilometrage": "54595",
        "boite_vitesse": "Auto.",
        "carburant": "Électrique",
        "annee": "2019"
    },
    {
        "marque": "Peugeot",
        "modele": "108",
        "prix": "7799",
        "kilometrage": "75425",
        "boite_vitesse": "Manuelle",
        "carburant": "Essence",
        "annee": "2018"
    },
    {
        "marque": "Peugeot",
        "modele": "208",
        "prix": "7999",
        "kilometrage": "103452",
        "boite_vitesse": "Manuelle",
        "carburant": "Essence",
        "annee": "2015"
    },
    {
        "marque": "Renault",
        "modele": "Zoé",
        "prix": "7999",
        "kilometrage": "62413",
        "boite_vitesse": "Auto.",
        "carburant": "Électrique",
        "annee": "2017"
    },
    {
        "marque": "Renault",
        "modele": "Zoé",
        "prix": "7999",
        "kilometrage": "81917",
        "boite_vitesse": "Auto.",
        "carburant": "Électrique",
        "annee": "2018"
    },
    {
        "marque": "Dacia",
        "modele": "Logan MCV",
        "prix": "7999",
        "kilometrage": "117320",
        "boite_vitesse": "Manuelle",
        "carburant": "Essence",
        "annee": "2015"
    },
    {
        "marque": "Smart",
        "modele": "FORTWO",
        "prix": "7999",
        "kilometrage": "81190",
        "boite_vitesse": "Manuelle",
        "carburant": "Essence",
        "annee": "2018"
    }
]