[
    {
        "marque": "Citroën",
        "modele": "C3",
        "prix": "11199",
        "kilometrage": "32829",
        "boite_vitesse": "Manuelle",
        "carburant": "Essence",
        "annee": "2019"
    },
    {
        "marque": "Peugeot",
        "modele": "108",
        "prix": "11199",
        "kilometrage": "25763",
        "boite_vitesse": "Manuelle",
        "carburant": "Essence",
        "annee": "2021"
    },
    {
        "marque": "Renault",
        "modele": "Captur",
        "prix": "11299",
        "kilometrage": "114209",
        "boite_vitesse": "Auto.",
        "carburant": "Essence",
        "annee": "2018"
    },
    {
        "marque": "Citroën",
        "modele": "C3",
        "prix": "11299",
        "kilometrage": "41137",
        "boite_vitesse": "Manuelle",
        "carburant": "Essence",
        "annee": "2021"
    },
    {
        "marque": "Peugeot",
        "modele": "308",
        "prix": "11299",
        "kilometrage": "83325",
        "boite_vitesse": "Manuelle",
        "carburant": "Essence",
        "annee": "2019"
    },
    {
        "marque": "Peugeot",
        "modele": "308",
        "prix": "11299",
        "kilometrage": "79980",
        "boite_vitesse": "Manuelle",
        "carburant": "Essence",
        "annee": "2018"
    },
    {
        "marque": "Citroën",
        "modele": "C4 Cactus",
        "prix": "11299",
        "kilometrage": "56135",
        "boite_vitesse": "Manuelle",
        "carburant": "Essence",
        "annee": "2018"
    },
    {
        "marque": "Dacia",
        "modele": "SPRING",
        "prix": "11299",
        "kilometrage": "16655",
        "boite_vitesse": "Auto.",
        "carburant": "Électrique",
        "annee": "2023"
    },
    {
        "marque": "Smart",
        "modele": "Fortwo EQ",
        "prix": "11299",
        "kilometrage": "13919",
        "boite_vitesse": "Auto.",
        "carburant": "Électrique",
        "annee": "2020"
    },
    {
        "marque": "Citroën",
        "modele": "C3 Aircross",
        "prix": "11399",
        "kilometrage": "68239",
        "boite_vitesse": "Manuelle",
        "carburant": "Essence",
        "annee": "2019"
    },
    {
        "marque": "Opel",
        "modele": "Crossland",
        "prix": "11399",
        "kilometrage": "114122",
        "boite_vitesse": "Auto.",
        "carburant": "Diesel",
        "annee": "2020"
    },
    {
        "marque": "Peugeot",
        "modele": "5008",
        "prix": "11499",
        "kilometrage": "108508",
        "boite_vitesse": "Auto.",
        "carburant": "Essence",
        "annee": "2017"
    },
    {
        "marque": "Peugeot",
        "modele": "2008",
        "prix": "11499",
        "kilometrage": "65187",
        "boite_vitesse": "Auto.",
        "carburant": "Essence",
        "annee": "2019"
    },
    {
        "marque": "Peugeot",
        "modele": "2008",
        "prix": "11499",
        "kilometrage": "80354",
        "boite_vitesse": "Auto.",
        "carburant": "Essence",
        "annee": "2019"
    },
    {
        "marque": "Peugeot",
        "modele": "2008",
        "prix": "11499",
        "kilometrage": "93307",
        "boite_vitesse": "Manuelle",
        "carburant": "Essence",
        "annee": "2019"
    },
    {
        "marque": "Citroën",
        "modele": "C3",
        "prix": "11499",
        "kilometrage": "31270",
        "boite_vitesse": "Manuelle",
        "carburant": "Essence",
        "annee": "2022"
    },
    {
        "marque": "Citroën",
        "modele": "C3",
        "prix": "11499",
        "kilometrage": "59235",
        "boite_vitesse": "Manuelle",
        "carburant": "Essence",
        "annee": "2021"
    },
    {
        "marque": "Peugeot",
        "modele": "308",
        "prix": "11499",
        "kilometrage": "122124",
        "boite_vitesse": "Manuelle",
        "carburant": "Diesel",
        "annee": "2019"
    },
    {
        "marque": "Citroën",
        "modele": "C3",
        "prix": "11499",
        "kilometrage": "42090",
        "boite_vitesse": "Manuelle",
        "carburant": "Essence",
        "annee": "2021"
    },
    {
        "marque": "Renault",
        "modele": "Captur",
        "prix": "11499",
        "kilometrage": "102109",
        "boite_vitesse": "Manuelle",
        "carburant": "Essence",
        "annee": "2019"
    },
    {
        "marque": "Peugeot",
        "modele": "308",
        "prix": "11499",
        "kilometrage": "67445",
        "boite_vitesse": "Manuelle",
        "carburant": "Essence",
        "annee": "2020"
    },
    {
        "marque": "Peugeot",
        "modele": "308",
        "prix": "11499",
        "kilometrage": "64487",
        "boite_vitesse": "Manuelle",
        "carburant": "Essence",
        "annee": "2019"
    },
    {
        "marque": "Peugeot",
        "modele": "308",
        "prix": "11499",
        "kilometrage": "77239",
        "boite_vitesse": "Manuelle",
        "carburant": "Essence",
        "annee": "2019"
    }
]