[
    {
        "marque": "Citroën",
        "modele": "C4",
        "prix": "19999",
        "kilometrage": "13900",
        "boite_vitesse": "Auto.",
        "carburant": "Diesel",
        "annee": "2021"
    },
    {
        "marque": "Nissan",
        "modele": "Qashqai",
        "prix": "19999",
        "kilometrage": "51345",
        "boite_vitesse": "Manuelle",
        "carburant": "Micro-hybride essence",
        "annee": "2021"
    },
    {
        "marque": "Dacia",
        "modele": "Duster",
        "prix": "19999",
        "kilometrage": "47120",
        "boite_vitesse": "Auto.",
        "carburant": "Essence",
        "annee": "2022"
    },
    {
        "marque": "Citroën",
        "modele": "C4",
        "prix": "19999",
        "kilometrage": "4572",
        "boite_vitesse": "Manuelle",
        "carburant": "Essence",
        "annee": "2024"
    },
    {
        "marque": "Citroën",
        "modele": "C4",
        "prix": "19999",
        "kilometrage": "36640",
        "boite_vitesse": "Auto.",
        "carburant": "Diesel",
        "annee": "2021"
    },
    {
        "marque": "Toyota",
        "modele": "C-HR",
        "prix": "19999",
        "kilometrage": "50692",
        "boite_vitesse": "Auto.",
        "carburant": "Hybride essence",
        "annee": "2021"
    },
    {
        "marque": "Citroën",
        "modele": "C5 Aircross",
        "prix": "19999",
        "kilometrage": "57911",
        "boite_vitesse": "Auto.",
        "carburant": "Essence",
        "annee": "2019"
    },
    {
        "marque": "Citroën",
        "modele": "C4",
        "prix": "19999",
        "kilometrage": "20442",
        "boite_vitesse": "Manuelle",
        "carburant": "Essence",
        "annee": "2024"
    },
    {
        "marque": "Volkswagen",
        "modele": "Tiguan",
        "prix": "19999",
        "kilometrage": "149813",
        "boite_vitesse": "Auto.",
        "carburant": "Diesel",
        "annee": "2017"
    },
    {
        "marque": "Volkswagen",
        "modele": "Golf 8",
        "prix": "19999",
        "kilometrage": "20420",
        "boite_vitesse": "Manuelle",
        "carburant": "Essence",
        "annee": "2021"
    },
    {
        "marque": "Audi",
        "modele": "A3 Sportback",
        "prix": "19999",
        "kilometrage": "81600",
        "boite_vitesse": "Auto.",
        "carburant": "Hybride essence rechargeable",
        "annee": "2018"
    },
    {
        "marque": "Mercedes",
        "modele": "Classe A",
        "prix": "19999",
        "kilometrage": "142172",
        "boite_vitesse": "Auto.",
        "carburant": "Essence",
        "annee": "2018"
    },
    {
        "marque": "Suzuki",
        "modele": "S-CROSS",
        "prix": "19999",
        "kilometrage": "32815",
        "boite_vitesse": "Auto.",
        "carburant": "Micro-hybride essence",
        "annee": "2021"
    },
    {
        "marque": "Hyundai",
        "modele": "Kona",
        "prix": "19999",
        "kilometrage": "46406",
        "boite_vitesse": "Auto.",
        "carburant": "Hybride essence",
        "annee": "2021"
    },
    {
        "marque": "Audi",
        "modele": "A3 Sportback",
        "prix": "19999",
        "kilometrage": "90112",
        "boite_vitesse": "Auto.",
        "carburant": "Essence",
        "annee": "2016"
    },
    {
        "marque": "Renault",
        "modele": "Zoé",
        "prix": "19999",
        "kilometrage": "18100",
        "boite_vitesse": "Auto.",
        "carburant": "Électrique",
        "annee": "2023"
    },
    {
        "marque": "Toyota",
        "modele": "Corolla",
        "prix": "19999",
        "kilometrage": "78265",
        "boite_vitesse": "Auto.",
        "carburant": "Hybride essence",
        "annee": "2019"
    },
    {
        "marque": "Renault",
        "modele": "Zoé",
        "prix": "19999",
        "kilometrage": "17190",
        "boite_vitesse": "Auto.",
        "carburant": "Électrique",
        "annee": "2023"
    },
    {
        "marque": "Nissan",
        "modele": "Juke",
        "prix": "19999",
        "kilometrage": "20680",
        "boite_vitesse": "Manuelle",
        "carburant": "Essence",
        "annee": "2024"
    },
    {
        "marque": "Renault",
        "modele": "Zoé",
        "prix": "19999",
        "kilometrage": "19075",
        "boite_vitesse": "Auto.",
        "carburant": "Électrique",
        "annee": "2023"
    },
    {
        "marque": "Ford",
        "modele": "Kuga",
        "prix": "19999",
        "kilometrage": "34190",
        "boite_vitesse": "Auto.",
        "carburant": "Éthanol E85",
        "annee": "2019"
    },
    {
        "marque": "Dacia",
        "modele": "JOGGER",
        "prix": "19999",
        "kilometrage": "41540",
        "boite_vitesse": "Manuelle",
        "carburant": "Essence",
        "annee": "2023"
    },
    {
        "marque": "Renault",
        "modele": "Grand Scénic 4",
        "prix": "19999",
        "kilometrage": "52250",
        "boite_vitesse": "Manuelle",
        "carburant": "Diesel",
        "annee": "2020"
    }
]