[
    {
        "marque": "Citroën",
        "modele": "C3",
        "prix": "16399",
        "kilometrage": "13778",
        "boite_vitesse": "Manuelle",
        "carburant": "Essence",
        "annee": "2024"
    },
    {
        "marque": "Citroën",
        "modele": "C3",
        "prix": "16399",
        "kilometrage": "5548",
        "boite_vitesse": "Manuelle",
        "carburant": "Essence",
        "annee": "2024"
    },
    {
        "marque": "Citroën",
        "modele": "C3",
        "prix": "16399",
        "kilometrage": "10936",
        "boite_vitesse": "Manuelle",
        "carburant": "Essence",
        "annee": "2024"
    },
    {
        "marque": "Citroën",
        "modele": "C3 Aircross",
        "prix": "16399",
        "kilometrage": "51185",
        "boite_vitesse": "Manuelle",
        "carburant": "Diesel",
        "annee": "2022"
    },
    {
        "marque": "Volkswagen",
        "modele": "Polo",
        "prix": "16399",
        "kilometrage": "43693",
        "boite_vitesse": "Manuelle",
        "carburant": "Essence",
        "annee": "2020"
    },
    {
        "marque": "Renault",
        "modele": "Clio",
        "prix": "16399",
        "kilometrage": "56728",
        "boite_vitesse": "Auto.",
        "carburant": "Hybride essence",
        "annee": "2021"
    },
    {
        "marque": "Peugeot",
        "modele": "208",
        "prix": "16499",
        "kilometrage": "13370",
        "boite_vitesse": "Manuelle",
        "carburant": "Essence",
        "annee": "2023"
    },
    {
        "marque": "Peugeot",
        "modele": "208",
        "prix": "16499",
        "kilometrage": "35383",
        "boite_vitesse": "Auto.",
        "carburant": "Essence",
        "annee": "2020"
    },
    {
        "marque": "Peugeot",
        "modele": "2008",
        "prix": "16499",
        "kilometrage": "38540",
        "boite_vitesse": "Manuelle",
        "carburant": "Essence",
        "annee": "2022"
    },
    {
        "marque": "Peugeot",
        "modele": "2008",
        "prix": "16499",
        "kilometrage": "35985",
        "boite_vitesse": "Manuelle",
        "carburant": "Essence",
        "annee": "2022"
    },
    {
        "marque": "Renault",
        "modele": "Clio 5",
        "prix": "16499",
        "kilometrage": "28612",
        "boite_vitesse": "Manuelle",
        "carburant": "Essence",
        "annee": "2023"
    },
    {
        "marque": "Peugeot",
        "modele": "3008",
        "prix": "16499",
        "kilometrage": "104440",
        "boite_vitesse": "Auto.",
        "carburant": "Diesel",
        "annee": "2017"
    },
    {
        "marque": "Renault",
        "modele": "Clio 5",
        "prix": "16499",
        "kilometrage": "25633",
        "boite_vitesse": "Manuelle",
        "carburant": "Essence",
        "annee": "2023"
    },
    {
        "marque": "Peugeot",
        "modele": "3008",
        "prix": "16499",
        "kilometrage": "110792",
        "boite_vitesse": "Manuelle",
        "carburant": "Diesel",
        "annee": "2019"
    },
    {
        "marque": "Peugeot",
        "modele": "3008",
        "prix": "16499",
        "kilometrage": "63642",
        "boite_vitesse": "Manuelle",
        "carburant": "Essence",
        "annee": "2019"
    },
    {
        "marque": "Renault",
        "modele": "Clio 5",
        "prix": "16499",
        "kilometrage": "29221",
        "boite_vitesse": "Manuelle",
        "carburant": "Essence",
        "annee": "2023"
    },
    {
        "marque": "Citroën",
        "modele": "C5 Aircross",
        "prix": "16499",
        "kilometrage": "100577",
        "boite_vitesse": "Auto.",
        "carburant": "Diesel",
        "annee": "2019"
    },
    {
        "marque": "Citroën",
        "modele": "C5 Aircross",
        "prix": "16499",
        "kilometrage": "84898",
        "boite_vitesse": "Auto.",
        "carburant": "Essence",
        "annee": "2020"
    },
    {
        "marque": "Dacia",
        "modele": "Sandero",
        "prix": "16499",
        "kilometrage": "25565",
        "boite_vitesse": "Manuelle",
        "carburant": "GPL",
        "annee": "2023"
    },
    {
        "marque": "Fiat",
        "modele": "500",
        "prix": "16499",
        "kilometrage": "14930",
        "boite_vitesse": "Auto.",
        "carburant": "Électrique",
        "annee": "2021"
    },
    {
        "marque": "Renault",
        "modele": "Kadjar",
        "prix": "16499",
        "kilometrage": "76115",
        "boite_vitesse": "Auto.",
        "carburant": "Diesel",
        "annee": "2019"
    },
    {
        "marque": "Opel",
        "modele": "Corsa",
        "prix": "16499",
        "kilometrage": "20370",
        "boite_vitesse": "Auto.",
        "carburant": "Électrique",
        "annee": "2021"
    },
    {
        "marque": "Jeep",
        "modele": "Renegade",
        "prix": "16499",
        "kilometrage": "36619",
        "boite_vitesse": "Manuelle",
        "carburant": "Essence",
        "annee": "2021"
    }
]