[
    {
        "marque": "Peugeot",
        "modele": "2008",
        "prix": "9999",
        "kilometrage": "104697",
        "boite_vitesse": "Manuelle",
        "carburant": "Essence",
        "annee": "2018"
    },
    {
        "marque": "Peugeot",
        "modele": "208",
        "prix": "9999",
        "kilometrage": "54335",
        "boite_vitesse": "Manuelle",
        "carburant": "Essence",
        "annee": "2019"
    },
    {
        "marque": "Peugeot",
        "modele": "208",
        "prix": "9999",
        "kilometrage": "64685",
        "boite_vitesse": "Manuelle",
        "carburant": "Essence",
        "annee": "2019"
    },
    {
        "marque": "Peugeot",
        "modele": "308",
        "prix": "9999",
        "kilometrage": "109880",
        "boite_vitesse": "Manuelle",
        "carburant": "Essence",
        "annee": "2016"
    },
    {
        "marque": "Peugeot",
        "modele": "208",
        "prix": "9999",
        "kilometrage": "67262",
        "boite_vitesse": "Manuelle",
        "carburant": "Essence",
        "annee": "2018"
    },
    {
        "marque": "Peugeot",
        "modele": "308",
        "prix": "9999",
        "kilometrage": "58893",
        "boite_vitesse": "Manuelle",
        "carburant": "Essence",
        "annee": "2018"
    },
    {
        "marque": "Peugeot",
        "modele": "308",
        "prix": "9999",
        "kilometrage": "79964",
        "boite_vitesse": "Manuelle",
        "carburant": "Essence",
        "annee": "2018"
    },
    {
        "marque": "Dacia",
        "modele": "SPRING",
        "prix": "9999",
        "kilometrage": "17085",
        "boite_vitesse": "Auto.",
        "carburant": "Électrique",
        "annee": "2021"
    },
    {
        "marque": "Citroën",
        "modele": "C3 Aircross",
        "prix": "9999",
        "kilometrage": "127786",
        "boite_vitesse": "Manuelle",
        "carburant": "Essence",
        "annee": "2018"
    },
    {
        "marque": "Fiat",
        "modele": "500",
        "prix": "9999",
        "kilometrage": "21386",
        "boite_vitesse": "Manuelle",
        "carburant": "Essence",
        "annee": "2015"
    },
    {
        "marque": "Renault",
        "modele": "Twingo 3",
        "prix": "9999",
        "kilometrage": "14435",
        "boite_vitesse": "Manuelle",
        "carburant": "Essence",
        "annee": "2020"
    },
    {
        "marque": "Peugeot",
        "modele": "308 SW",
        "prix": "9999",
        "kilometrage": "122451",
        "boite_vitesse": "Manuelle",
        "carburant": "Essence",
        "annee": "2017"
    },
    {
        "marque": "Peugeot",
        "modele": "308 SW",
        "prix": "9999",
        "kilometrage": "131335",
        "boite_vitesse": "Manuelle",
        "carburant": "Diesel",
        "annee": "2016"
    },
    {
        "marque": "Renault",
        "modele": "Zoé",
        "prix": "9999",
        "kilometrage": "21302",
        "boite_vitesse": "Auto.",
        "carburant": "Électrique",
        "annee": "2018"
    },
    {
        "marque": "Citroën",
        "modele": "C4 SPACETOURER",
        "prix": "9999",
        "kilometrage": "85949",
        "boite_vitesse": "Manuelle",
        "carburant": "Essence",
        "annee": "2018"
    },
    {
        "marque": "Dacia",
        "modele": "SPRING",
        "prix": "9999",
        "kilometrage": "27460",
        "boite_vitesse": "Auto.",
        "carburant": "Électrique",
        "annee": "2021"
    },
    {
        "marque": "Fiat",
        "modele": "Tipo",
        "prix": "9999",
        "kilometrage": "88434",
        "boite_vitesse": "Manuelle",
        "carburant": "Essence",
        "annee": "2019"
    },
    {
        "marque": "Toyota",
        "modele": "Aygo",
        "prix": "9999",
        "kilometrage": "48000",
        "boite_vitesse": "Manuelle",
        "carburant": "Essence",
        "annee": "2019"
    },
    {
        "marque": "Ford",
        "modele": "Fiesta",
        "prix": "9999",
        "kilometrage": "125423",
        "boite_vitesse": "Manuelle",
        "carburant": "Diesel",
        "annee": "2016"
    },
    {
        "marque": "Opel",
        "modele": "Crossland X",
        "prix": "9999",
        "kilometrage": "75273",
        "boite_vitesse": "Manuelle",
        "carburant": "Essence",
        "annee": "2020"
    },
    {
        "marque": "DS",
        "modele": "DS3",
        "prix": "9999",
        "kilometrage": "40122",
        "boite_vitesse": "Manuelle",
        "carburant": "Essence",
        "annee": "2017"
    },
    {
        "marque": "DS",
        "modele": "DS3",
        "prix": "9999",
        "kilometrage": "69890",
        "boite_vitesse": "Manuelle",
        "carburant": "Essence",
        "annee": "2018"
    },
    {
        "marque": "Smart",
        "modele": "FORTWO",
        "prix": "9999",
        "kilometrage": "20715",
        "boite_vitesse": "Manuelle",
        "carburant": "Essence",
        "annee": "2017"
    }
]