[
    {
        "marque": "Skoda",
        "modele": "KAMIQ",
        "prix": "22799",
        "kilometrage": "19745",
        "boite_vitesse": "Auto.",
        "carburant": "Essence",
        "annee": "2023"
    },
    {
        "marque": "Audi",
        "modele": "A4",
        "prix": "22799",
        "kilometrage": "66976",
        "boite_vitesse": "Manuelle",
        "carburant": "Micro-hybride essence",
        "annee": "2019"
    },
    {
        "marque": "Citroën",
        "modele": "C4",
        "prix": "22799",
        "kilometrage": "1237",
        "boite_vitesse": "Auto.",
        "carburant": "Essence",
        "annee": "2024"
    },
    {
        "marque": "Lynk&Co",
        "modele": "01",
        "prix": "22799",
        "kilometrage": "59882",
        "boite_vitesse": "Auto.",
        "carburant": "Hybride essence rechargeable",
        "annee": "2021"
    },
    {
        "marque": "Dacia",
        "modele": "JOGGER",
        "prix": "23900",
        "kilometrage": "7",
        "boite_vitesse": "Manuelle",
        "carburant": "Essence",
        "annee": "2024"
    },
    {
        "marque": "Citroën",
        "modele": "C4",
        "prix": "22899",
        "kilometrage": "15900",
        "boite_vitesse": "Auto.",
        "carburant": "Diesel",
        "annee": "2023"
    },
    {
        "marque": "Renault",
        "modele": "Arkana",
        "prix": "22899",
        "kilometrage": "30878",
        "boite_vitesse": "Auto.",
        "carburant": "Hybride essence",
        "annee": "2022"
    },
    {
        "marque": "Volkswagen",
        "modele": "Taigo",
        "prix": "22899",
        "kilometrage": "15410",
        "boite_vitesse": "Manuelle",
        "carburant": "Essence",
        "annee": "2024"
    },
    {
        "marque": "Jeep",
        "modele": "Compass",
        "prix": "22899",
        "kilometrage": "50663",
        "boite_vitesse": "Manuelle",
        "carburant": "Diesel",
        "annee": "2022"
    },
    {
        "marque": "Toyota",
        "modele": "Yaris 4",
        "prix": "28050",
        "kilometrage": "10",
        "boite_vitesse": "Auto.",
        "carburant": "Hybride essence",
        "annee": "2024"
    },
    {
        "marque": "Renault",
        "modele": "Captur",
        "prix": "29800",
        "kilometrage": "0",
        "boite_vitesse": "Manuelle",
        "carburant": "Essence",
        "annee": "2024"
    },
    {
        "marque": "Mercedes",
        "modele": "Classe A",
        "prix": "22999",
        "kilometrage": "30372",
        "boite_vitesse": "Manuelle",
        "carburant": "Essence",
        "annee": "2019"
    },
    {
        "marque": "Peugeot",
        "modele": "2008",
        "prix": "32720",
        "kilometrage": "0",
        "boite_vitesse": "Auto.",
        "carburant": "Essence",
        "annee": "2024"
    },
    {
        "marque": "Peugeot",
        "modele": "208",
        "prix": "22999",
        "kilometrage": "14827",
        "boite_vitesse": "Auto.",
        "carburant": "Électrique",
        "annee": "2023"
    },
    {
        "marque": "Opel",
        "modele": "Mokka",
        "prix": "33300",
        "kilometrage": "135",
        "boite_vitesse": "Auto.",
        "carburant": "Essence",
        "annee": "2023"
    },
    {
        "marque": "Peugeot",
        "modele": "3008",
        "prix": "22999",
        "kilometrage": "37493",
        "boite_vitesse": "Auto.",
        "carburant": "Diesel",
        "annee": "2020"
    },
    {
        "marque": "Peugeot",
        "modele": "3008",
        "prix": "22999",
        "kilometrage": "99580",
        "boite_vitesse": "Auto.",
        "carburant": "Diesel",
        "annee": "2021"
    },
    {
        "marque": "Peugeot",
        "modele": "3008",
        "prix": "22999",
        "kilometrage": "55110",
        "boite_vitesse": "Auto.",
        "carburant": "Hybride essence rechargeable",
        "annee": "2020"
    },
    {
        "marque": "Peugeot",
        "modele": "3008",
        "prix": "22999",
        "kilometrage": "18026",
        "boite_vitesse": "Manuelle",
        "carburant": "Essence",
        "annee": "2023"
    },
    {
        "marque": "Peugeot",
        "modele": "308",
        "prix": "22999",
        "kilometrage": "18824",
        "boite_vitesse": "Auto.",
        "carburant": "Essence",
        "annee": "2023"
    },
    {
        "marque": "Suzuki",
        "modele": "VITARA",
        "prix": "27580",
        "kilometrage": "10",
        "boite_vitesse": "Manuelle",
        "carburant": "Micro-hybride essence",
        "annee": "2024"
    },
    {
        "marque": "Peugeot",
        "modele": "308",
        "prix": "22999",
        "kilometrage": "94010",
        "boite_vitesse": "Auto.",
        "carburant": "Diesel",
        "annee": "2022"
    },
    {
        "marque": "Nissan",
        "modele": "Qashqai",
        "prix": "22999",
        "kilometrage": "34380",
        "boite_vitesse": "Manuelle",
        "carburant": "Micro-hybride essence",
        "annee": "2022"
    }
]