[
    {
        "marque": "Renault",
        "modele": "Twingo 3",
        "prix": "12999",
        "kilometrage": "8175",
        "boite_vitesse": "Manuelle",
        "carburant": "Essence",
        "annee": "2022"
    },
    {
        "marque": "Renault",
        "modele": "Kadjar",
        "prix": "12999",
        "kilometrage": "52727",
        "boite_vitesse": "Manuelle",
        "carburant": "Essence",
        "annee": "2016"
    },
    {
        "marque": "Audi",
        "modele": "A1 Sportback",
        "prix": "12999",
        "kilometrage": "116965",
        "boite_vitesse": "Manuelle",
        "carburant": "Essence",
        "annee": "2018"
    },
    {
        "marque": "Renault",
        "modele": "Kadjar",
        "prix": "12999",
        "kilometrage": "130942",
        "boite_vitesse": "Manuelle",
        "carburant": "Diesel",
        "annee": "2020"
    },
    {
        "marque": "Renault",
        "modele": "Twingo 3",
        "prix": "12999",
        "kilometrage": "19416",
        "boite_vitesse": "Auto.",
        "carburant": "Électrique",
        "annee": "2021"
    },
    {
        "marque": "Renault",
        "modele": "Kadjar",
        "prix": "12999",
        "kilometrage": "52725",
        "boite_vitesse": "Manuelle",
        "carburant": "Essence",
        "annee": "2016"
    },
    {
        "marque": "DS",
        "modele": "DS4",
        "prix": "12999",
        "kilometrage": "80308",
        "boite_vitesse": "Manuelle",
        "carburant": "Diesel",
        "annee": "2017"
    },
    {
        "marque": "DS",
        "modele": "DS4",
        "prix": "12999",
        "kilometrage": "33453",
        "boite_vitesse": "Manuelle",
        "carburant": "Essence",
        "annee": "2018"
    },
    {
        "marque": "DS",
        "modele": "DS4",
        "prix": "12999",
        "kilometrage": "58548",
        "boite_vitesse": "Manuelle",
        "carburant": "Essence",
        "annee": "2018"
    },
    {
        "marque": "Mini",
        "modele": "Mini",
        "prix": "12999",
        "kilometrage": "63390",
        "boite_vitesse": "Manuelle",
        "carburant": "Essence",
        "annee": "2016"
    },
    {
        "marque": "Opel",
        "modele": "Crossland",
        "prix": "12999",
        "kilometrage": "28675",
        "boite_vitesse": "Manuelle",
        "carburant": "Essence",
        "annee": "2021"
    },
    {
        "marque": "Hyundai",
        "modele": "i20",
        "prix": "12999",
        "kilometrage": "75652",
        "boite_vitesse": "Manuelle",
        "carburant": "Essence",
        "annee": "2020"
    },
    {
        "marque": "Kia",
        "modele": "Stonic",
        "prix": "12999",
        "kilometrage": "96328",
        "boite_vitesse": "Manuelle",
        "carburant": "Diesel",
        "annee": "2018"
    },
    {
        "marque": "Citroën",
        "modele": "C4 SPACETOURER",
        "prix": "12999",
        "kilometrage": "106470",
        "boite_vitesse": "Manuelle",
        "carburant": "Diesel",
        "annee": "2019"
    },
    {
        "marque": "Fiat",
        "modele": "Tipo",
        "prix": "12999",
        "kilometrage": "29736",
        "boite_vitesse": "Manuelle",
        "carburant": "Essence",
        "annee": "2019"
    },
    {
        "marque": "Fiat",
        "modele": "Tipo",
        "prix": "12999",
        "kilometrage": "81125",
        "boite_vitesse": "Manuelle",
        "carburant": "Diesel",
        "annee": "2019"
    },
    {
        "marque": "Peugeot",
        "modele": "2008",
        "prix": "12999",
        "kilometrage": "84001",
        "boite_vitesse": "Manuelle",
        "carburant": "Essence",
        "annee": "2020"
    },
    {
        "marque": "Ford",
        "modele": "Ecosport",
        "prix": "12999",
        "kilometrage": "40575",
        "boite_vitesse": "Manuelle",
        "carburant": "Essence",
        "annee": "2017"
    },
    {
        "marque": "Opel",
        "modele": "Astra Sports Tourer",
        "prix": "12999",
        "kilometrage": "81172",
        "boite_vitesse": "Manuelle",
        "carburant": "Diesel",
        "annee": "2019"
    },
    {
        "marque": "Opel",
        "modele": "Mokka X",
        "prix": "12999",
        "kilometrage": "94962",
        "boite_vitesse": "Manuelle",
        "carburant": "Diesel",
        "annee": "2017"
    },
    {
        "marque": "Fiat",
        "modele": "TIPO Station Wagon",
        "prix": "12999",
        "kilometrage": "102965",
        "boite_vitesse": "Manuelle",
        "carburant": "Diesel",
        "annee": "2019"
    },
    {
        "marque": "Smart",
        "modele": "FORTWO",
        "prix": "12999",
        "kilometrage": "44300",
        "boite_vitesse": "Auto.",
        "carburant": "Essence",
        "annee": "2016"
    },
    {
        "marque": "Renault",
        "modele": "Clio",
        "prix": "12999",
        "kilometrage": "102669",
        "boite_vitesse": "Manuelle",
        "carburant": "Diesel",
        "annee": "2020"
    }
]