[
    {
        "marque": "Peugeot",
        "modele": "2008",
        "prix": "18499",
        "kilometrage": "57750",
        "boite_vitesse": "Auto.",
        "carburant": "Essence",
        "annee": "2021"
    },
    {
        "marque": "Renault",
        "modele": "Clio 5",
        "prix": "22000",
        "kilometrage": "0",
        "boite_vitesse": "Manuelle",
        "carburant": "Essence",
        "annee": "2024"
    },
    {
        "marque": "Renault",
        "modele": "Clio 5",
        "prix": "18499",
        "kilometrage": "21601",
        "boite_vitesse": "Manuelle",
        "carburant": "Essence",
        "annee": "2022"
    },
    {
        "marque": "Peugeot",
        "modele": "3008",
        "prix": "18499",
        "kilometrage": "117265",
        "boite_vitesse": "Manuelle",
        "carburant": "Diesel",
        "annee": "2021"
    },
    {
        "marque": "Renault",
        "modele": "Captur",
        "prix": "18499",
        "kilometrage": "25500",
        "boite_vitesse": "Manuelle",
        "carburant": "Essence",
        "annee": "2023"
    },
    {
        "marque": "Citroën",
        "modele": "C5 Aircross",
        "prix": "18499",
        "kilometrage": "35600",
        "boite_vitesse": "Auto.",
        "carburant": "Essence",
        "annee": "2020"
    },
    {
        "marque": "Citroën",
        "modele": "C4",
        "prix": "18499",
        "kilometrage": "13262",
        "boite_vitesse": "Auto.",
        "carburant": "Essence",
        "annee": "2023"
    },
    {
        "marque": "Citroën",
        "modele": "C3",
        "prix": "18499",
        "kilometrage": "16698",
        "boite_vitesse": "Auto.",
        "carburant": "Essence",
        "annee": "2024"
    },
    {
        "marque": "Citroën",
        "modele": "C3",
        "prix": "18499",
        "kilometrage": "15989",
        "boite_vitesse": "Auto.",
        "carburant": "Essence",
        "annee": "2023"
    },
    {
        "marque": "Peugeot",
        "modele": "5008",
        "prix": "18499",
        "kilometrage": "95282",
        "boite_vitesse": "Manuelle",
        "carburant": "Diesel",
        "annee": "2018"
    },
    {
        "marque": "Dacia",
        "modele": "Duster",
        "prix": "18499",
        "kilometrage": "12102",
        "boite_vitesse": "Manuelle",
        "carburant": "GPL",
        "annee": "2022"
    },
    {
        "marque": "Citroën",
        "modele": "C5 Aircross",
        "prix": "18499",
        "kilometrage": "94975",
        "boite_vitesse": "Auto.",
        "carburant": "Hybride essence rechargeable",
        "annee": "2021"
    },
    {
        "marque": "Citroën",
        "modele": "C4",
        "prix": "18499",
        "kilometrage": "61455",
        "boite_vitesse": "Auto.",
        "carburant": "Diesel",
        "annee": "2021"
    },
    {
        "marque": "Citroën",
        "modele": "C5 Aircross",
        "prix": "18499",
        "kilometrage": "46105",
        "boite_vitesse": "Manuelle",
        "carburant": "Essence",
        "annee": "2022"
    },
    {
        "marque": "Citroën",
        "modele": "C5 Aircross",
        "prix": "18499",
        "kilometrage": "55221",
        "boite_vitesse": "Manuelle",
        "carburant": "Essence",
        "annee": "2022"
    },
    {
        "marque": "Citroën",
        "modele": "C3 Aircross",
        "prix": "18499",
        "kilometrage": "12030",
        "boite_vitesse": "Manuelle",
        "carburant": "Essence",
        "annee": "2023"
    },
    {
        "marque": "Fiat",
        "modele": "500",
        "prix": "18499",
        "kilometrage": "32380",
        "boite_vitesse": "Auto.",
        "carburant": "Électrique",
        "annee": "2021"
    },
    {
        "marque": "Peugeot",
        "modele": "308 SW",
        "prix": "18499",
        "kilometrage": "17279",
        "boite_vitesse": "Manuelle",
        "carburant": "Diesel",
        "annee": "2021"
    },
    {
        "marque": "Peugeot",
        "modele": "308 SW",
        "prix": "18499",
        "kilometrage": "49985",
        "boite_vitesse": "Auto.",
        "carburant": "Diesel",
        "annee": "2021"
    },
    {
        "marque": "Ford",
        "modele": "PUMA",
        "prix": "18499",
        "kilometrage": "54161",
        "boite_vitesse": "Manuelle",
        "carburant": "Hybride essence",
        "annee": "2022"
    },
    {
        "marque": "Renault",
        "modele": "Kadjar",
        "prix": "18499",
        "kilometrage": "62615",
        "boite_vitesse": "Auto.",
        "carburant": "Diesel",
        "annee": "2019"
    },
    {
        "marque": "Nissan",
        "modele": "X-Trail",
        "prix": "18499",
        "kilometrage": "98759",
        "boite_vitesse": "Auto.",
        "carburant": "Diesel",
        "annee": "2017"
    },
    {
        "marque": "DS",
        "modele": "DS3 Crossback",
        "prix": "18499",
        "kilometrage": "36265",
        "boite_vitesse": "Auto.",
        "carburant": "Électrique",
        "annee": "2021"
    }
]