[
    {
        "marque": "Ford",
        "modele": "Focus",
        "prix": "15999",
        "kilometrage": "108702",
        "boite_vitesse": "Manuelle",
        "carburant": "Diesel",
        "annee": "2020"
    },
    {
        "marque": "Seat",
        "modele": "Ibiza",
        "prix": "15999",
        "kilometrage": "65473",
        "boite_vitesse": "Auto.",
        "carburant": "Essence",
        "annee": "2020"
    },
    {
        "marque": "Renault",
        "modele": "Talisman",
        "prix": "15999",
        "kilometrage": "118641",
        "boite_vitesse": "Auto.",
        "carburant": "Essence",
        "annee": "2017"
    },
    {
        "marque": "Volkswagen",
        "modele": "e-Golf",
        "prix": "15999",
        "kilometrage": "48405",
        "boite_vitesse": "Auto.",
        "carburant": "Électrique",
        "annee": "2020"
    },
    {
        "marque": "Renault",
        "modele": "Mégane",
        "prix": "15999",
        "kilometrage": "73996",
        "boite_vitesse": "Manuelle",
        "carburant": "Diesel",
        "annee": "2021"
    },
    {
        "marque": "Peugeot",
        "modele": "208",
        "prix": "15999",
        "kilometrage": "16370",
        "boite_vitesse": "Manuelle",
        "carburant": "Essence",
        "annee": "2024"
    },
    {
        "marque": "Dacia",
        "modele": "Sandero",
        "prix": "15999",
        "kilometrage": "21450",
        "boite_vitesse": "Manuelle",
        "carburant": "Essence",
        "annee": "2022"
    },
    {
        "marque": "Citroën",
        "modele": "C3 Aircross",
        "prix": "15999",
        "kilometrage": "50270",
        "boite_vitesse": "Auto.",
        "carburant": "Essence",
        "annee": "2023"
    },
    {
        "marque": "Citroën",
        "modele": "C3 Aircross",
        "prix": "15999",
        "kilometrage": "37728",
        "boite_vitesse": "Manuelle",
        "carburant": "Diesel",
        "annee": "2023"
    },
    {
        "marque": "Opel",
        "modele": "Corsa",
        "prix": "15999",
        "kilometrage": "21288",
        "boite_vitesse": "Auto.",
        "carburant": "Essence",
        "annee": "2022"
    },
    {
        "marque": "BMW",
        "modele": "Série 3 Touring",
        "prix": "15999",
        "kilometrage": "120435",
        "boite_vitesse": "Auto.",
        "carburant": "Diesel",
        "annee": "2017"
    },
    {
        "marque": "Renault",
        "modele": "KANGOO VAN",
        "prix": "15999",
        "kilometrage": "46150",
        "boite_vitesse": "Manuelle",
        "carburant": "Diesel",
        "annee": "2022"
    },
    {
        "marque": "Renault",
        "modele": "Clio 5",
        "prix": "16199",
        "kilometrage": "19520",
        "boite_vitesse": "Manuelle",
        "carburant": "Essence",
        "annee": "2022"
    },
    {
        "marque": "Renault",
        "modele": "Clio 5",
        "prix": "16199",
        "kilometrage": "21050",
        "boite_vitesse": "Manuelle",
        "carburant": "Essence",
        "annee": "2022"
    },
    {
        "marque": "Peugeot",
        "modele": "208",
        "prix": "16299",
        "kilometrage": "8916",
        "boite_vitesse": "Manuelle",
        "carburant": "Essence",
        "annee": "2024"
    },
    {
        "marque": "Peugeot",
        "modele": "3008",
        "prix": "16299",
        "kilometrage": "35780",
        "boite_vitesse": "Auto.",
        "carburant": "Essence",
        "annee": "2018"
    },
    {
        "marque": "Citroën",
        "modele": "C3",
        "prix": "16299",
        "kilometrage": "9835",
        "boite_vitesse": "Auto.",
        "carburant": "Essence",
        "annee": "2022"
    },
    {
        "marque": "MG",
        "modele": "ZS",
        "prix": "16299",
        "kilometrage": "29448",
        "boite_vitesse": "Manuelle",
        "carburant": "Essence",
        "annee": "2022"
    },
    {
        "marque": "Nissan",
        "modele": "Juke",
        "prix": "16299",
        "kilometrage": "52608",
        "boite_vitesse": "Manuelle",
        "carburant": "Essence",
        "annee": "2022"
    },
    {
        "marque": "MG",
        "modele": "ZS",
        "prix": "16299",
        "kilometrage": "30362",
        "boite_vitesse": "Manuelle",
        "carburant": "Essence",
        "annee": "2023"
    },
    {
        "marque": "Toyota",
        "modele": "Yaris",
        "prix": "16299",
        "kilometrage": "69150",
        "boite_vitesse": "Auto.",
        "carburant": "Hybride essence",
        "annee": "2019"
    },
    {
        "marque": "Peugeot",
        "modele": "208",
        "prix": "16399",
        "kilometrage": "2434",
        "boite_vitesse": "Manuelle",
        "carburant": "Essence",
        "annee": "2024"
    },
    {
        "marque": "Citroën",
        "modele": "C4",
        "prix": "16399",
        "kilometrage": "80030",
        "boite_vitesse": "Auto.",
        "carburant": "Essence",
        "annee": "2022"
    }
]