[
    {
        "marque": "BYD",
        "modele": "Atto 3",
        "prix": "26499",
        "kilometrage": "21410",
        "boite_vitesse": "Auto.",
        "carburant": "Électrique",
        "annee": "2023"
    },
    {
        "marque": "BYD",
        "modele": "Atto 3",
        "prix": "26499",
        "kilometrage": "28995",
        "boite_vitesse": "Auto.",
        "carburant": "Électrique",
        "annee": "2023"
    },
    {
        "marque": "Renault",
        "modele": "Mégane E-TECH",
        "prix": "26499",
        "kilometrage": "31895",
        "boite_vitesse": "Auto.",
        "carburant": "Électrique",
        "annee": "2023"
    },
    {
        "marque": "Jeep",
        "modele": "Compass",
        "prix": "26499",
        "kilometrage": "19405",
        "boite_vitesse": "Auto.",
        "carburant": "Hybride essence rechargeable",
        "annee": "2022"
    },
    {
        "marque": "Alfa",
        "modele": "Romeo Tonale",
        "prix": "26499",
        "kilometrage": "16730",
        "boite_vitesse": "Auto.",
        "carburant": "Micro-hybride essence",
        "annee": "2024"
    },
    {
        "marque": "BMW",
        "modele": "Série 3 Touring",
        "prix": "26499",
        "kilometrage": "73084",
        "boite_vitesse": "Auto.",
        "carburant": "Micro-hybride diesel",
        "annee": "2022"
    },
    {
        "marque": "Audi",
        "modele": "A1",
        "prix": "26556",
        "kilometrage": "10360",
        "boite_vitesse": "Auto.",
        "carburant": "Essence",
        "annee": "2024"
    },
    {
        "marque": "Mercedes",
        "modele": "Classe A",
        "prix": "26599",
        "kilometrage": "88090",
        "boite_vitesse": "Auto.",
        "carburant": "Hybride essence rechargeable",
        "annee": "2021"
    },
    {
        "marque": "Volkswagen",
        "modele": "Taigo",
        "prix": "26599",
        "kilometrage": "26830",
        "boite_vitesse": "Auto.",
        "carburant": "Essence",
        "annee": "2024"
    },
    {
        "marque": "Peugeot",
        "modele": "Expert Fourgon",
        "prix": "26599",
        "kilometrage": "10",
        "boite_vitesse": "Manuelle",
        "carburant": "Diesel",
        "annee": "2022"
    },
    {
        "marque": "Jeep",
        "modele": "Compass",
        "prix": "26599",
        "kilometrage": "25851",
        "boite_vitesse": "Auto.",
        "carburant": "Hybride essence rechargeable",
        "annee": "2023"
    },
    {
        "marque": "Renault",
        "modele": "Symbioz",
        "prix": "34200",
        "kilometrage": "0",
        "boite_vitesse": "Auto.",
        "carburant": "Hybride essence",
        "annee": "2025"
    },
    {
        "marque": "Dacia",
        "modele": "Duster",
        "prix": "26890",
        "kilometrage": "10",
        "boite_vitesse": "Manuelle",
        "carburant": "Essence",
        "annee": "2025"
    },
    {
        "marque": "Dacia",
        "modele": "Duster",
        "prix": "29400",
        "kilometrage": "10",
        "boite_vitesse": "Manuelle",
        "carburant": "Micro-hybride essence",
        "annee": "2025"
    },
    {
        "marque": "Dacia",
        "modele": "Duster",
        "prix": "26890",
        "kilometrage": "10",
        "boite_vitesse": "Manuelle",
        "carburant": "Essence",
        "annee": "2025"
    },
    {
        "marque": "Peugeot",
        "modele": "5008",
        "prix": "26699",
        "kilometrage": "21002",
        "boite_vitesse": "Manuelle",
        "carburant": "Essence",
        "annee": "2024"
    },
    {
        "marque": "Citroën",
        "modele": "C5 X",
        "prix": "26699",
        "kilometrage": "10",
        "boite_vitesse": "Auto.",
        "carburant": "Essence",
        "annee": "2024"
    },
    {
        "marque": "Citroën",
        "modele": "C5 X",
        "prix": "26699",
        "kilometrage": "10",
        "boite_vitesse": "Auto.",
        "carburant": "Essence",
        "annee": "2024"
    },
    {
        "marque": "Peugeot",
        "modele": "408",
        "prix": "26799",
        "kilometrage": "22851",
        "boite_vitesse": "Auto.",
        "carburant": "Micro-hybride essence",
        "annee": "2024"
    },
    {
        "marque": "Dacia",
        "modele": "Duster",
        "prix": "29290",
        "kilometrage": "0",
        "boite_vitesse": "Auto.",
        "carburant": "Hybride essence",
        "annee": "2025"
    },
    {
        "marque": "Citroën",
        "modele": "C5 Aircross",
        "prix": "26799",
        "kilometrage": "7656",
        "boite_vitesse": "Auto.",
        "carburant": "Essence",
        "annee": "2024"
    },
    {
        "marque": "Peugeot",
        "modele": "5008",
        "prix": "26799",
        "kilometrage": "20381",
        "boite_vitesse": "Manuelle",
        "carburant": "Essence",
        "annee": "2024"
    },
    {
        "marque": "Hyundai",
        "modele": "Tucson",
        "prix": "26799",
        "kilometrage": "60925",
        "boite_vitesse": "Auto.",
        "carburant": "Micro-hybride diesel",
        "annee": "2021"
    }
]