[
    {
        "marque": "Dacia",
        "modele": "Duster",
        "prix": "30150",
        "kilometrage": "10",
        "boite_vitesse": "Manuelle",
        "carburant": "Micro-hybride essence",
        "annee": "2025"
    },
    {
        "marque": "Dacia",
        "modele": "Duster",
        "prix": "29400",
        "kilometrage": "8",
        "boite_vitesse": "Manuelle",
        "carburant": "Micro-hybride essence",
        "annee": "2025"
    },
    {
        "marque": "Peugeot",
        "modele": "3008",
        "prix": "27799",
        "kilometrage": "21158",
        "boite_vitesse": "Auto.",
        "carburant": "Micro-hybride essence",
        "annee": "2024"
    },
    {
        "marque": "Seat",
        "modele": "Ateca",
        "prix": "27799",
        "kilometrage": "41480",
        "boite_vitesse": "Auto.",
        "carburant": "Essence",
        "annee": "2022"
    },
    {
        "marque": "Peugeot",
        "modele": "308 SW",
        "prix": "27899",
        "kilometrage": "19948",
        "boite_vitesse": "Auto.",
        "carburant": "Diesel",
        "annee": "2024"
    },
    {
        "marque": "Peugeot",
        "modele": "308 SW",
        "prix": "27899",
        "kilometrage": "19984",
        "boite_vitesse": "Auto.",
        "carburant": "Diesel",
        "annee": "2024"
    },
    {
        "marque": "Peugeot",
        "modele": "308 SW",
        "prix": "27899",
        "kilometrage": "21697",
        "boite_vitesse": "Auto.",
        "carburant": "Diesel",
        "annee": "2024"
    },
    {
        "marque": "Peugeot",
        "modele": "308 SW",
        "prix": "27899",
        "kilometrage": "21263",
        "boite_vitesse": "Auto.",
        "carburant": "Diesel",
        "annee": "2024"
    },
    {
        "marque": "DS",
        "modele": "DS4",
        "prix": "27899",
        "kilometrage": "21732",
        "boite_vitesse": "Auto.",
        "carburant": "Essence",
        "annee": "2024"
    },
    {
        "marque": "Cupra",
        "modele": "Leon Sportstourer",
        "prix": "27899",
        "kilometrage": "30582",
        "boite_vitesse": "Auto.",
        "carburant": "Hybride essence rechargeable",
        "annee": "2021"
    },
    {
        "marque": "Toyota",
        "modele": "RAV 4",
        "prix": "27899",
        "kilometrage": "131914",
        "boite_vitesse": "Auto.",
        "carburant": "Hybride essence",
        "annee": "2020"
    },
    {
        "marque": "Audi",
        "modele": "A1 Sportback",
        "prix": "27988",
        "kilometrage": "11420",
        "boite_vitesse": "Auto.",
        "carburant": "Essence",
        "annee": "2024"
    },
    {
        "marque": "Peugeot",
        "modele": "2008",
        "prix": "35850",
        "kilometrage": "10",
        "boite_vitesse": "Auto.",
        "carburant": "Micro-hybride essence",
        "annee": "2025"
    },
    {
        "marque": "Citroën",
        "modele": "C5 Aircross",
        "prix": "39380",
        "kilometrage": "0",
        "boite_vitesse": "Auto.",
        "carburant": "Diesel",
        "annee": "2025"
    },
    {
        "marque": "Peugeot",
        "modele": "2008",
        "prix": "35670",
        "kilometrage": "10",
        "boite_vitesse": "Auto.",
        "carburant": "Micro-hybride essence",
        "annee": "2025"
    },
    {
        "marque": "Peugeot",
        "modele": "2008",
        "prix": "42720",
        "kilometrage": "0",
        "boite_vitesse": "Auto.",
        "carburant": "Électrique",
        "annee": "2025"
    },
    {
        "marque": "Peugeot",
        "modele": "2008",
        "prix": "35870",
        "kilometrage": "10",
        "boite_vitesse": "Auto.",
        "carburant": "Micro-hybride essence",
        "annee": "2025"
    },
    {
        "marque": "Peugeot",
        "modele": "2008",
        "prix": "35850",
        "kilometrage": "10",
        "boite_vitesse": "Auto.",
        "carburant": "Micro-hybride essence",
        "annee": "2025"
    },
    {
        "marque": "Peugeot",
        "modele": "2008",
        "prix": "35870",
        "kilometrage": "10",
        "boite_vitesse": "Auto.",
        "carburant": "Micro-hybride essence",
        "annee": "2025"
    },
    {
        "marque": "Renault",
        "modele": "Symbioz",
        "prix": "35400",
        "kilometrage": "10",
        "boite_vitesse": "Auto.",
        "carburant": "Hybride essence",
        "annee": "2025"
    },
    {
        "marque": "Peugeot",
        "modele": "308 SW",
        "prix": "41090",
        "kilometrage": "10",
        "boite_vitesse": "Auto.",
        "carburant": "Diesel",
        "annee": "2024"
    },
    {
        "marque": "Peugeot",
        "modele": "408",
        "prix": "40650",
        "kilometrage": "44",
        "boite_vitesse": "Auto.",
        "carburant": "Essence",
        "annee": "2024"
    },
    {
        "marque": "Peugeot",
        "modele": "3008",
        "prix": "27999",
        "kilometrage": "26959",
        "boite_vitesse": "Auto.",
        "carburant": "Hybride essence rechargeable",
        "annee": "2023"
    }
]