[
    {
        "marque": "Renault",
        "modele": "Scénic 4",
        "prix": "13999",
        "kilometrage": "105490",
        "boite_vitesse": "Manuelle",
        "carburant": "Diesel",
        "annee": "2019"
    },
    {
        "marque": "Citroën",
        "modele": "C4 Picasso",
        "prix": "13999",
        "kilometrage": "31830",
        "boite_vitesse": "Auto.",
        "carburant": "Essence",
        "annee": "2017"
    },
    {
        "marque": "Kia",
        "modele": "Niro",
        "prix": "13999",
        "kilometrage": "143890",
        "boite_vitesse": "Auto.",
        "carburant": "Hybride essence",
        "annee": "2017"
    },
    {
        "marque": "Smart",
        "modele": "FORTWO CABRIO",
        "prix": "13999",
        "kilometrage": "15378",
        "boite_vitesse": "Manuelle",
        "carburant": "Essence",
        "annee": "2019"
    },
    {
        "marque": "Citroën",
        "modele": "C3",
        "prix": "14199",
        "kilometrage": "11393",
        "boite_vitesse": "Manuelle",
        "carburant": "Essence",
        "annee": "2024"
    },
    {
        "marque": "Citroën",
        "modele": "C3",
        "prix": "14199",
        "kilometrage": "12205",
        "boite_vitesse": "Manuelle",
        "carburant": "Essence",
        "annee": "2024"
    },
    {
        "marque": "Dacia",
        "modele": "Sandero",
        "prix": "14199",
        "kilometrage": "38944",
        "boite_vitesse": "Manuelle",
        "carburant": "GPL",
        "annee": "2021"
    },
    {
        "marque": "Dacia",
        "modele": "Sandero",
        "prix": "14199",
        "kilometrage": "46865",
        "boite_vitesse": "Manuelle",
        "carburant": "GPL",
        "annee": "2021"
    },
    {
        "marque": "Dacia",
        "modele": "Sandero",
        "prix": "14199",
        "kilometrage": "31544",
        "boite_vitesse": "Manuelle",
        "carburant": "GPL",
        "annee": "2022"
    },
    {
        "marque": "Suzuki",
        "modele": "Ignis",
        "prix": "14199",
        "kilometrage": "20920",
        "boite_vitesse": "Manuelle",
        "carburant": "Micro-hybride essence",
        "annee": "2021"
    },
    {
        "marque": "Peugeot",
        "modele": "208",
        "prix": "14299",
        "kilometrage": "67357",
        "boite_vitesse": "Auto.",
        "carburant": "Essence",
        "annee": "2020"
    },
    {
        "marque": "Citroën",
        "modele": "C3",
        "prix": "14299",
        "kilometrage": "10244",
        "boite_vitesse": "Manuelle",
        "carburant": "Essence",
        "annee": "2024"
    },
    {
        "marque": "Citroën",
        "modele": "C3",
        "prix": "14299",
        "kilometrage": "27722",
        "boite_vitesse": "Auto.",
        "carburant": "Essence",
        "annee": "2022"
    },
    {
        "marque": "Citroën",
        "modele": "C3",
        "prix": "14299",
        "kilometrage": "10376",
        "boite_vitesse": "Manuelle",
        "carburant": "Essence",
        "annee": "2024"
    },
    {
        "marque": "Dacia",
        "modele": "Sandero",
        "prix": "14299",
        "kilometrage": "17630",
        "boite_vitesse": "Manuelle",
        "carburant": "Essence",
        "annee": "2019"
    },
    {
        "marque": "Opel",
        "modele": "Corsa",
        "prix": "14299",
        "kilometrage": "21942",
        "boite_vitesse": "Manuelle",
        "carburant": "Essence",
        "annee": "2023"
    },
    {
        "marque": "Opel",
        "modele": "Corsa",
        "prix": "14299",
        "kilometrage": "23522",
        "boite_vitesse": "Manuelle",
        "carburant": "Essence",
        "annee": "2023"
    },
    {
        "marque": "Toyota",
        "modele": "Yaris",
        "prix": "14299",
        "kilometrage": "79486",
        "boite_vitesse": "Auto.",
        "carburant": "Hybride essence",
        "annee": "2017"
    },
    {
        "marque": "Ford",
        "modele": "Fiesta",
        "prix": "14299",
        "kilometrage": "29274",
        "boite_vitesse": "Manuelle",
        "carburant": "Essence",
        "annee": "2019"
    },
    {
        "marque": "Citroën",
        "modele": "C3",
        "prix": "14299",
        "kilometrage": "7492",
        "boite_vitesse": "Manuelle",
        "carburant": "Essence",
        "annee": "2024"
    },
    {
        "marque": "Opel",
        "modele": "Corsa",
        "prix": "14299",
        "kilometrage": "22770",
        "boite_vitesse": "Manuelle",
        "carburant": "Essence",
        "annee": "2023"
    },
    {
        "marque": "Opel",
        "modele": "Corsa",
        "prix": "14299",
        "kilometrage": "23533",
        "boite_vitesse": "Manuelle",
        "carburant": "Essence",
        "annee": "2023"
    },
    {
        "marque": "Ford",
        "modele": "TOURNEO COURIER",
        "prix": "14393",
        "kilometrage": "95552",
        "boite_vitesse": "Manuelle",
        "carburant": "Éthanol E85",
        "annee": "2018"
    }
]