[
    {
        "marque": "DS",
        "modele": "DS7",
        "prix": "34499",
        "kilometrage": "27116",
        "boite_vitesse": "Auto.",
        "carburant": "Hybride essence rechargeable",
        "annee": "2023"
    },
    {
        "marque": "Renault",
        "modele": "Austral",
        "prix": "43400",
        "kilometrage": "10",
        "boite_vitesse": "Auto.",
        "carburant": "Hybride essence",
        "annee": "2025"
    },
    {
        "marque": "Peugeot",
        "modele": "3008",
        "prix": "45000",
        "kilometrage": "10",
        "boite_vitesse": "Auto.",
        "carburant": "Micro-hybride essence",
        "annee": "2025"
    },
    {
        "marque": "Volkswagen",
        "modele": "T-Roc",
        "prix": "41750",
        "kilometrage": "10",
        "boite_vitesse": "Auto.",
        "carburant": "Essence",
        "annee": "2025"
    },
    {
        "marque": "DS",
        "modele": "DS7",
        "prix": "34799",
        "kilometrage": "24350",
        "boite_vitesse": "Auto.",
        "carburant": "Hybride essence rechargeable",
        "annee": "2023"
    },
    {
        "marque": "BMW",
        "modele": "Série 3",
        "prix": "34799",
        "kilometrage": "79209",
        "boite_vitesse": "Auto.",
        "carburant": "Micro-hybride diesel",
        "annee": "2020"
    },
    {
        "marque": "Cupra",
        "modele": "FORMENTOR",
        "prix": "47430",
        "kilometrage": "0",
        "boite_vitesse": "Auto.",
        "carburant": "Micro-hybride essence",
        "annee": "2025"
    },
    {
        "marque": "Audi",
        "modele": "Q5",
        "prix": "34899",
        "kilometrage": "114700",
        "boite_vitesse": "Auto.",
        "carburant": "Hybride essence rechargeable",
        "annee": "2021"
    },
    {
        "marque": "Peugeot",
        "modele": "3008",
        "prix": "46990",
        "kilometrage": "10",
        "boite_vitesse": "Auto.",
        "carburant": "Électrique",
        "annee": "2025"
    },
    {
        "marque": "Peugeot",
        "modele": "3008",
        "prix": "48740",
        "kilometrage": "0",
        "boite_vitesse": "Auto.",
        "carburant": "Électrique",
        "annee": "2025"
    },
    {
        "marque": "Volkswagen",
        "modele": "Golf 8",
        "prix": "45750",
        "kilometrage": "10",
        "boite_vitesse": "Auto.",
        "carburant": "Hybride essence rechargeable",
        "annee": "2025"
    },
    {
        "marque": "Volkswagen",
        "modele": "Transporter",
        "prix": "44796",
        "kilometrage": "67",
        "boite_vitesse": "Manuelle",
        "carburant": "Diesel",
        "annee": "2024"
    },
    {
        "marque": "Volkswagen",
        "modele": "Transporter",
        "prix": "",
        "kilometrage": "25",
        "boite_vitesse": "Manuelle",
        "carburant": "Diesel",
        "annee": "2024"
    },
    {
        "marque": "Volkswagen",
        "modele": "Golf 8",
        "prix": "34999",
        "kilometrage": "24855",
        "boite_vitesse": "Auto.",
        "carburant": "Essence",
        "annee": "2023"
    },
    {
        "marque": "Cupra",
        "modele": "Leon",
        "prix": "34999",
        "kilometrage": "20070",
        "boite_vitesse": "Auto.",
        "carburant": "Essence",
        "annee": "2024"
    },
    {
        "marque": "Tesla",
        "modele": "MODEL Y",
        "prix": "34999",
        "kilometrage": "44695",
        "boite_vitesse": "Auto.",
        "carburant": "Électrique",
        "annee": "2022"
    },
    {
        "marque": "Nissan",
        "modele": "Ariya",
        "prix": "34999",
        "kilometrage": "18200",
        "boite_vitesse": "Auto.",
        "carburant": "Électrique",
        "annee": "2023"
    },
    {
        "marque": "Renault",
        "modele": "MASTER FOURGON",
        "prix": "55960",
        "kilometrage": "5",
        "boite_vitesse": "Manuelle",
        "carburant": "Diesel",
        "annee": "2025"
    },
    {
        "marque": "DS",
        "modele": "DS7",
        "prix": "53400",
        "kilometrage": "1",
        "boite_vitesse": "Auto.",
        "carburant": "Diesel",
        "annee": "2025"
    },
    {
        "marque": "DS",
        "modele": "DS7",
        "prix": "53400",
        "kilometrage": "6",
        "boite_vitesse": "Auto.",
        "carburant": "Diesel",
        "annee": "2025"
    },
    {
        "marque": "DS",
        "modele": "DS7",
        "prix": "53200",
        "kilometrage": "5",
        "boite_vitesse": "Auto.",
        "carburant": "Diesel",
        "annee": "2025"
    },
    {
        "marque": "Cupra",
        "modele": "FORMENTOR",
        "prix": "46025",
        "kilometrage": "10",
        "boite_vitesse": "Auto.",
        "carburant": "Micro-hybride essence",
        "annee": "2025"
    },
    {
        "marque": "Volkswagen",
        "modele": "T-Roc",
        "prix": "42540",
        "kilometrage": "11",
        "boite_vitesse": "Auto.",
        "carburant": "Essence",
        "annee": "2025"
    }
]