[
    {
        "marque": "Opel",
        "modele": "Astra",
        "prix": "11999",
        "kilometrage": "126977",
        "boite_vitesse": "Auto.",
        "carburant": "Diesel",
        "annee": "2020"
    },
    {
        "marque": "Opel",
        "modele": "Astra",
        "prix": "11999",
        "kilometrage": "111388",
        "boite_vitesse": "Manuelle",
        "carburant": "Essence",
        "annee": "2017"
    },
    {
        "marque": "Opel",
        "modele": "Crossland X",
        "prix": "11999",
        "kilometrage": "59440",
        "boite_vitesse": "Manuelle",
        "carburant": "Essence",
        "annee": "2020"
    },
    {
        "marque": "Opel",
        "modele": "Crossland X",
        "prix": "11999",
        "kilometrage": "50210",
        "boite_vitesse": "Manuelle",
        "carburant": "Essence",
        "annee": "2019"
    },
    {
        "marque": "Fiat",
        "modele": "Tipo",
        "prix": "11999",
        "kilometrage": "51359",
        "boite_vitesse": "Manuelle",
        "carburant": "Essence",
        "annee": "2019"
    },
    {
        "marque": "Opel",
        "modele": "Grandland X",
        "prix": "11999",
        "kilometrage": "67880",
        "boite_vitesse": "Manuelle",
        "carburant": "Essence",
        "annee": "2017"
    },
    {
        "marque": "Fiat",
        "modele": "Tipo",
        "prix": "11999",
        "kilometrage": "90199",
        "boite_vitesse": "Manuelle",
        "carburant": "Diesel",
        "annee": "2021"
    },
    {
        "marque": "Fiat",
        "modele": "500C",
        "prix": "11999",
        "kilometrage": "41145",
        "boite_vitesse": "Manuelle",
        "carburant": "Essence",
        "annee": "2019"
    },
    {
        "marque": "Toyota",
        "modele": "Aygo",
        "prix": "11999",
        "kilometrage": "36652",
        "boite_vitesse": "Manuelle",
        "carburant": "Essence",
        "annee": "2021"
    },
    {
        "marque": "Skoda",
        "modele": "Fabia",
        "prix": "11999",
        "kilometrage": "84620",
        "boite_vitesse": "Manuelle",
        "carburant": "Essence",
        "annee": "2017"
    },
    {
        "marque": "Volkswagen",
        "modele": "Up",
        "prix": "11999",
        "kilometrage": "12515",
        "boite_vitesse": "Auto.",
        "carburant": "Électrique",
        "annee": "2023"
    },
    {
        "marque": "Dacia",
        "modele": "Logan MCV",
        "prix": "11999",
        "kilometrage": "36350",
        "boite_vitesse": "Manuelle",
        "carburant": "Essence",
        "annee": "2020"
    },
    {
        "marque": "Renault",
        "modele": "Clio 4 Estate",
        "prix": "11999",
        "kilometrage": "110366",
        "boite_vitesse": "Manuelle",
        "carburant": "Diesel",
        "annee": "2017"
    },
    {
        "marque": "Renault",
        "modele": "Clio 4 Estate",
        "prix": "11999",
        "kilometrage": "90048",
        "boite_vitesse": "Manuelle",
        "carburant": "Diesel",
        "annee": "2018"
    },
    {
        "marque": "Opel",
        "modele": "Mokka X",
        "prix": "11999",
        "kilometrage": "126380",
        "boite_vitesse": "Manuelle",
        "carburant": "Diesel",
        "annee": "2018"
    },
    {
        "marque": "Mitsubishi",
        "modele": "Space Star",
        "prix": "11999",
        "kilometrage": "16247",
        "boite_vitesse": "Manuelle",
        "carburant": "Essence",
        "annee": "2024"
    },
    {
        "marque": "Peugeot",
        "modele": "208",
        "prix": "11999",
        "kilometrage": "29600",
        "boite_vitesse": "Manuelle",
        "carburant": "Essence",
        "annee": "2020"
    },
    {
        "marque": "Peugeot",
        "modele": "2008",
        "prix": "11999",
        "kilometrage": "65843",
        "boite_vitesse": "Auto.",
        "carburant": "Essence",
        "annee": "2018"
    },
    {
        "marque": "Citroën",
        "modele": "C5 Aircross",
        "prix": "11999",
        "kilometrage": "94196",
        "boite_vitesse": "Manuelle",
        "carburant": "Essence",
        "annee": "2019"
    },
    {
        "marque": "Renault",
        "modele": "Captur",
        "prix": "11999",
        "kilometrage": "117766",
        "boite_vitesse": "Auto.",
        "carburant": "Essence",
        "annee": "2017"
    },
    {
        "marque": "Peugeot",
        "modele": "308 SW",
        "prix": "11999",
        "kilometrage": "109870",
        "boite_vitesse": "Manuelle",
        "carburant": "Diesel",
        "annee": "2021"
    },
    {
        "marque": "Renault",
        "modele": "Scénic 4",
        "prix": "11999",
        "kilometrage": "108095",
        "boite_vitesse": "Manuelle",
        "carburant": "Diesel",
        "annee": "2016"
    },
    {
        "marque": "Fiat",
        "modele": "Tipo SW",
        "prix": "11999",
        "kilometrage": "84350",
        "boite_vitesse": "Manuelle",
        "carburant": "Diesel",
        "annee": "2018"
    }
]