[
    {
        "marque": "Suzuki",
        "modele": "VITARA",
        "prix": "20499",
        "kilometrage": "37417",
        "boite_vitesse": "Manuelle",
        "carburant": "Micro-hybride essence",
        "annee": "2023"
    },
    {
        "marque": "Audi",
        "modele": "A3 Sportback",
        "prix": "20499",
        "kilometrage": "86021",
        "boite_vitesse": "Auto.",
        "carburant": "Éthanol E85",
        "annee": "2019"
    },
    {
        "marque": "Citroën",
        "modele": "C4 X",
        "prix": "20499",
        "kilometrage": "5",
        "boite_vitesse": "Auto.",
        "carburant": "Essence",
        "annee": "2023"
    },
    {
        "marque": "Opel",
        "modele": "Astra",
        "prix": "20499",
        "kilometrage": "9361",
        "boite_vitesse": "Manuelle",
        "carburant": "Essence",
        "annee": "2023"
    },
    {
        "marque": "DS",
        "modele": "DS3 CROSSBACK",
        "prix": "20499",
        "kilometrage": "20556",
        "boite_vitesse": "Auto.",
        "carburant": "Essence",
        "annee": "2022"
    },
    {
        "marque": "Jeep",
        "modele": "Renegade",
        "prix": "20499",
        "kilometrage": "34202",
        "boite_vitesse": "Auto.",
        "carburant": "Essence",
        "annee": "2022"
    },
    {
        "marque": "Peugeot",
        "modele": "508",
        "prix": "20499",
        "kilometrage": "49854",
        "boite_vitesse": "Auto.",
        "carburant": "Diesel",
        "annee": "2021"
    },
    {
        "marque": "Kia",
        "modele": "XCEED",
        "prix": "20499",
        "kilometrage": "38080",
        "boite_vitesse": "Manuelle",
        "carburant": "Essence",
        "annee": "2022"
    },
    {
        "marque": "Opel",
        "modele": "Grandland X",
        "prix": "20499",
        "kilometrage": "70151",
        "boite_vitesse": "Auto.",
        "carburant": "Diesel",
        "annee": "2019"
    },
    {
        "marque": "Kia",
        "modele": "Xceed",
        "prix": "20499",
        "kilometrage": "49333",
        "boite_vitesse": "Auto.",
        "carburant": "Hybride essence rechargeable",
        "annee": "2021"
    },
    {
        "marque": "Skoda",
        "modele": "Fabia",
        "prix": "20499",
        "kilometrage": "32818",
        "boite_vitesse": "Auto.",
        "carburant": "Essence",
        "annee": "2023"
    },
    {
        "marque": "Peugeot",
        "modele": "208 ELECTRIQUE",
        "prix": "20499",
        "kilometrage": "7504",
        "boite_vitesse": "Auto.",
        "carburant": "Électrique",
        "annee": "2023"
    },
    {
        "marque": "Honda",
        "modele": "Civic",
        "prix": "20499",
        "kilometrage": "25930",
        "boite_vitesse": "Manuelle",
        "carburant": "Essence",
        "annee": "2021"
    },
    {
        "marque": "Fiat",
        "modele": "TIPO Station Wagon",
        "prix": "20499",
        "kilometrage": "950",
        "boite_vitesse": "Auto.",
        "carburant": "Micro-hybride essence",
        "annee": "2024"
    },
    {
        "marque": "Mini",
        "modele": "Mini Cabriolet",
        "prix": "20499",
        "kilometrage": "72374",
        "boite_vitesse": "Auto.",
        "carburant": "Essence",
        "annee": "2018"
    },
    {
        "marque": "Mazda",
        "modele": "MX-5",
        "prix": "20499",
        "kilometrage": "14279",
        "boite_vitesse": "Manuelle",
        "carburant": "Essence",
        "annee": "2021"
    },
    {
        "marque": "Audi",
        "modele": "A4 Allroad",
        "prix": "20499",
        "kilometrage": "144586",
        "boite_vitesse": "Auto.",
        "carburant": "Diesel",
        "annee": "2017"
    },
    {
        "marque": "Peugeot",
        "modele": "208",
        "prix": "20499",
        "kilometrage": "9338",
        "boite_vitesse": "Auto.",
        "carburant": "Électrique",
        "annee": "2023"
    },
    {
        "marque": "Mercedes",
        "modele": "Classe A",
        "prix": "20499",
        "kilometrage": "121046",
        "boite_vitesse": "Auto.",
        "carburant": "Diesel",
        "annee": "2018"
    },
    {
        "marque": "DS",
        "modele": "DS7 CROSSBACK",
        "prix": "20499",
        "kilometrage": "88076",
        "boite_vitesse": "Auto.",
        "carburant": "Essence",
        "annee": "2021"
    },
    {
        "marque": "Peugeot",
        "modele": "208 ELECTRIQUE",
        "prix": "20499",
        "kilometrage": "9294",
        "boite_vitesse": "Auto.",
        "carburant": "Électrique",
        "annee": "2023"
    },
    {
        "marque": "Volkswagen",
        "modele": "ID.4",
        "prix": "20499",
        "kilometrage": "115924",
        "boite_vitesse": "Auto.",
        "carburant": "Électrique",
        "annee": "2021"
    },
    {
        "marque": "Citroën",
        "modele": "C5 Aircross",
        "prix": "20599",
        "kilometrage": "61437",
        "boite_vitesse": "Auto.",
        "carburant": "Hybride essence rechargeable",
        "annee": "2021"
    }
]