[
    {
        "marque": "Ford",
        "modele": "PUMA",
        "prix": "19999",
        "kilometrage": "52689",
        "boite_vitesse": "Manuelle",
        "carburant": "Éthanol E85",
        "annee": "2021"
    },
    {
        "marque": "Mercedes",
        "modele": "Classe A",
        "prix": "19999",
        "kilometrage": "99456",
        "boite_vitesse": "Auto.",
        "carburant": "Essence",
        "annee": "2015"
    },
    {
        "marque": "Volkswagen",
        "modele": "Polo",
        "prix": "19999",
        "kilometrage": "22495",
        "boite_vitesse": "Manuelle",
        "carburant": "Essence",
        "annee": "2023"
    },
    {
        "marque": "Kia",
        "modele": "Sportage",
        "prix": "19999",
        "kilometrage": "92897",
        "boite_vitesse": "Manuelle",
        "carburant": "Diesel",
        "annee": "2022"
    },
    {
        "marque": "Renault",
        "modele": "Mégane 4",
        "prix": "19999",
        "kilometrage": "47433",
        "boite_vitesse": "Auto.",
        "carburant": "Diesel",
        "annee": "2022"
    },
    {
        "marque": "Opel",
        "modele": "Mokka",
        "prix": "19999",
        "kilometrage": "7546",
        "boite_vitesse": "Auto.",
        "carburant": "Électrique",
        "annee": "2022"
    },
    {
        "marque": "Audi",
        "modele": "A3 Sportback",
        "prix": "19999",
        "kilometrage": "123317",
        "boite_vitesse": "Manuelle",
        "carburant": "Diesel",
        "annee": "2021"
    },
    {
        "marque": "Seat",
        "modele": "Arona",
        "prix": "19999",
        "kilometrage": "34995",
        "boite_vitesse": "Auto.",
        "carburant": "Essence",
        "annee": "2021"
    },
    {
        "marque": "Volkswagen",
        "modele": "T-CROSS",
        "prix": "19999",
        "kilometrage": "53278",
        "boite_vitesse": "Auto.",
        "carburant": "Essence",
        "annee": "2021"
    },
    {
        "marque": "Seat",
        "modele": "Arona",
        "prix": "19999",
        "kilometrage": "24366",
        "boite_vitesse": "Manuelle",
        "carburant": "Essence",
        "annee": "2023"
    },
    {
        "marque": "Ford",
        "modele": "Focus",
        "prix": "19999",
        "kilometrage": "56559",
        "boite_vitesse": "Auto.",
        "carburant": "Essence",
        "annee": "2020"
    },
    {
        "marque": "Ford",
        "modele": "Focus",
        "prix": "19999",
        "kilometrage": "51712",
        "boite_vitesse": "Auto.",
        "carburant": "Hybride essence",
        "annee": "2023"
    },
    {
        "marque": "Skoda",
        "modele": "KAMIQ",
        "prix": "19999",
        "kilometrage": "15630",
        "boite_vitesse": "Manuelle",
        "carburant": "Essence",
        "annee": "2023"
    },
    {
        "marque": "Seat",
        "modele": "Leon",
        "prix": "19999",
        "kilometrage": "12674",
        "boite_vitesse": "Manuelle",
        "carburant": "Essence",
        "annee": "2024"
    },
    {
        "marque": "Ford",
        "modele": "Focus",
        "prix": "19999",
        "kilometrage": "42581",
        "boite_vitesse": "Manuelle",
        "carburant": "Micro-hybride essence",
        "annee": "2022"
    },
    {
        "marque": "BMW",
        "modele": "X1",
        "prix": "19999",
        "kilometrage": "112774",
        "boite_vitesse": "Auto.",
        "carburant": "Diesel",
        "annee": "2019"
    },
    {
        "marque": "Toyota",
        "modele": "RAV 4",
        "prix": "19999",
        "kilometrage": "125579",
        "boite_vitesse": "Auto.",
        "carburant": "Hybride essence",
        "annee": "2018"
    },
    {
        "marque": "Peugeot",
        "modele": "RIFTER",
        "prix": "19999",
        "kilometrage": "85740",
        "boite_vitesse": "Auto.",
        "carburant": "Essence",
        "annee": "2019"
    },
    {
        "marque": "Skoda",
        "modele": "KAMIQ",
        "prix": "19999",
        "kilometrage": "64001",
        "boite_vitesse": "Manuelle",
        "carburant": "Diesel",
        "annee": "2020"
    },
    {
        "marque": "Hyundai",
        "modele": "Kona",
        "prix": "19999",
        "kilometrage": "62460",
        "boite_vitesse": "Auto.",
        "carburant": "Électrique",
        "annee": "2021"
    },
    {
        "marque": "Mini",
        "modele": "Mini",
        "prix": "19999",
        "kilometrage": "14200",
        "boite_vitesse": "Auto.",
        "carburant": "Électrique",
        "annee": "2021"
    },
    {
        "marque": "Opel",
        "modele": "Grandland X",
        "prix": "19999",
        "kilometrage": "47115",
        "boite_vitesse": "Auto.",
        "carburant": "Hybride essence rechargeable",
        "annee": "2020"
    },
    {
        "marque": "Opel",
        "modele": "Grandland X",
        "prix": "19999",
        "kilometrage": "41941",
        "boite_vitesse": "Auto.",
        "carburant": "Hybride essence rechargeable",
        "annee": "2020"
    }
]