[
    {
        "marque": "Fiat",
        "modele": "Tipo Sw",
        "prix": "35550",
        "kilometrage": "10",
        "boite_vitesse": "Auto.",
        "carburant": "Hybride essence",
        "annee": "2024"
    },
    {
        "marque": "Mercedes",
        "modele": "Classe A",
        "prix": "23699",
        "kilometrage": "57497",
        "boite_vitesse": "Auto.",
        "carburant": "Essence",
        "annee": "2019"
    },
    {
        "marque": "Renault",
        "modele": "Mégane",
        "prix": "23699",
        "kilometrage": "22781",
        "boite_vitesse": "Auto.",
        "carburant": "Électrique",
        "annee": "2022"
    },
    {
        "marque": "Mini",
        "modele": "Countryman",
        "prix": "23699",
        "kilometrage": "47169",
        "boite_vitesse": "Auto.",
        "carburant": "Hybride essence rechargeable",
        "annee": "2019"
    },
    {
        "marque": "Citroën",
        "modele": "C4",
        "prix": "32470",
        "kilometrage": "0",
        "boite_vitesse": "Auto.",
        "carburant": "Micro-hybride essence",
        "annee": "2025"
    },
    {
        "marque": "Citroën",
        "modele": "C4",
        "prix": "32620",
        "kilometrage": "10",
        "boite_vitesse": "Auto.",
        "carburant": "Micro-hybride essence",
        "annee": "2025"
    },
    {
        "marque": "Citroën",
        "modele": "C4",
        "prix": "32450",
        "kilometrage": "10",
        "boite_vitesse": "Auto.",
        "carburant": "Micro-hybride essence",
        "annee": "2025"
    },
    {
        "marque": "Audi",
        "modele": "A3 Sportback",
        "prix": "23799",
        "kilometrage": "56920",
        "boite_vitesse": "Auto.",
        "carburant": "Hybride essence rechargeable",
        "annee": "2021"
    },
    {
        "marque": "BMW",
        "modele": "Série 1",
        "prix": "23799",
        "kilometrage": "23375",
        "boite_vitesse": "Manuelle",
        "carburant": "Essence",
        "annee": "2023"
    },
    {
        "marque": "Toyota",
        "modele": "YARIS CROSS",
        "prix": "28850",
        "kilometrage": "10",
        "boite_vitesse": "Auto.",
        "carburant": "Hybride essence",
        "annee": "2024"
    },
    {
        "marque": "Citroën",
        "modele": "C4",
        "prix": "32620",
        "kilometrage": "0",
        "boite_vitesse": "Auto.",
        "carburant": "Micro-hybride essence",
        "annee": "2025"
    },
    {
        "marque": "Citroën",
        "modele": "C4",
        "prix": "33650",
        "kilometrage": "0",
        "boite_vitesse": "Auto.",
        "carburant": "Micro-hybride essence",
        "annee": "2025"
    },
    {
        "marque": "Citroën",
        "modele": "C4",
        "prix": "32620",
        "kilometrage": "0",
        "boite_vitesse": "Auto.",
        "carburant": "Micro-hybride essence",
        "annee": "2025"
    },
    {
        "marque": "Citroën",
        "modele": "C4",
        "prix": "32620",
        "kilometrage": "10",
        "boite_vitesse": "Auto.",
        "carburant": "Micro-hybride essence",
        "annee": "2025"
    },
    {
        "marque": "Volkswagen",
        "modele": "Passat",
        "prix": "23899",
        "kilometrage": "79866",
        "boite_vitesse": "Auto.",
        "carburant": "Diesel",
        "annee": "2021"
    },
    {
        "marque": "Renault",
        "modele": "Espace 5",
        "prix": "23993",
        "kilometrage": "83395",
        "boite_vitesse": "Auto.",
        "carburant": "Éthanol E85",
        "annee": "2019"
    },
    {
        "marque": "Ford",
        "modele": "PUMA",
        "prix": "31390",
        "kilometrage": "10",
        "boite_vitesse": "Auto.",
        "carburant": "Micro-hybride essence",
        "annee": "2025"
    },
    {
        "marque": "Peugeot",
        "modele": "2008",
        "prix": "33200",
        "kilometrage": "149",
        "boite_vitesse": "Auto.",
        "carburant": "Essence",
        "annee": "2024"
    },
    {
        "marque": "Peugeot",
        "modele": "308",
        "prix": "34670",
        "kilometrage": "4",
        "boite_vitesse": "Auto.",
        "carburant": "Essence",
        "annee": "2024"
    },
    {
        "marque": "Citroën",
        "modele": "C4",
        "prix": "32920",
        "kilometrage": "10",
        "boite_vitesse": "Auto.",
        "carburant": "Micro-hybride essence",
        "annee": "2025"
    },
    {
        "marque": "Citroën",
        "modele": "C5 Aircross",
        "prix": "23999",
        "kilometrage": "47140",
        "boite_vitesse": "Auto.",
        "carburant": "Diesel",
        "annee": "2019"
    },
    {
        "marque": "Citroën",
        "modele": "C5 Aircross",
        "prix": "23999",
        "kilometrage": "48000",
        "boite_vitesse": "Auto.",
        "carburant": "Diesel",
        "annee": "2022"
    },
    {
        "marque": "Citroën",
        "modele": "C5 X",
        "prix": "42170",
        "kilometrage": "18",
        "boite_vitesse": "Auto.",
        "carburant": "Essence",
        "annee": "2024"
    }
]