[
    {
        "marque": "Ford",
        "modele": "Focus",
        "prix": "16999",
        "kilometrage": "115373",
        "boite_vitesse": "Auto.",
        "carburant": "Diesel",
        "annee": "2018"
    },
    {
        "marque": "Renault",
        "modele": "Mégane 4 Estate",
        "prix": "16999",
        "kilometrage": "65006",
        "boite_vitesse": "Auto.",
        "carburant": "Hybride essence rechargeable",
        "annee": "2022"
    },
    {
        "marque": "MG",
        "modele": "ZS",
        "prix": "16999",
        "kilometrage": "17622",
        "boite_vitesse": "Manuelle",
        "carburant": "Essence",
        "annee": "2023"
    },
    {
        "marque": "DS",
        "modele": "DS3 CROSSBACK",
        "prix": "16999",
        "kilometrage": "50769",
        "boite_vitesse": "Auto.",
        "carburant": "Électrique",
        "annee": "2021"
    },
    {
        "marque": "Volkswagen",
        "modele": "Golf 7",
        "prix": "16999",
        "kilometrage": "121620",
        "boite_vitesse": "Auto.",
        "carburant": "Essence",
        "annee": "2020"
    },
    {
        "marque": "MG",
        "modele": "ZS",
        "prix": "16999",
        "kilometrage": "18982",
        "boite_vitesse": "Manuelle",
        "carburant": "Essence",
        "annee": "2023"
    },
    {
        "marque": "Seat",
        "modele": "Leon",
        "prix": "16999",
        "kilometrage": "68368",
        "boite_vitesse": "Auto.",
        "carburant": "Diesel",
        "annee": "2022"
    },
    {
        "marque": "Peugeot",
        "modele": "RIFTER",
        "prix": "16999",
        "kilometrage": "83065",
        "boite_vitesse": "Manuelle",
        "carburant": "Diesel",
        "annee": "2022"
    },
    {
        "marque": "MG",
        "modele": "ZS",
        "prix": "16999",
        "kilometrage": "23524",
        "boite_vitesse": "Manuelle",
        "carburant": "Essence",
        "annee": "2023"
    },
    {
        "marque": "Citroën",
        "modele": "C4 SPACETOURER",
        "prix": "16999",
        "kilometrage": "71070",
        "boite_vitesse": "Auto.",
        "carburant": "Diesel",
        "annee": "2020"
    },
    {
        "marque": "Skoda",
        "modele": "KAMIQ",
        "prix": "16999",
        "kilometrage": "87469",
        "boite_vitesse": "Manuelle",
        "carburant": "Essence",
        "annee": "2020"
    },
    {
        "marque": "Mercedes",
        "modele": "GLA",
        "prix": "16999",
        "kilometrage": "147573",
        "boite_vitesse": "Auto.",
        "carburant": "Diesel",
        "annee": "2017"
    },
    {
        "marque": "Kia",
        "modele": "Ceed",
        "prix": "16999",
        "kilometrage": "41305",
        "boite_vitesse": "Manuelle",
        "carburant": "Micro-hybride diesel",
        "annee": "2021"
    },
    {
        "marque": "Suzuki",
        "modele": "Ignis",
        "prix": "16999",
        "kilometrage": "140",
        "boite_vitesse": "Manuelle",
        "carburant": "Micro-hybride essence",
        "annee": "2025"
    },
    {
        "marque": "Volkswagen",
        "modele": "Taigo",
        "prix": "16999",
        "kilometrage": "49332",
        "boite_vitesse": "Manuelle",
        "carburant": "Essence",
        "annee": "2022"
    },
    {
        "marque": "Renault",
        "modele": "Mégane",
        "prix": "16999",
        "kilometrage": "76643",
        "boite_vitesse": "Manuelle",
        "carburant": "Diesel",
        "annee": "2022"
    },
    {
        "marque": "BMW",
        "modele": "Série 2 Gran Tourer",
        "prix": "16999",
        "kilometrage": "85088",
        "boite_vitesse": "Manuelle",
        "carburant": "Diesel",
        "annee": "2020"
    },
    {
        "marque": "Renault",
        "modele": "Talisman",
        "prix": "16999",
        "kilometrage": "95908",
        "boite_vitesse": "Auto.",
        "carburant": "Essence",
        "annee": "2018"
    },
    {
        "marque": "Seat",
        "modele": "Leon ST",
        "prix": "16999",
        "kilometrage": "118917",
        "boite_vitesse": "Auto.",
        "carburant": "Micro-hybride essence",
        "annee": "2021"
    },
    {
        "marque": "Hyundai",
        "modele": "i30",
        "prix": "16999",
        "kilometrage": "96343",
        "boite_vitesse": "Manuelle",
        "carburant": "Micro-hybride diesel",
        "annee": "2021"
    },
    {
        "marque": "Honda",
        "modele": "Jazz",
        "prix": "16999",
        "kilometrage": "45980",
        "boite_vitesse": "Auto.",
        "carburant": "Essence",
        "annee": "2018"
    },
    {
        "marque": "Peugeot",
        "modele": "208",
        "prix": "16999",
        "kilometrage": "22546",
        "boite_vitesse": "Auto.",
        "carburant": "Électrique",
        "annee": "2021"
    },
    {
        "marque": "Opel",
        "modele": "INSIGNIA GRAND SPORT",
        "prix": "16999",
        "kilometrage": "75550",
        "boite_vitesse": "Manuelle",
        "carburant": "Essence",
        "annee": "2019"
    }
]