[
    {
        "marque": "Citroën",
        "modele": "C5 Aircross",
        "prix": "23999",
        "kilometrage": "31861",
        "boite_vitesse": "Auto.",
        "carburant": "Essence",
        "annee": "2023"
    },
    {
        "marque": "Peugeot",
        "modele": "3008",
        "prix": "23999",
        "kilometrage": "53670",
        "boite_vitesse": "Auto.",
        "carburant": "Diesel",
        "annee": "2021"
    },
    {
        "marque": "Peugeot",
        "modele": "3008",
        "prix": "23999",
        "kilometrage": "34929",
        "boite_vitesse": "Auto.",
        "carburant": "Hybride essence rechargeable",
        "annee": "2022"
    },
    {
        "marque": "Peugeot",
        "modele": "3008",
        "prix": "23999",
        "kilometrage": "69814",
        "boite_vitesse": "Auto.",
        "carburant": "Diesel",
        "annee": "2021"
    },
    {
        "marque": "Peugeot",
        "modele": "3008",
        "prix": "23999",
        "kilometrage": "74370",
        "boite_vitesse": "Auto.",
        "carburant": "Hybride essence rechargeable",
        "annee": "2021"
    },
    {
        "marque": "Toyota",
        "modele": "YARIS CROSS",
        "prix": "23999",
        "kilometrage": "36935",
        "boite_vitesse": "Auto.",
        "carburant": "Hybride essence",
        "annee": "2022"
    },
    {
        "marque": "Volkswagen",
        "modele": "Golf 8",
        "prix": "23999",
        "kilometrage": "23420",
        "boite_vitesse": "Auto.",
        "carburant": "Micro-hybride essence",
        "annee": "2021"
    },
    {
        "marque": "Renault",
        "modele": "Arkana",
        "prix": "23999",
        "kilometrage": "13645",
        "boite_vitesse": "Auto.",
        "carburant": "Hybride essence",
        "annee": "2023"
    },
    {
        "marque": "Renault",
        "modele": "Arkana",
        "prix": "23999",
        "kilometrage": "13760",
        "boite_vitesse": "Auto.",
        "carburant": "Hybride essence",
        "annee": "2023"
    },
    {
        "marque": "Hyundai",
        "modele": "Tucson",
        "prix": "23999",
        "kilometrage": "76632",
        "boite_vitesse": "Auto.",
        "carburant": "Micro-hybride diesel",
        "annee": "2020"
    },
    {
        "marque": "Volkswagen",
        "modele": "T-Roc",
        "prix": "23999",
        "kilometrage": "42396",
        "boite_vitesse": "Auto.",
        "carburant": "Diesel",
        "annee": "2019"
    },
    {
        "marque": "Volkswagen",
        "modele": "T-Roc",
        "prix": "23999",
        "kilometrage": "74335",
        "boite_vitesse": "Auto.",
        "carburant": "Diesel",
        "annee": "2018"
    },
    {
        "marque": "Mercedes",
        "modele": "Classe A",
        "prix": "23999",
        "kilometrage": "16630",
        "boite_vitesse": "Auto.",
        "carburant": "Essence",
        "annee": "2019"
    },
    {
        "marque": "Peugeot",
        "modele": "408",
        "prix": "23999",
        "kilometrage": "21826",
        "boite_vitesse": "Auto.",
        "carburant": "Essence",
        "annee": "2023"
    },
    {
        "marque": "Lynk&Co",
        "modele": "01",
        "prix": "23999",
        "kilometrage": "35894",
        "boite_vitesse": "Auto.",
        "carburant": "Hybride essence rechargeable",
        "annee": "2023"
    },
    {
        "marque": "DS",
        "modele": "DS3",
        "prix": "23999",
        "kilometrage": "5150",
        "boite_vitesse": "Auto.",
        "carburant": "Essence",
        "annee": "2023"
    },
    {
        "marque": "Lexus",
        "modele": "CT",
        "prix": "23999",
        "kilometrage": "21187",
        "boite_vitesse": "Auto.",
        "carburant": "Hybride essence",
        "annee": "2020"
    },
    {
        "marque": "Citroën",
        "modele": "C5 Aircross",
        "prix": "23999",
        "kilometrage": "13000",
        "boite_vitesse": "Auto.",
        "carburant": "Essence",
        "annee": "2023"
    },
    {
        "marque": "Renault",
        "modele": "Captur",
        "prix": "23999",
        "kilometrage": "21817",
        "boite_vitesse": "Auto.",
        "carburant": "Hybride essence",
        "annee": "2023"
    },
    {
        "marque": "Toyota",
        "modele": "YARIS CROSS",
        "prix": "23999",
        "kilometrage": "27676",
        "boite_vitesse": "Auto.",
        "carburant": "Hybride essence",
        "annee": "2023"
    },
    {
        "marque": "Volkswagen",
        "modele": "T-Roc",
        "prix": "23999",
        "kilometrage": "80677",
        "boite_vitesse": "Auto.",
        "carburant": "Essence",
        "annee": "2022"
    },
    {
        "marque": "Tesla",
        "modele": "MODEL 3",
        "prix": "23999",
        "kilometrage": "77740",
        "boite_vitesse": "Auto.",
        "carburant": "Électrique",
        "annee": "2021"
    },
    {
        "marque": "Hyundai",
        "modele": "Ioniq",
        "prix": "23999",
        "kilometrage": "80756",
        "boite_vitesse": "Auto.",
        "carburant": "Électrique",
        "annee": "2021"
    }
]