[
    {
        "marque": "Skoda",
        "modele": "KAMIQ",
        "prix": "15499",
        "kilometrage": "74840",
        "boite_vitesse": "Manuelle",
        "carburant": "Essence",
        "annee": "2019"
    },
    {
        "marque": "Citroën",
        "modele": "C4 SPACETOURER",
        "prix": "15499",
        "kilometrage": "105495",
        "boite_vitesse": "Auto.",
        "carburant": "Diesel",
        "annee": "2019"
    },
    {
        "marque": "Toyota",
        "modele": "Aygo X",
        "prix": "15499",
        "kilometrage": "5810",
        "boite_vitesse": "Manuelle",
        "carburant": "Essence",
        "annee": "2023"
    },
    {
        "marque": "Toyota",
        "modele": "Aygo X",
        "prix": "15499",
        "kilometrage": "6780",
        "boite_vitesse": "Manuelle",
        "carburant": "Essence",
        "annee": "2023"
    },
    {
        "marque": "Volkswagen",
        "modele": "Up",
        "prix": "15499",
        "kilometrage": "3965",
        "boite_vitesse": "Auto.",
        "carburant": "Électrique",
        "annee": "2023"
    },
    {
        "marque": "Toyota",
        "modele": "Aygo X",
        "prix": "15499",
        "kilometrage": "8910",
        "boite_vitesse": "Manuelle",
        "carburant": "Essence",
        "annee": "2023"
    },
    {
        "marque": "Toyota",
        "modele": "Aygo X",
        "prix": "15499",
        "kilometrage": "7370",
        "boite_vitesse": "Manuelle",
        "carburant": "Essence",
        "annee": "2023"
    },
    {
        "marque": "Toyota",
        "modele": "Aygo X",
        "prix": "15499",
        "kilometrage": "7445",
        "boite_vitesse": "Manuelle",
        "carburant": "Essence",
        "annee": "2023"
    },
    {
        "marque": "Honda",
        "modele": "Civic",
        "prix": "15499",
        "kilometrage": "81500",
        "boite_vitesse": "Manuelle",
        "carburant": "Essence",
        "annee": "2017"
    },
    {
        "marque": "Hyundai",
        "modele": "i30",
        "prix": "15499",
        "kilometrage": "73342",
        "boite_vitesse": "Manuelle",
        "carburant": "Micro-hybride essence",
        "annee": "2020"
    },
    {
        "marque": "Nissan",
        "modele": "Leaf",
        "prix": "15499",
        "kilometrage": "63695",
        "boite_vitesse": "Auto.",
        "carburant": "Électrique",
        "annee": "2020"
    },
    {
        "marque": "Jeep",
        "modele": "Renegade",
        "prix": "15499",
        "kilometrage": "105853",
        "boite_vitesse": "Auto.",
        "carburant": "Diesel",
        "annee": "2017"
    },
    {
        "marque": "Peugeot",
        "modele": "2008",
        "prix": "15599",
        "kilometrage": "45761",
        "boite_vitesse": "Manuelle",
        "carburant": "Essence",
        "annee": "2021"
    },
    {
        "marque": "Nissan",
        "modele": "Leaf",
        "prix": "15599",
        "kilometrage": "30246",
        "boite_vitesse": "Auto.",
        "carburant": "Électrique",
        "annee": "2018"
    },
    {
        "marque": "Renault",
        "modele": "Clio",
        "prix": "15599",
        "kilometrage": "23610",
        "boite_vitesse": "Manuelle",
        "carburant": "GPL",
        "annee": "2023"
    },
    {
        "marque": "Peugeot",
        "modele": "2008",
        "prix": "15699",
        "kilometrage": "46855",
        "boite_vitesse": "Manuelle",
        "carburant": "Essence",
        "annee": "2020"
    },
    {
        "marque": "Peugeot",
        "modele": "3008",
        "prix": "15699",
        "kilometrage": "128330",
        "boite_vitesse": "Auto.",
        "carburant": "Diesel",
        "annee": "2019"
    },
    {
        "marque": "Renault",
        "modele": "Clio 5",
        "prix": "15699",
        "kilometrage": "14608",
        "boite_vitesse": "Manuelle",
        "carburant": "GPL",
        "annee": "2023"
    },
    {
        "marque": "Citroën",
        "modele": "C3",
        "prix": "15699",
        "kilometrage": "31586",
        "boite_vitesse": "Auto.",
        "carburant": "Essence",
        "annee": "2022"
    },
    {
        "marque": "Opel",
        "modele": "Crossland",
        "prix": "15699",
        "kilometrage": "15636",
        "boite_vitesse": "Manuelle",
        "carburant": "Essence",
        "annee": "2023"
    },
    {
        "marque": "Renault",
        "modele": "Clio",
        "prix": "15699",
        "kilometrage": "13974",
        "boite_vitesse": "Manuelle",
        "carburant": "Essence",
        "annee": "2023"
    },
    {
        "marque": "Renault",
        "modele": "Clio",
        "prix": "15699",
        "kilometrage": "22517",
        "boite_vitesse": "Manuelle",
        "carburant": "Essence",
        "annee": "2021"
    },
    {
        "marque": "Peugeot",
        "modele": "208",
        "prix": "15799",
        "kilometrage": "40750",
        "boite_vitesse": "Manuelle",
        "carburant": "Essence",
        "annee": "2023"
    }
]