[
    {
        "marque": "Citroën",
        "modele": "Berlingo",
        "prix": "23999",
        "kilometrage": "15",
        "boite_vitesse": "Auto.",
        "carburant": "Électrique",
        "annee": "2023"
    },
    {
        "marque": "DS",
        "modele": "DS7 CROSSBACK",
        "prix": "23999",
        "kilometrage": "65165",
        "boite_vitesse": "Auto.",
        "carburant": "Essence",
        "annee": "2020"
    },
    {
        "marque": "BMW",
        "modele": "Série 1",
        "prix": "23999",
        "kilometrage": "48243",
        "boite_vitesse": "Auto.",
        "carburant": "Essence",
        "annee": "2021"
    },
    {
        "marque": "Mercedes",
        "modele": "Classe B",
        "prix": "23999",
        "kilometrage": "45745",
        "boite_vitesse": "Auto.",
        "carburant": "Diesel",
        "annee": "2020"
    },
    {
        "marque": "Audi",
        "modele": "A1 Sportback",
        "prix": "23999",
        "kilometrage": "23164",
        "boite_vitesse": "Auto.",
        "carburant": "Essence",
        "annee": "2022"
    },
    {
        "marque": "BMW",
        "modele": "Série 1",
        "prix": "23999",
        "kilometrage": "72257",
        "boite_vitesse": "Auto.",
        "carburant": "Essence",
        "annee": "2021"
    },
    {
        "marque": "BMW",
        "modele": "Série 1",
        "prix": "23999",
        "kilometrage": "88651",
        "boite_vitesse": "Auto.",
        "carburant": "Diesel",
        "annee": "2020"
    },
    {
        "marque": "Citroën",
        "modele": "GRAND C4 SPACETOURER",
        "prix": "23999",
        "kilometrage": "64844",
        "boite_vitesse": "Manuelle",
        "carburant": "Diesel",
        "annee": "2022"
    },
    {
        "marque": "Skoda",
        "modele": "Kamiq",
        "prix": "23999",
        "kilometrage": "10902",
        "boite_vitesse": "Auto.",
        "carburant": "Essence",
        "annee": "2024"
    },
    {
        "marque": "Skoda",
        "modele": "ENYAQ",
        "prix": "23999",
        "kilometrage": "37887",
        "boite_vitesse": "Auto.",
        "carburant": "Électrique",
        "annee": "2022"
    },
    {
        "marque": "Skoda",
        "modele": "Kamiq",
        "prix": "23999",
        "kilometrage": "11244",
        "boite_vitesse": "Auto.",
        "carburant": "Essence",
        "annee": "2024"
    },
    {
        "marque": "Mercedes",
        "modele": "CLA",
        "prix": "23999",
        "kilometrage": "73444",
        "boite_vitesse": "Auto.",
        "carburant": "Essence",
        "annee": "2020"
    },
    {
        "marque": "Lexus",
        "modele": "UX",
        "prix": "23999",
        "kilometrage": "38539",
        "boite_vitesse": "Auto.",
        "carburant": "Hybride essence",
        "annee": "2021"
    },
    {
        "marque": "Mercedes",
        "modele": "CLA Shooting Brake",
        "prix": "23999",
        "kilometrage": "101052",
        "boite_vitesse": "Auto.",
        "carburant": "Diesel",
        "annee": "2018"
    },
    {
        "marque": "Mini",
        "modele": "Countryman",
        "prix": "23999",
        "kilometrage": "43040",
        "boite_vitesse": "Auto.",
        "carburant": "Essence",
        "annee": "2018"
    },
    {
        "marque": "Mitsubishi",
        "modele": "ECLIPSE CROSS",
        "prix": "23999",
        "kilometrage": "57923",
        "boite_vitesse": "Auto.",
        "carburant": "Hybride essence rechargeable",
        "annee": "2022"
    },
    {
        "marque": "Volvo",
        "modele": "XC60",
        "prix": "23999",
        "kilometrage": "113137",
        "boite_vitesse": "Auto.",
        "carburant": "Diesel",
        "annee": "2017"
    },
    {
        "marque": "Mini",
        "modele": "Countryman",
        "prix": "23999",
        "kilometrage": "72892",
        "boite_vitesse": "Auto.",
        "carburant": "Hybride essence rechargeable",
        "annee": "2019"
    },
    {
        "marque": "BMW",
        "modele": "Série 2 coupé",
        "prix": "23999",
        "kilometrage": "39277",
        "boite_vitesse": "Auto.",
        "carburant": "Essence",
        "annee": "2019"
    },
    {
        "marque": "Hyundai",
        "modele": "i30 SW",
        "prix": "23999",
        "kilometrage": "14117",
        "boite_vitesse": "Auto.",
        "carburant": "Essence",
        "annee": "2023"
    },
    {
        "marque": "Peugeot",
        "modele": "2008",
        "prix": "23999",
        "kilometrage": "6916",
        "boite_vitesse": "Auto.",
        "carburant": "Essence",
        "annee": "2024"
    },
    {
        "marque": "Peugeot",
        "modele": "2008",
        "prix": "23999",
        "kilometrage": "8883",
        "boite_vitesse": "Auto.",
        "carburant": "Essence",
        "annee": "2024"
    },
    {
        "marque": "Peugeot",
        "modele": "3008",
        "prix": "24099",
        "kilometrage": "16087",
        "boite_vitesse": "Manuelle",
        "carburant": "Essence",
        "annee": "2023"
    }
]