[
    {
        "marque": "Hyundai",
        "modele": "i30 Fastback",
        "prix": "18999",
        "kilometrage": "21460",
        "boite_vitesse": "Manuelle",
        "carburant": "Essence",
        "annee": "2023"
    },
    {
        "marque": "Peugeot",
        "modele": "2008",
        "prix": "18999",
        "kilometrage": "26302",
        "boite_vitesse": "Auto.",
        "carburant": "Essence",
        "annee": "2022"
    },
    {
        "marque": "Peugeot",
        "modele": "208",
        "prix": "18999",
        "kilometrage": "16495",
        "boite_vitesse": "Auto.",
        "carburant": "Essence",
        "annee": "2023"
    },
    {
        "marque": "Citroën",
        "modele": "C4 X",
        "prix": "18999",
        "kilometrage": "24515",
        "boite_vitesse": "Auto.",
        "carburant": "Essence",
        "annee": "2023"
    },
    {
        "marque": "Dacia",
        "modele": "Sandero",
        "prix": "19800",
        "kilometrage": "10",
        "boite_vitesse": "Manuelle",
        "carburant": "GPL",
        "annee": "2024"
    },
    {
        "marque": "Hyundai",
        "modele": "i20",
        "prix": "21600",
        "kilometrage": "36",
        "boite_vitesse": "Manuelle",
        "carburant": "Essence",
        "annee": "2024"
    },
    {
        "marque": "Peugeot",
        "modele": "5008",
        "prix": "19099",
        "kilometrage": "49180",
        "boite_vitesse": "Manuelle",
        "carburant": "Essence",
        "annee": "2018"
    },
    {
        "marque": "BMW",
        "modele": "Série 2 Active Tourer",
        "prix": "19099",
        "kilometrage": "60949",
        "boite_vitesse": "Auto.",
        "carburant": "Hybride essence rechargeable",
        "annee": "2017"
    },
    {
        "marque": "Audi",
        "modele": "A3",
        "prix": "19099",
        "kilometrage": "87327",
        "boite_vitesse": "Manuelle",
        "carburant": "Essence",
        "annee": "2018"
    },
    {
        "marque": "Renault",
        "modele": "Clio 5",
        "prix": "22550",
        "kilometrage": "0",
        "boite_vitesse": "Manuelle",
        "carburant": "Essence",
        "annee": "2024"
    },
    {
        "marque": "Dacia",
        "modele": "Sandero",
        "prix": "19700",
        "kilometrage": "10",
        "boite_vitesse": "Manuelle",
        "carburant": "GPL",
        "annee": "2024"
    },
    {
        "marque": "Renault",
        "modele": "Clio 5",
        "prix": "22500",
        "kilometrage": "0",
        "boite_vitesse": "Manuelle",
        "carburant": "Essence",
        "annee": "2024"
    },
    {
        "marque": "Peugeot",
        "modele": "5008",
        "prix": "19199",
        "kilometrage": "106695",
        "boite_vitesse": "Manuelle",
        "carburant": "Diesel",
        "annee": "2018"
    },
    {
        "marque": "Ford",
        "modele": "Fiesta",
        "prix": "19199",
        "kilometrage": "51458",
        "boite_vitesse": "Auto.",
        "carburant": "Micro-hybride essence",
        "annee": "2022"
    },
    {
        "marque": "Peugeot",
        "modele": "508 SW",
        "prix": "19199",
        "kilometrage": "73726",
        "boite_vitesse": "Manuelle",
        "carburant": "Diesel",
        "annee": "2019"
    },
    {
        "marque": "Hyundai",
        "modele": "Ioniq",
        "prix": "19199",
        "kilometrage": "40647",
        "boite_vitesse": "Auto.",
        "carburant": "Hybride essence rechargeable",
        "annee": "2020"
    },
    {
        "marque": "Renault",
        "modele": "Clio 5",
        "prix": "22450",
        "kilometrage": "0",
        "boite_vitesse": "Manuelle",
        "carburant": "Essence",
        "annee": "2024"
    },
    {
        "marque": "Peugeot",
        "modele": "2008",
        "prix": "19299",
        "kilometrage": "22033",
        "boite_vitesse": "Manuelle",
        "carburant": "Essence",
        "annee": "2024"
    },
    {
        "marque": "Renault",
        "modele": "Clio 5",
        "prix": "22550",
        "kilometrage": "10",
        "boite_vitesse": "Manuelle",
        "carburant": "GPL",
        "annee": "2024"
    },
    {
        "marque": "Peugeot",
        "modele": "208",
        "prix": "19299",
        "kilometrage": "8211",
        "boite_vitesse": "Manuelle",
        "carburant": "Essence",
        "annee": "2023"
    },
    {
        "marque": "Renault",
        "modele": "Clio 5",
        "prix": "19299",
        "kilometrage": "5901",
        "boite_vitesse": "Manuelle",
        "carburant": "Essence",
        "annee": "2024"
    },
    {
        "marque": "Peugeot",
        "modele": "5008",
        "prix": "19299",
        "kilometrage": "57755",
        "boite_vitesse": "Manuelle",
        "carburant": "Essence",
        "annee": "2019"
    },
    {
        "marque": "Toyota",
        "modele": "C-HR",
        "prix": "19299",
        "kilometrage": "77361",
        "boite_vitesse": "Auto.",
        "carburant": "Hybride essence",
        "annee": "2021"
    }
]