[
    {
        "marque": "Renault",
        "modele": "Talisman",
        "prix": "17999",
        "kilometrage": "56598",
        "boite_vitesse": "Auto.",
        "carburant": "Diesel",
        "annee": "2020"
    },
    {
        "marque": "Opel",
        "modele": "Astra Sports Tourer",
        "prix": "17999",
        "kilometrage": "61478",
        "boite_vitesse": "Manuelle",
        "carburant": "Diesel",
        "annee": "2021"
    },
    {
        "marque": "Renault",
        "modele": "Talisman",
        "prix": "17999",
        "kilometrage": "63680",
        "boite_vitesse": "Auto.",
        "carburant": "Diesel",
        "annee": "2020"
    },
    {
        "marque": "Renault",
        "modele": "Mégane",
        "prix": "17999",
        "kilometrage": "47897",
        "boite_vitesse": "Auto.",
        "carburant": "Diesel",
        "annee": "2022"
    },
    {
        "marque": "Skoda",
        "modele": "Octavia",
        "prix": "17999",
        "kilometrage": "87420",
        "boite_vitesse": "Manuelle",
        "carburant": "Diesel",
        "annee": "2020"
    },
    {
        "marque": "Skoda",
        "modele": "Octavia",
        "prix": "17999",
        "kilometrage": "116280",
        "boite_vitesse": "Manuelle",
        "carburant": "Diesel",
        "annee": "2020"
    },
    {
        "marque": "Skoda",
        "modele": "Scala",
        "prix": "17999",
        "kilometrage": "27297",
        "boite_vitesse": "Manuelle",
        "carburant": "Essence",
        "annee": "2023"
    },
    {
        "marque": "Skoda",
        "modele": "Scala",
        "prix": "17999",
        "kilometrage": "22743",
        "boite_vitesse": "Manuelle",
        "carburant": "Essence",
        "annee": "2023"
    },
    {
        "marque": "Peugeot",
        "modele": "5008",
        "prix": "17999",
        "kilometrage": "89175",
        "boite_vitesse": "Auto.",
        "carburant": "Essence",
        "annee": "2018"
    },
    {
        "marque": "Audi",
        "modele": "A3 Sportback",
        "prix": "17999",
        "kilometrage": "86425",
        "boite_vitesse": "Auto.",
        "carburant": "Hybride essence rechargeable",
        "annee": "2016"
    },
    {
        "marque": "Renault",
        "modele": "Mégane 4",
        "prix": "17999",
        "kilometrage": "11190",
        "boite_vitesse": "Manuelle",
        "carburant": "Essence",
        "annee": "2022"
    },
    {
        "marque": "Dacia",
        "modele": "JOGGER",
        "prix": "17999",
        "kilometrage": "38117",
        "boite_vitesse": "Manuelle",
        "carburant": "Essence",
        "annee": "2022"
    },
    {
        "marque": "Renault",
        "modele": "Scénic 4",
        "prix": "17999",
        "kilometrage": "104172",
        "boite_vitesse": "Auto.",
        "carburant": "Essence",
        "annee": "2022"
    },
    {
        "marque": "Audi",
        "modele": "A3 Berline",
        "prix": "17999",
        "kilometrage": "84309",
        "boite_vitesse": "Auto.",
        "carburant": "Diesel",
        "annee": "2019"
    },
    {
        "marque": "Nissan",
        "modele": "Qashqai",
        "prix": "18099",
        "kilometrage": "70124",
        "boite_vitesse": "Manuelle",
        "carburant": "Essence",
        "annee": "2020"
    },
    {
        "marque": "Opel",
        "modele": "Crossland",
        "prix": "18099",
        "kilometrage": "28376",
        "boite_vitesse": "Manuelle",
        "carburant": "Diesel",
        "annee": "2022"
    },
    {
        "marque": "Audi",
        "modele": "A1",
        "prix": "18099",
        "kilometrage": "56161",
        "boite_vitesse": "Manuelle",
        "carburant": "Essence",
        "annee": "2019"
    },
    {
        "marque": "Volkswagen",
        "modele": "Golf",
        "prix": "18099",
        "kilometrage": "60123",
        "boite_vitesse": "Manuelle",
        "carburant": "Diesel",
        "annee": "2020"
    },
    {
        "marque": "Renault",
        "modele": "Clio 5",
        "prix": "21350",
        "kilometrage": "0",
        "boite_vitesse": "Manuelle",
        "carburant": "Essence",
        "annee": "2024"
    },
    {
        "marque": "Renault",
        "modele": "Clio 5",
        "prix": "21600",
        "kilometrage": "0",
        "boite_vitesse": "Manuelle",
        "carburant": "Essence",
        "annee": "2024"
    },
    {
        "marque": "Peugeot",
        "modele": "3008",
        "prix": "18199",
        "kilometrage": "133726",
        "boite_vitesse": "Auto.",
        "carburant": "Diesel",
        "annee": "2021"
    },
    {
        "marque": "Renault",
        "modele": "Captur",
        "prix": "18199",
        "kilometrage": "20025",
        "boite_vitesse": "Manuelle",
        "carburant": "Essence",
        "annee": "2023"
    },
    {
        "marque": "Jeep",
        "modele": "Compass",
        "prix": "18199",
        "kilometrage": "54738",
        "boite_vitesse": "Manuelle",
        "carburant": "Essence",
        "annee": "2019"
    }
]