[
    {
        "marque": "Jaguar",
        "modele": "E-Pace",
        "prix": "21999",
        "kilometrage": "71443",
        "boite_vitesse": "Auto.",
        "carburant": "Diesel",
        "annee": "2019"
    },
    {
        "marque": "Opel",
        "modele": "Grandland X",
        "prix": "21999",
        "kilometrage": "27003",
        "boite_vitesse": "Auto.",
        "carburant": "Diesel",
        "annee": "2020"
    },
    {
        "marque": "Skoda",
        "modele": "Kamiq",
        "prix": "21999",
        "kilometrage": "21886",
        "boite_vitesse": "Manuelle",
        "carburant": "Essence",
        "annee": "2023"
    },
    {
        "marque": "Peugeot",
        "modele": "508 SW",
        "prix": "21999",
        "kilometrage": "82080",
        "boite_vitesse": "Auto.",
        "carburant": "Hybride essence rechargeable",
        "annee": "2020"
    },
    {
        "marque": "Audi",
        "modele": "Q3",
        "prix": "21999",
        "kilometrage": "101606",
        "boite_vitesse": "Auto.",
        "carburant": "Diesel",
        "annee": "2018"
    },
    {
        "marque": "Peugeot",
        "modele": "RIFTER",
        "prix": "21999",
        "kilometrage": "60359",
        "boite_vitesse": "Manuelle",
        "carburant": "Diesel",
        "annee": "2019"
    },
    {
        "marque": "Kia",
        "modele": "Xceed",
        "prix": "21999",
        "kilometrage": "35344",
        "boite_vitesse": "Auto.",
        "carburant": "Hybride essence rechargeable",
        "annee": "2022"
    },
    {
        "marque": "Lexus",
        "modele": "UX",
        "prix": "21999",
        "kilometrage": "55919",
        "boite_vitesse": "Auto.",
        "carburant": "Hybride essence",
        "annee": "2020"
    },
    {
        "marque": "Kia",
        "modele": "XCEED",
        "prix": "21999",
        "kilometrage": "47585",
        "boite_vitesse": "Auto.",
        "carburant": "Hybride essence rechargeable",
        "annee": "2022"
    },
    {
        "marque": "Mini",
        "modele": "Countryman",
        "prix": "21999",
        "kilometrage": "50500",
        "boite_vitesse": "Auto.",
        "carburant": "Essence",
        "annee": "2019"
    },
    {
        "marque": "Kia",
        "modele": "Xceed",
        "prix": "21999",
        "kilometrage": "41292",
        "boite_vitesse": "Manuelle",
        "carburant": "Essence",
        "annee": "2022"
    },
    {
        "marque": "Skoda",
        "modele": "Octavia",
        "prix": "21999",
        "kilometrage": "92497",
        "boite_vitesse": "Auto.",
        "carburant": "Diesel",
        "annee": "2021"
    },
    {
        "marque": "Skoda",
        "modele": "Scala",
        "prix": "21999",
        "kilometrage": "16290",
        "boite_vitesse": "Manuelle",
        "carburant": "Essence",
        "annee": "2023"
    },
    {
        "marque": "Skoda",
        "modele": "Scala",
        "prix": "21999",
        "kilometrage": "26810",
        "boite_vitesse": "Manuelle",
        "carburant": "Essence",
        "annee": "2023"
    },
    {
        "marque": "Skoda",
        "modele": "Scala",
        "prix": "21999",
        "kilometrage": "29046",
        "boite_vitesse": "Manuelle",
        "carburant": "Essence",
        "annee": "2023"
    },
    {
        "marque": "Volkswagen",
        "modele": "Golf Sportsvan",
        "prix": "21999",
        "kilometrage": "73300",
        "boite_vitesse": "Auto.",
        "carburant": "Essence",
        "annee": "2020"
    },
    {
        "marque": "BMW",
        "modele": "Série 2 Gran Tourer",
        "prix": "21999",
        "kilometrage": "94647",
        "boite_vitesse": "Auto.",
        "carburant": "Essence",
        "annee": "2022"
    },
    {
        "marque": "Jeep",
        "modele": "Grand Cherokee",
        "prix": "21999",
        "kilometrage": "133452",
        "boite_vitesse": "Auto.",
        "carburant": "Diesel",
        "annee": "2016"
    },
    {
        "marque": "Citroën",
        "modele": "C3 Aircross",
        "prix": "21999",
        "kilometrage": "12944",
        "boite_vitesse": "Auto.",
        "carburant": "Essence",
        "annee": "2024"
    },
    {
        "marque": "Ford",
        "modele": "Kuga",
        "prix": "21999",
        "kilometrage": "66380",
        "boite_vitesse": "Auto.",
        "carburant": "Éthanol E85",
        "annee": "2019"
    },
    {
        "marque": "Peugeot",
        "modele": "208",
        "prix": "26500",
        "kilometrage": "10",
        "boite_vitesse": "Auto.",
        "carburant": "Micro-hybride essence",
        "annee": "2024"
    },
    {
        "marque": "Dacia",
        "modele": "JOGGER",
        "prix": "23500",
        "kilometrage": "10",
        "boite_vitesse": "Manuelle",
        "carburant": "Essence",
        "annee": "2024"
    },
    {
        "marque": "Renault",
        "modele": "Captur",
        "prix": "22099",
        "kilometrage": "15742",
        "boite_vitesse": "Manuelle",
        "carburant": "Essence",
        "annee": "2024"
    }
]