[
    {
        "marque": "Peugeot",
        "modele": "308",
        "prix": "10299",
        "kilometrage": "70255",
        "boite_vitesse": "Manuelle",
        "carburant": "Essence",
        "annee": "2019"
    },
    {
        "marque": "Citroën",
        "modele": "C3 Aircross",
        "prix": "10299",
        "kilometrage": "84740",
        "boite_vitesse": "Manuelle",
        "carburant": "Essence",
        "annee": "2019"
    },
    {
        "marque": "Citroën",
        "modele": "C3 Aircross",
        "prix": "10299",
        "kilometrage": "83602",
        "boite_vitesse": "Manuelle",
        "carburant": "Essence",
        "annee": "2018"
    },
    {
        "marque": "Peugeot",
        "modele": "308 SW",
        "prix": "10299",
        "kilometrage": "74598",
        "boite_vitesse": "Manuelle",
        "carburant": "Essence",
        "annee": "2018"
    },
    {
        "marque": "Citroën",
        "modele": "C4 SPACETOURER",
        "prix": "10299",
        "kilometrage": "85949",
        "boite_vitesse": "Manuelle",
        "carburant": "Essence",
        "annee": "2018"
    },
    {
        "marque": "Fiat",
        "modele": "Panda",
        "prix": "10299",
        "kilometrage": "59991",
        "boite_vitesse": "Manuelle",
        "carburant": "GPL",
        "annee": "2020"
    },
    {
        "marque": "Smart",
        "modele": "FORTWO",
        "prix": "10299",
        "kilometrage": "20715",
        "boite_vitesse": "Manuelle",
        "carburant": "Essence",
        "annee": "2017"
    },
    {
        "marque": "Peugeot",
        "modele": "208",
        "prix": "10299",
        "kilometrage": "29570",
        "boite_vitesse": "Manuelle",
        "carburant": "Essence",
        "annee": "2019"
    },
    {
        "marque": "Peugeot",
        "modele": "308",
        "prix": "10299",
        "kilometrage": "130840",
        "boite_vitesse": "Auto.",
        "carburant": "Essence",
        "annee": "2017"
    },
    {
        "marque": "Renault",
        "modele": "Twingo 3",
        "prix": "10399",
        "kilometrage": "29230",
        "boite_vitesse": "Auto.",
        "carburant": "Électrique",
        "annee": "2022"
    },
    {
        "marque": "Fiat",
        "modele": "500",
        "prix": "10399",
        "kilometrage": "54710",
        "boite_vitesse": "Manuelle",
        "carburant": "Essence",
        "annee": "2018"
    },
    {
        "marque": "Renault",
        "modele": "Clio",
        "prix": "10399",
        "kilometrage": "73270",
        "boite_vitesse": "Manuelle",
        "carburant": "Essence",
        "annee": "2018"
    },
    {
        "marque": "Peugeot",
        "modele": "208",
        "prix": "10499",
        "kilometrage": "42752",
        "boite_vitesse": "Manuelle",
        "carburant": "Essence",
        "annee": "2019"
    },
    {
        "marque": "Citroën",
        "modele": "C4",
        "prix": "10499",
        "kilometrage": "104775",
        "boite_vitesse": "Auto.",
        "carburant": "Essence",
        "annee": "2017"
    },
    {
        "marque": "Citroën",
        "modele": "C3",
        "prix": "10499",
        "kilometrage": "71980",
        "boite_vitesse": "Manuelle",
        "carburant": "Essence",
        "annee": "2019"
    },
    {
        "marque": "Peugeot",
        "modele": "308",
        "prix": "10499",
        "kilometrage": "68830",
        "boite_vitesse": "Manuelle",
        "carburant": "Essence",
        "annee": "2020"
    },
    {
        "marque": "Citroën",
        "modele": "C3 Aircross",
        "prix": "10499",
        "kilometrage": "82796",
        "boite_vitesse": "Manuelle",
        "carburant": "Essence",
        "annee": "2019"
    },
    {
        "marque": "Volkswagen",
        "modele": "Polo",
        "prix": "10499",
        "kilometrage": "102423",
        "boite_vitesse": "Manuelle",
        "carburant": "Diesel",
        "annee": "2016"
    },
    {
        "marque": "Renault",
        "modele": "Clio 4",
        "prix": "10499",
        "kilometrage": "32661",
        "boite_vitesse": "Manuelle",
        "carburant": "Essence",
        "annee": "2017"
    },
    {
        "marque": "Opel",
        "modele": "Corsa",
        "prix": "10499",
        "kilometrage": "57269",
        "boite_vitesse": "Manuelle",
        "carburant": "Essence",
        "annee": "2020"
    },
    {
        "marque": "Opel",
        "modele": "Corsa",
        "prix": "10499",
        "kilometrage": "74729",
        "boite_vitesse": "Manuelle",
        "carburant": "Essence",
        "annee": "2020"
    },
    {
        "marque": "Dacia",
        "modele": "SPRING",
        "prix": "10499",
        "kilometrage": "17927",
        "boite_vitesse": "Auto.",
        "carburant": "Électrique",
        "annee": "2022"
    },
    {
        "marque": "Opel",
        "modele": "Crossland X",
        "prix": "10499",
        "kilometrage": "102500",
        "boite_vitesse": "Manuelle",
        "carburant": "Essence",
        "annee": "2018"
    }
]