[
    {
        "marque": "Alfa",
        "modele": "Romeo Giulia",
        "prix": "22999",
        "kilometrage": "123018",
        "boite_vitesse": "Auto.",
        "carburant": "Diesel",
        "annee": "2020"
    },
    {
        "marque": "Audi",
        "modele": "A4",
        "prix": "22999",
        "kilometrage": "89515",
        "boite_vitesse": "Auto.",
        "carburant": "Diesel",
        "annee": "2020"
    },
    {
        "marque": "Toyota",
        "modele": "Proace City Verso",
        "prix": "22999",
        "kilometrage": "62965",
        "boite_vitesse": "Manuelle",
        "carburant": "Diesel",
        "annee": "2020"
    },
    {
        "marque": "Audi",
        "modele": "A4",
        "prix": "22999",
        "kilometrage": "93670",
        "boite_vitesse": "Auto.",
        "carburant": "Diesel",
        "annee": "2020"
    },
    {
        "marque": "Peugeot",
        "modele": "208",
        "prix": "22999",
        "kilometrage": "21795",
        "boite_vitesse": "Auto.",
        "carburant": "Micro-hybride essence",
        "annee": "2024"
    },
    {
        "marque": "MG",
        "modele": "ZS",
        "prix": "22999",
        "kilometrage": "25870",
        "boite_vitesse": "Auto.",
        "carburant": "Électrique",
        "annee": "2022"
    },
    {
        "marque": "Mini",
        "modele": "Mini",
        "prix": "23094",
        "kilometrage": "45364",
        "boite_vitesse": "Auto.",
        "carburant": "Essence",
        "annee": "2022"
    },
    {
        "marque": "Citroën",
        "modele": "C5 Aircross",
        "prix": "34000",
        "kilometrage": "10",
        "boite_vitesse": "Manuelle",
        "carburant": "Essence",
        "annee": "2024"
    },
    {
        "marque": "BMW",
        "modele": "Série 1",
        "prix": "23099",
        "kilometrage": "60921",
        "boite_vitesse": "Auto.",
        "carburant": "Diesel",
        "annee": "2022"
    },
    {
        "marque": "Kia",
        "modele": "Xceed",
        "prix": "23099",
        "kilometrage": "13433",
        "boite_vitesse": "Auto.",
        "carburant": "Hybride essence rechargeable",
        "annee": "2022"
    },
    {
        "marque": "MG",
        "modele": "EHS",
        "prix": "23099",
        "kilometrage": "51438",
        "boite_vitesse": "Auto.",
        "carburant": "Hybride essence rechargeable",
        "annee": "2023"
    },
    {
        "marque": "Audi",
        "modele": "Q3",
        "prix": "23099",
        "kilometrage": "116998",
        "boite_vitesse": "Auto.",
        "carburant": "Diesel",
        "annee": "2019"
    },
    {
        "marque": "Opel",
        "modele": "Grandland",
        "prix": "23099",
        "kilometrage": "35780",
        "boite_vitesse": "Auto.",
        "carburant": "Diesel",
        "annee": "2022"
    },
    {
        "marque": "Peugeot",
        "modele": "2008",
        "prix": "23159",
        "kilometrage": "8702",
        "boite_vitesse": "Auto.",
        "carburant": "Essence",
        "annee": "2024"
    },
    {
        "marque": "Peugeot",
        "modele": "2008",
        "prix": "23159",
        "kilometrage": "10672",
        "boite_vitesse": "Auto.",
        "carburant": "Essence",
        "annee": "2024"
    },
    {
        "marque": "Peugeot",
        "modele": "2008",
        "prix": "23159",
        "kilometrage": "5084",
        "boite_vitesse": "Auto.",
        "carburant": "Essence",
        "annee": "2024"
    },
    {
        "marque": "Peugeot",
        "modele": "2008",
        "prix": "23159",
        "kilometrage": "9389",
        "boite_vitesse": "Auto.",
        "carburant": "Essence",
        "annee": "2024"
    },
    {
        "marque": "Peugeot",
        "modele": "2008",
        "prix": "23159",
        "kilometrage": "9611",
        "boite_vitesse": "Auto.",
        "carburant": "Essence",
        "annee": "2024"
    },
    {
        "marque": "Peugeot",
        "modele": "2008",
        "prix": "23159",
        "kilometrage": "4432",
        "boite_vitesse": "Auto.",
        "carburant": "Essence",
        "annee": "2024"
    },
    {
        "marque": "Renault",
        "modele": "Captur",
        "prix": "29200",
        "kilometrage": "10",
        "boite_vitesse": "Manuelle",
        "carburant": "GPL",
        "annee": "2024"
    },
    {
        "marque": "Renault",
        "modele": "Captur",
        "prix": "29200",
        "kilometrage": "10",
        "boite_vitesse": "Manuelle",
        "carburant": "GPL",
        "annee": "2024"
    },
    {
        "marque": "Renault",
        "modele": "Captur",
        "prix": "29550",
        "kilometrage": "10",
        "boite_vitesse": "Manuelle",
        "carburant": "GPL",
        "annee": "2024"
    },
    {
        "marque": "Renault",
        "modele": "Captur",
        "prix": "29400",
        "kilometrage": "10",
        "boite_vitesse": "Manuelle",
        "carburant": "GPL",
        "annee": "2024"
    }
]