[
    {
        "marque": "Citroën",
        "modele": "C3",
        "prix": "12499",
        "kilometrage": "45028",
        "boite_vitesse": "Auto.",
        "carburant": "Essence",
        "annee": "2019"
    },
    {
        "marque": "Citroën",
        "modele": "C3",
        "prix": "12499",
        "kilometrage": "45963",
        "boite_vitesse": "Manuelle",
        "carburant": "Essence",
        "annee": "2022"
    },
    {
        "marque": "Volkswagen",
        "modele": "Polo",
        "prix": "12499",
        "kilometrage": "36657",
        "boite_vitesse": "Manuelle",
        "carburant": "Essence",
        "annee": "2018"
    },
    {
        "marque": "Peugeot",
        "modele": "308",
        "prix": "12499",
        "kilometrage": "37605",
        "boite_vitesse": "Manuelle",
        "carburant": "Essence",
        "annee": "2020"
    },
    {
        "marque": "Renault",
        "modele": "Captur",
        "prix": "12499",
        "kilometrage": "72074",
        "boite_vitesse": "Manuelle",
        "carburant": "Essence",
        "annee": "2018"
    },
    {
        "marque": "Renault",
        "modele": "Captur",
        "prix": "12499",
        "kilometrage": "55310",
        "boite_vitesse": "Manuelle",
        "carburant": "Essence",
        "annee": "2017"
    },
    {
        "marque": "Dacia",
        "modele": "Sandero",
        "prix": "12499",
        "kilometrage": "84712",
        "boite_vitesse": "Manuelle",
        "carburant": "GPL",
        "annee": "2021"
    },
    {
        "marque": "Peugeot",
        "modele": "308",
        "prix": "12499",
        "kilometrage": "67749",
        "boite_vitesse": "Manuelle",
        "carburant": "Essence",
        "annee": "2021"
    },
    {
        "marque": "Citroën",
        "modele": "C3",
        "prix": "12499",
        "kilometrage": "82825",
        "boite_vitesse": "Manuelle",
        "carburant": "Diesel",
        "annee": "2020"
    },
    {
        "marque": "Peugeot",
        "modele": "308",
        "prix": "12499",
        "kilometrage": "71633",
        "boite_vitesse": "Manuelle",
        "carburant": "Essence",
        "annee": "2019"
    },
    {
        "marque": "Citroën",
        "modele": "C3 Aircross",
        "prix": "12499",
        "kilometrage": "43994",
        "boite_vitesse": "Manuelle",
        "carburant": "Essence",
        "annee": "2021"
    },
    {
        "marque": "Citroën",
        "modele": "C3 Aircross",
        "prix": "12499",
        "kilometrage": "54236",
        "boite_vitesse": "Manuelle",
        "carburant": "Essence",
        "annee": "2021"
    },
    {
        "marque": "Renault",
        "modele": "Clio 4",
        "prix": "12499",
        "kilometrage": "84370",
        "boite_vitesse": "Auto.",
        "carburant": "Diesel",
        "annee": "2017"
    },
    {
        "marque": "Renault",
        "modele": "Twingo 3",
        "prix": "12499",
        "kilometrage": "13280",
        "boite_vitesse": "Auto.",
        "carburant": "Électrique",
        "annee": "2023"
    },
    {
        "marque": "Renault",
        "modele": "Kadjar",
        "prix": "12499",
        "kilometrage": "136285",
        "boite_vitesse": "Manuelle",
        "carburant": "Diesel",
        "annee": "2019"
    },
    {
        "marque": "Renault",
        "modele": "Clio 4",
        "prix": "12499",
        "kilometrage": "44089",
        "boite_vitesse": "Manuelle",
        "carburant": "Essence",
        "annee": "2018"
    },
    {
        "marque": "Peugeot",
        "modele": "308 SW",
        "prix": "12499",
        "kilometrage": "88570",
        "boite_vitesse": "Auto.",
        "carburant": "Essence",
        "annee": "2018"
    },
    {
        "marque": "Peugeot",
        "modele": "308 SW",
        "prix": "12499",
        "kilometrage": "58895",
        "boite_vitesse": "Manuelle",
        "carburant": "Essence",
        "annee": "2020"
    },
    {
        "marque": "Opel",
        "modele": "Corsa",
        "prix": "12499",
        "kilometrage": "23751",
        "boite_vitesse": "Manuelle",
        "carburant": "Essence",
        "annee": "2019"
    },
    {
        "marque": "Renault",
        "modele": "Zoé",
        "prix": "12499",
        "kilometrage": "36576",
        "boite_vitesse": "Auto.",
        "carburant": "Électrique",
        "annee": "2020"
    },
    {
        "marque": "Opel",
        "modele": "Crossland",
        "prix": "12499",
        "kilometrage": "27827",
        "boite_vitesse": "Manuelle",
        "carburant": "Essence",
        "annee": "2021"
    },
    {
        "marque": "Fiat",
        "modele": "500X",
        "prix": "12499",
        "kilometrage": "81358",
        "boite_vitesse": "Manuelle",
        "carburant": "Diesel",
        "annee": "2019"
    },
    {
        "marque": "Jeep",
        "modele": "Compass",
        "prix": "12499",
        "kilometrage": "106093",
        "boite_vitesse": "Manuelle",
        "carburant": "Essence",
        "annee": "2018"
    }
]