[
    {
        "marque": "Fiat",
        "modele": "500X",
        "prix": "13499",
        "kilometrage": "62358",
        "boite_vitesse": "Auto.",
        "carburant": "Essence",
        "annee": "2017"
    },
    {
        "marque": "Opel",
        "modele": "Crossland X",
        "prix": "13499",
        "kilometrage": "75584",
        "boite_vitesse": "Manuelle",
        "carburant": "Diesel",
        "annee": "2019"
    },
    {
        "marque": "Peugeot",
        "modele": "508",
        "prix": "13499",
        "kilometrage": "112475",
        "boite_vitesse": "Auto.",
        "carburant": "Diesel",
        "annee": "2016"
    },
    {
        "marque": "Fiat",
        "modele": "Tipo",
        "prix": "13499",
        "kilometrage": "48832",
        "boite_vitesse": "Manuelle",
        "carburant": "Essence",
        "annee": "2022"
    },
    {
        "marque": "Suzuki",
        "modele": "Swift",
        "prix": "13499",
        "kilometrage": "62352",
        "boite_vitesse": "Manuelle",
        "carburant": "Micro-hybride essence",
        "annee": "2018"
    },
    {
        "marque": "Smart",
        "modele": "FORTWO",
        "prix": "13499",
        "kilometrage": "15663",
        "boite_vitesse": "Auto.",
        "carburant": "Électrique",
        "annee": "2019"
    },
    {
        "marque": "Mazda",
        "modele": "MX-30",
        "prix": "13499",
        "kilometrage": "37152",
        "boite_vitesse": "Auto.",
        "carburant": "Électrique",
        "annee": "2020"
    },
    {
        "marque": "Mitsubishi",
        "modele": "Space Star",
        "prix": "13499",
        "kilometrage": "12697",
        "boite_vitesse": "Manuelle",
        "carburant": "Essence",
        "annee": "2024"
    },
    {
        "marque": "Peugeot",
        "modele": "208",
        "prix": "13499",
        "kilometrage": "17671",
        "boite_vitesse": "Manuelle",
        "carburant": "Essence",
        "annee": "2020"
    },
    {
        "marque": "Mitsubishi",
        "modele": "Space Star",
        "prix": "13499",
        "kilometrage": "13534",
        "boite_vitesse": "Manuelle",
        "carburant": "Essence",
        "annee": "2024"
    },
    {
        "marque": "Mitsubishi",
        "modele": "Space Star",
        "prix": "13499",
        "kilometrage": "16247",
        "boite_vitesse": "Manuelle",
        "carburant": "Essence",
        "annee": "2024"
    },
    {
        "marque": "Renault",
        "modele": "Clio 5",
        "prix": "13499",
        "kilometrage": "94457",
        "boite_vitesse": "Manuelle",
        "carburant": "Diesel",
        "annee": "2020"
    },
    {
        "marque": "Peugeot",
        "modele": "5008",
        "prix": "13499",
        "kilometrage": "137322",
        "boite_vitesse": "Manuelle",
        "carburant": "Essence",
        "annee": "2019"
    },
    {
        "marque": "Peugeot",
        "modele": "308 SW",
        "prix": "13499",
        "kilometrage": "116755",
        "boite_vitesse": "Manuelle",
        "carburant": "Diesel",
        "annee": "2019"
    },
    {
        "marque": "Renault",
        "modele": "Kadjar",
        "prix": "13499",
        "kilometrage": "122856",
        "boite_vitesse": "Manuelle",
        "carburant": "Diesel",
        "annee": "2018"
    },
    {
        "marque": "Renault",
        "modele": "Clio 4",
        "prix": "13499",
        "kilometrage": "58775",
        "boite_vitesse": "Manuelle",
        "carburant": "Diesel",
        "annee": "2017"
    },
    {
        "marque": "Peugeot",
        "modele": "208",
        "prix": "13599",
        "kilometrage": "58387",
        "boite_vitesse": "Manuelle",
        "carburant": "Essence",
        "annee": "2020"
    },
    {
        "marque": "Dacia",
        "modele": "Sandero",
        "prix": "13599",
        "kilometrage": "28892",
        "boite_vitesse": "Manuelle",
        "carburant": "GPL",
        "annee": "2022"
    },
    {
        "marque": "Fiat",
        "modele": "500X",
        "prix": "13599",
        "kilometrage": "80141",
        "boite_vitesse": "Auto.",
        "carburant": "Essence",
        "annee": "2018"
    },
    {
        "marque": "Opel",
        "modele": "Crossland",
        "prix": "13599",
        "kilometrage": "39610",
        "boite_vitesse": "Manuelle",
        "carburant": "Essence",
        "annee": "2021"
    },
    {
        "marque": "Opel",
        "modele": "Grandland X",
        "prix": "13599",
        "kilometrage": "82293",
        "boite_vitesse": "Auto.",
        "carburant": "Essence",
        "annee": "2018"
    },
    {
        "marque": "Peugeot",
        "modele": "208",
        "prix": "13599",
        "kilometrage": "33090",
        "boite_vitesse": "Manuelle",
        "carburant": "Essence",
        "annee": "2021"
    },
    {
        "marque": "Opel",
        "modele": "Corsa",
        "prix": "13599",
        "kilometrage": "57346",
        "boite_vitesse": "Manuelle",
        "carburant": "Essence",
        "annee": "2021"
    }
]