[
    {
        "marque": "Audi",
        "modele": "A1 Sportback",
        "prix": "13999",
        "kilometrage": "93225",
        "boite_vitesse": "Manuelle",
        "carburant": "Essence",
        "annee": "2015"
    },
    {
        "marque": "Opel",
        "modele": "Corsa",
        "prix": "13999",
        "kilometrage": "48334",
        "boite_vitesse": "Manuelle",
        "carburant": "Essence",
        "annee": "2022"
    },
    {
        "marque": "Toyota",
        "modele": "Yaris",
        "prix": "13999",
        "kilometrage": "26210",
        "boite_vitesse": "Manuelle",
        "carburant": "Essence",
        "annee": "2020"
    },
    {
        "marque": "Opel",
        "modele": "Crossland X",
        "prix": "13999",
        "kilometrage": "27830",
        "boite_vitesse": "Manuelle",
        "carburant": "Essence",
        "annee": "2018"
    },
    {
        "marque": "Fiat",
        "modele": "Tipo",
        "prix": "13999",
        "kilometrage": "37244",
        "boite_vitesse": "Manuelle",
        "carburant": "Diesel",
        "annee": "2022"
    },
    {
        "marque": "Kia",
        "modele": "Stonic",
        "prix": "13999",
        "kilometrage": "71325",
        "boite_vitesse": "Manuelle",
        "carburant": "Micro-hybride essence",
        "annee": "2021"
    },
    {
        "marque": "Citroën",
        "modele": "C4 Picasso",
        "prix": "13999",
        "kilometrage": "99461",
        "boite_vitesse": "Manuelle",
        "carburant": "Diesel",
        "annee": "2018"
    },
    {
        "marque": "Ford",
        "modele": "Ecosport",
        "prix": "13999",
        "kilometrage": "71133",
        "boite_vitesse": "Manuelle",
        "carburant": "Essence",
        "annee": "2022"
    },
    {
        "marque": "Nissan",
        "modele": "Micra",
        "prix": "13999",
        "kilometrage": "91738",
        "boite_vitesse": "Auto.",
        "carburant": "Essence",
        "annee": "2020"
    },
    {
        "marque": "Opel",
        "modele": "Crossland",
        "prix": "13999",
        "kilometrage": "22865",
        "boite_vitesse": "Manuelle",
        "carburant": "Essence",
        "annee": "2021"
    },
    {
        "marque": "Hyundai",
        "modele": "Bayon",
        "prix": "13999",
        "kilometrage": "59556",
        "boite_vitesse": "Manuelle",
        "carburant": "Micro-hybride essence",
        "annee": "2021"
    },
    {
        "marque": "Opel",
        "modele": "Mokka X",
        "prix": "13999",
        "kilometrage": "51147",
        "boite_vitesse": "Manuelle",
        "carburant": "Essence",
        "annee": "2018"
    },
    {
        "marque": "Opel",
        "modele": "CORSA ELECTRIQUE",
        "prix": "13999",
        "kilometrage": "45671",
        "boite_vitesse": "Auto.",
        "carburant": "Électrique",
        "annee": "2021"
    },
    {
        "marque": "Citroën",
        "modele": "C3 Societe",
        "prix": "13999",
        "kilometrage": "12066",
        "boite_vitesse": "Manuelle",
        "carburant": "Diesel",
        "annee": "2024"
    },
    {
        "marque": "Renault",
        "modele": "Mégane",
        "prix": "13999",
        "kilometrage": "138620",
        "boite_vitesse": "Manuelle",
        "carburant": "Diesel",
        "annee": "2021"
    },
    {
        "marque": "Renault",
        "modele": "Clio 5",
        "prix": "13999",
        "kilometrage": "93600",
        "boite_vitesse": "Manuelle",
        "carburant": "Diesel",
        "annee": "2022"
    },
    {
        "marque": "Citroën",
        "modele": "C3",
        "prix": "13999",
        "kilometrage": "11210",
        "boite_vitesse": "Manuelle",
        "carburant": "Essence",
        "annee": "2024"
    },
    {
        "marque": "Citroën",
        "modele": "C3",
        "prix": "13999",
        "kilometrage": "13213",
        "boite_vitesse": "Manuelle",
        "carburant": "Essence",
        "annee": "2024"
    },
    {
        "marque": "Renault",
        "modele": "Captur",
        "prix": "13999",
        "kilometrage": "37650",
        "boite_vitesse": "Auto.",
        "carburant": "Essence",
        "annee": "2018"
    },
    {
        "marque": "Peugeot",
        "modele": "5008",
        "prix": "13999",
        "kilometrage": "49510",
        "boite_vitesse": "Auto.",
        "carburant": "Essence",
        "annee": "2015"
    },
    {
        "marque": "Renault",
        "modele": "Mégane 4",
        "prix": "13999",
        "kilometrage": "82965",
        "boite_vitesse": "Auto.",
        "carburant": "Essence",
        "annee": "2018"
    },
    {
        "marque": "Renault",
        "modele": "Scénic 4",
        "prix": "13999",
        "kilometrage": "105490",
        "boite_vitesse": "Manuelle",
        "carburant": "Diesel",
        "annee": "2019"
    },
    {
        "marque": "Citroën",
        "modele": "C4 Picasso",
        "prix": "13999",
        "kilometrage": "31830",
        "boite_vitesse": "Auto.",
        "carburant": "Essence",
        "annee": "2017"
    }
]