[
    {
        "marque": "Dacia",
        "modele": "Duster",
        "prix": "29890",
        "kilometrage": "0",
        "boite_vitesse": "Auto.",
        "carburant": "Hybride essence",
        "annee": "2025"
    },
    {
        "marque": "Peugeot",
        "modele": "3008",
        "prix": "26999",
        "kilometrage": "24007",
        "boite_vitesse": "Auto.",
        "carburant": "Micro-hybride essence",
        "annee": "2024"
    },
    {
        "marque": "Renault",
        "modele": "Arkana",
        "prix": "26999",
        "kilometrage": "17875",
        "boite_vitesse": "Auto.",
        "carburant": "Hybride essence",
        "annee": "2022"
    },
    {
        "marque": "Volkswagen",
        "modele": "Tiguan",
        "prix": "26999",
        "kilometrage": "89480",
        "boite_vitesse": "Auto.",
        "carburant": "Diesel",
        "annee": "2019"
    },
    {
        "marque": "Volkswagen",
        "modele": "Tiguan",
        "prix": "26999",
        "kilometrage": "68508",
        "boite_vitesse": "Manuelle",
        "carburant": "Diesel",
        "annee": "2020"
    },
    {
        "marque": "BYD",
        "modele": "Atto 3",
        "prix": "26999",
        "kilometrage": "13755",
        "boite_vitesse": "Auto.",
        "carburant": "Électrique",
        "annee": "2023"
    },
    {
        "marque": "Mercedes",
        "modele": "Classe A",
        "prix": "26999",
        "kilometrage": "42910",
        "boite_vitesse": "Auto.",
        "carburant": "Hybride essence rechargeable",
        "annee": "2021"
    },
    {
        "marque": "BMW",
        "modele": "Série 1",
        "prix": "26999",
        "kilometrage": "38990",
        "boite_vitesse": "Auto.",
        "carburant": "Essence",
        "annee": "2023"
    },
    {
        "marque": "Peugeot",
        "modele": "408",
        "prix": "26999",
        "kilometrage": "13352",
        "boite_vitesse": "Auto.",
        "carburant": "Micro-hybride essence",
        "annee": "2024"
    },
    {
        "marque": "Opel",
        "modele": "Zafira Life",
        "prix": "26999",
        "kilometrage": "3582",
        "boite_vitesse": "Auto.",
        "carburant": "Électrique",
        "annee": "2023"
    },
    {
        "marque": "Peugeot",
        "modele": "408",
        "prix": "26999",
        "kilometrage": "17913",
        "boite_vitesse": "Auto.",
        "carburant": "Micro-hybride essence",
        "annee": "2024"
    },
    {
        "marque": "DS",
        "modele": "DS7 CROSSBACK",
        "prix": "26999",
        "kilometrage": "56560",
        "boite_vitesse": "Auto.",
        "carburant": "Hybride essence rechargeable",
        "annee": "2022"
    },
    {
        "marque": "Peugeot",
        "modele": "408",
        "prix": "26999",
        "kilometrage": "18612",
        "boite_vitesse": "Auto.",
        "carburant": "Micro-hybride essence",
        "annee": "2024"
    },
    {
        "marque": "Jeep",
        "modele": "Compass",
        "prix": "26999",
        "kilometrage": "7120",
        "boite_vitesse": "Auto.",
        "carburant": "Hybride essence rechargeable",
        "annee": "2022"
    },
    {
        "marque": "BYD",
        "modele": "Atto 3",
        "prix": "26999",
        "kilometrage": "14390",
        "boite_vitesse": "Auto.",
        "carburant": "Électrique",
        "annee": "2023"
    },
    {
        "marque": "BYD",
        "modele": "Atto 3",
        "prix": "26999",
        "kilometrage": "13045",
        "boite_vitesse": "Auto.",
        "carburant": "Électrique",
        "annee": "2023"
    },
    {
        "marque": "DS",
        "modele": "DS3",
        "prix": "26999",
        "kilometrage": "5506",
        "boite_vitesse": "Auto.",
        "carburant": "Essence",
        "annee": "2024"
    },
    {
        "marque": "DS",
        "modele": "DS3",
        "prix": "26999",
        "kilometrage": "2338",
        "boite_vitesse": "Auto.",
        "carburant": "Essence",
        "annee": "2024"
    },
    {
        "marque": "DS",
        "modele": "DS3",
        "prix": "26999",
        "kilometrage": "8157",
        "boite_vitesse": "Auto.",
        "carburant": "Essence",
        "annee": "2024"
    },
    {
        "marque": "Audi",
        "modele": "e-tron sportback",
        "prix": "26999",
        "kilometrage": "84006",
        "boite_vitesse": "Auto.",
        "carburant": "Électrique",
        "annee": "2020"
    },
    {
        "marque": "Seat",
        "modele": "Alhambra",
        "prix": "26999",
        "kilometrage": "92202",
        "boite_vitesse": "Manuelle",
        "carburant": "Essence",
        "annee": "2020"
    },
    {
        "marque": "BYD",
        "modele": "Atto 3",
        "prix": "26999",
        "kilometrage": "14351",
        "boite_vitesse": "Auto.",
        "carburant": "Électrique",
        "annee": "2023"
    },
    {
        "marque": "Jeep",
        "modele": "Compass",
        "prix": "26999",
        "kilometrage": "5520",
        "boite_vitesse": "Auto.",
        "carburant": "Hybride essence rechargeable",
        "annee": "2022"
    }
]