[
    {
        "marque": "Renault",
        "modele": "R5",
        "prix": "35190",
        "kilometrage": "0",
        "boite_vitesse": "Auto.",
        "carburant": "Électrique",
        "annee": "2025"
    },
    {
        "marque": "Alfa",
        "modele": "Romeo Junior",
        "prix": "35000",
        "kilometrage": "3",
        "boite_vitesse": "Auto.",
        "carburant": "Micro-hybride essence",
        "annee": "2025"
    },
    {
        "marque": "Toyota",
        "modele": "Corolla Touring Sports",
        "prix": "40200",
        "kilometrage": "0",
        "boite_vitesse": "Auto.",
        "carburant": "Hybride essence",
        "annee": "2025"
    },
    {
        "marque": "DS",
        "modele": "DS4",
        "prix": "29899",
        "kilometrage": "23126",
        "boite_vitesse": "Auto.",
        "carburant": "Diesel",
        "annee": "2024"
    },
    {
        "marque": "DS",
        "modele": "DS4",
        "prix": "29899",
        "kilometrage": "25405",
        "boite_vitesse": "Auto.",
        "carburant": "Diesel",
        "annee": "2024"
    },
    {
        "marque": "Citroën",
        "modele": "C5 Aircross",
        "prix": "41700",
        "kilometrage": "0",
        "boite_vitesse": "Auto.",
        "carburant": "Diesel",
        "annee": "2025"
    },
    {
        "marque": "Peugeot",
        "modele": "308",
        "prix": "49450",
        "kilometrage": "10",
        "boite_vitesse": "Auto.",
        "carburant": "Électrique",
        "annee": "2024"
    },
    {
        "marque": "Peugeot",
        "modele": "308",
        "prix": "41370",
        "kilometrage": "10",
        "boite_vitesse": "Auto.",
        "carburant": "Micro-hybride essence",
        "annee": "2025"
    },
    {
        "marque": "Peugeot",
        "modele": "3008",
        "prix": "29999",
        "kilometrage": "29482",
        "boite_vitesse": "Auto.",
        "carburant": "Micro-hybride essence",
        "annee": "2024"
    },
    {
        "marque": "MG",
        "modele": "MG4",
        "prix": "41140",
        "kilometrage": "14",
        "boite_vitesse": "Auto.",
        "carburant": "Électrique",
        "annee": "2025"
    },
    {
        "marque": "MG",
        "modele": "MG4",
        "prix": "40490",
        "kilometrage": "10",
        "boite_vitesse": "Auto.",
        "carburant": "Électrique",
        "annee": "2025"
    },
    {
        "marque": "Peugeot",
        "modele": "308 SW",
        "prix": "42670",
        "kilometrage": "10",
        "boite_vitesse": "Auto.",
        "carburant": "Micro-hybride essence",
        "annee": "2025"
    },
    {
        "marque": "Renault",
        "modele": "R5",
        "prix": "36540",
        "kilometrage": "0",
        "boite_vitesse": "Auto.",
        "carburant": "Électrique",
        "annee": "2025"
    },
    {
        "marque": "Peugeot",
        "modele": "308",
        "prix": "29999",
        "kilometrage": "2965",
        "boite_vitesse": "Auto.",
        "carburant": "Hybride essence rechargeable",
        "annee": "2024"
    },
    {
        "marque": "Peugeot",
        "modele": "5008",
        "prix": "29999",
        "kilometrage": "22208",
        "boite_vitesse": "Auto.",
        "carburant": "Micro-hybride essence",
        "annee": "2024"
    },
    {
        "marque": "DS",
        "modele": "DS7 CROSSBACK",
        "prix": "29999",
        "kilometrage": "28166",
        "boite_vitesse": "Auto.",
        "carburant": "Hybride essence rechargeable",
        "annee": "2021"
    },
    {
        "marque": "DS",
        "modele": "DS4",
        "prix": "29999",
        "kilometrage": "51323",
        "boite_vitesse": "Auto.",
        "carburant": "Hybride essence rechargeable",
        "annee": "2022"
    },
    {
        "marque": "Peugeot",
        "modele": "408",
        "prix": "29999",
        "kilometrage": "13913",
        "boite_vitesse": "Auto.",
        "carburant": "Hybride essence rechargeable",
        "annee": "2023"
    },
    {
        "marque": "Peugeot",
        "modele": "408",
        "prix": "29999",
        "kilometrage": "15997",
        "boite_vitesse": "Auto.",
        "carburant": "Hybride essence rechargeable",
        "annee": "2023"
    },
    {
        "marque": "Peugeot",
        "modele": "408",
        "prix": "29999",
        "kilometrage": "10137",
        "boite_vitesse": "Auto.",
        "carburant": "Hybride essence rechargeable",
        "annee": "2023"
    },
    {
        "marque": "Fiat",
        "modele": "SCUDO FOURGON",
        "prix": "29999",
        "kilometrage": "12",
        "boite_vitesse": "Auto.",
        "carburant": "Diesel",
        "annee": "2024"
    },
    {
        "marque": "Audi",
        "modele": "Q5",
        "prix": "29999",
        "kilometrage": "74825",
        "boite_vitesse": "Auto.",
        "carburant": "Diesel",
        "annee": "2018"
    },
    {
        "marque": "Peugeot",
        "modele": "3008",
        "prix": "29999",
        "kilometrage": "10",
        "boite_vitesse": "Auto.",
        "carburant": "Hybride essence rechargeable",
        "annee": "2023"
    }
]