[
    {
        "marque": "Ford",
        "modele": "PUMA",
        "prix": "16499",
        "kilometrage": "72991",
        "boite_vitesse": "Manuelle",
        "carburant": "Hybride essence",
        "annee": "2022"
    },
    {
        "marque": "Renault",
        "modele": "Kadjar",
        "prix": "16499",
        "kilometrage": "82303",
        "boite_vitesse": "Auto.",
        "carburant": "Essence",
        "annee": "2019"
    },
    {
        "marque": "Toyota",
        "modele": "Yaris",
        "prix": "16499",
        "kilometrage": "70209",
        "boite_vitesse": "Auto.",
        "carburant": "Hybride essence",
        "annee": "2021"
    },
    {
        "marque": "Nissan",
        "modele": "Juke",
        "prix": "16499",
        "kilometrage": "43765",
        "boite_vitesse": "Manuelle",
        "carburant": "Essence",
        "annee": "2022"
    },
    {
        "marque": "MG",
        "modele": "ZS",
        "prix": "16499",
        "kilometrage": "25696",
        "boite_vitesse": "Manuelle",
        "carburant": "Essence",
        "annee": "2023"
    },
    {
        "marque": "Nissan",
        "modele": "Juke",
        "prix": "16499",
        "kilometrage": "89307",
        "boite_vitesse": "Auto.",
        "carburant": "Essence",
        "annee": "2021"
    },
    {
        "marque": "DS",
        "modele": "DS3 CROSSBACK",
        "prix": "16499",
        "kilometrage": "51840",
        "boite_vitesse": "Manuelle",
        "carburant": "Diesel",
        "annee": "2020"
    },
    {
        "marque": "Citroën",
        "modele": "Berlingo",
        "prix": "16499",
        "kilometrage": "49262",
        "boite_vitesse": "Manuelle",
        "carburant": "Essence",
        "annee": "2019"
    },
    {
        "marque": "DS",
        "modele": "DS3 CROSSBACK",
        "prix": "16499",
        "kilometrage": "54057",
        "boite_vitesse": "Auto.",
        "carburant": "Essence",
        "annee": "2021"
    },
    {
        "marque": "Toyota",
        "modele": "Aygo X",
        "prix": "16499",
        "kilometrage": "10038",
        "boite_vitesse": "Manuelle",
        "carburant": "Essence",
        "annee": "2023"
    },
    {
        "marque": "Kia",
        "modele": "Stonic",
        "prix": "16499",
        "kilometrage": "58684",
        "boite_vitesse": "Auto.",
        "carburant": "Micro-hybride essence",
        "annee": "2021"
    },
    {
        "marque": "Dacia",
        "modele": "SPRING",
        "prix": "16499",
        "kilometrage": "595",
        "boite_vitesse": "Auto.",
        "carburant": "Électrique",
        "annee": "2024"
    },
    {
        "marque": "Seat",
        "modele": "Arona",
        "prix": "16499",
        "kilometrage": "84965",
        "boite_vitesse": "Auto.",
        "carburant": "Essence",
        "annee": "2019"
    },
    {
        "marque": "Kia",
        "modele": "Stonic",
        "prix": "16499",
        "kilometrage": "45550",
        "boite_vitesse": "Manuelle",
        "carburant": "Essence",
        "annee": "2020"
    },
    {
        "marque": "Seat",
        "modele": "Ibiza",
        "prix": "16499",
        "kilometrage": "51051",
        "boite_vitesse": "Manuelle",
        "carburant": "Essence",
        "annee": "2021"
    },
    {
        "marque": "Hyundai",
        "modele": "Ioniq",
        "prix": "16499",
        "kilometrage": "28434",
        "boite_vitesse": "Auto.",
        "carburant": "Électrique",
        "annee": "2020"
    },
    {
        "marque": "Volkswagen",
        "modele": "Up",
        "prix": "16499",
        "kilometrage": "36230",
        "boite_vitesse": "Manuelle",
        "carburant": "Essence",
        "annee": "2022"
    },
    {
        "marque": "Volkswagen",
        "modele": "Golf 7 SW",
        "prix": "16499",
        "kilometrage": "87763",
        "boite_vitesse": "Manuelle",
        "carburant": "Diesel",
        "annee": "2020"
    },
    {
        "marque": "Volkswagen",
        "modele": "Golf 7 SW",
        "prix": "16499",
        "kilometrage": "73367",
        "boite_vitesse": "Manuelle",
        "carburant": "Diesel",
        "annee": "2020"
    },
    {
        "marque": "Volkswagen",
        "modele": "Golf 7 SW",
        "prix": "16499",
        "kilometrage": "72646",
        "boite_vitesse": "Manuelle",
        "carburant": "Diesel",
        "annee": "2020"
    },
    {
        "marque": "Peugeot",
        "modele": "208",
        "prix": "16499",
        "kilometrage": "8485",
        "boite_vitesse": "Manuelle",
        "carburant": "Essence",
        "annee": "2024"
    },
    {
        "marque": "Peugeot",
        "modele": "208",
        "prix": "16499",
        "kilometrage": "19411",
        "boite_vitesse": "Manuelle",
        "carburant": "Essence",
        "annee": "2023"
    },
    {
        "marque": "Toyota",
        "modele": "Yaris",
        "prix": "16499",
        "kilometrage": "73644",
        "boite_vitesse": "Auto.",
        "carburant": "Hybride essence",
        "annee": "2021"
    }
]