[
    {
        "marque": "Citroën",
        "modele": "C5 Aircross",
        "prix": "21399",
        "kilometrage": "7104",
        "boite_vitesse": "Manuelle",
        "carburant": "Essence",
        "annee": "2024"
    },
    {
        "marque": "Citroën",
        "modele": "C3 Aircross",
        "prix": "21399",
        "kilometrage": "26789",
        "boite_vitesse": "Auto.",
        "carburant": "Essence",
        "annee": "2024"
    },
    {
        "marque": "Citroën",
        "modele": "C3 Aircross",
        "prix": "21399",
        "kilometrage": "21142",
        "boite_vitesse": "Auto.",
        "carburant": "Essence",
        "annee": "2024"
    },
    {
        "marque": "Volkswagen",
        "modele": "Polo",
        "prix": "21399",
        "kilometrage": "14779",
        "boite_vitesse": "Auto.",
        "carburant": "Essence",
        "annee": "2023"
    },
    {
        "marque": "Volkswagen",
        "modele": "Polo",
        "prix": "21399",
        "kilometrage": "22253",
        "boite_vitesse": "Auto.",
        "carburant": "Essence",
        "annee": "2022"
    },
    {
        "marque": "MG",
        "modele": "MG4",
        "prix": "30140",
        "kilometrage": "0",
        "boite_vitesse": "Auto.",
        "carburant": "Électrique",
        "annee": "2025"
    },
    {
        "marque": "Volkswagen",
        "modele": "T-CROSS",
        "prix": "21499",
        "kilometrage": "8863",
        "boite_vitesse": "Manuelle",
        "carburant": "Essence",
        "annee": "2024"
    },
    {
        "marque": "Peugeot",
        "modele": "2008",
        "prix": "21499",
        "kilometrage": "27616",
        "boite_vitesse": "Auto.",
        "carburant": "Essence",
        "annee": "2023"
    },
    {
        "marque": "Peugeot",
        "modele": "208",
        "prix": "26720",
        "kilometrage": "10",
        "boite_vitesse": "Auto.",
        "carburant": "Micro-hybride essence",
        "annee": "2025"
    },
    {
        "marque": "Peugeot",
        "modele": "208",
        "prix": "21499",
        "kilometrage": "27100",
        "boite_vitesse": "Auto.",
        "carburant": "Électrique",
        "annee": "2023"
    },
    {
        "marque": "Peugeot",
        "modele": "208",
        "prix": "21499",
        "kilometrage": "27590",
        "boite_vitesse": "Auto.",
        "carburant": "Électrique",
        "annee": "2023"
    },
    {
        "marque": "Peugeot",
        "modele": "5008",
        "prix": "21499",
        "kilometrage": "74198",
        "boite_vitesse": "Manuelle",
        "carburant": "Diesel",
        "annee": "2019"
    },
    {
        "marque": "Volkswagen",
        "modele": "T-Roc",
        "prix": "21499",
        "kilometrage": "28259",
        "boite_vitesse": "Manuelle",
        "carburant": "Essence",
        "annee": "2022"
    },
    {
        "marque": "Peugeot",
        "modele": "308 SW",
        "prix": "21499",
        "kilometrage": "58233",
        "boite_vitesse": "Auto.",
        "carburant": "Diesel",
        "annee": "2022"
    },
    {
        "marque": "Toyota",
        "modele": "Yaris 4",
        "prix": "21499",
        "kilometrage": "9348",
        "boite_vitesse": "Auto.",
        "carburant": "Hybride essence",
        "annee": "2021"
    },
    {
        "marque": "Ford",
        "modele": "Kuga",
        "prix": "21499",
        "kilometrage": "45150",
        "boite_vitesse": "Manuelle",
        "carburant": "Micro-hybride diesel",
        "annee": "2021"
    },
    {
        "marque": "Volkswagen",
        "modele": "T-CROSS",
        "prix": "21499",
        "kilometrage": "20348",
        "boite_vitesse": "Auto.",
        "carburant": "Essence",
        "annee": "2021"
    },
    {
        "marque": "Audi",
        "modele": "Q3",
        "prix": "21499",
        "kilometrage": "77819",
        "boite_vitesse": "Auto.",
        "carburant": "Essence",
        "annee": "2018"
    },
    {
        "marque": "Mini",
        "modele": "Cooper Cabriolet",
        "prix": "21499",
        "kilometrage": "77778",
        "boite_vitesse": "Manuelle",
        "carburant": "Essence",
        "annee": "2021"
    },
    {
        "marque": "Toyota",
        "modele": "Prius+",
        "prix": "21499",
        "kilometrage": "44254",
        "boite_vitesse": "Auto.",
        "carburant": "Hybride essence",
        "annee": "2021"
    },
    {
        "marque": "Peugeot",
        "modele": "5008",
        "prix": "21499",
        "kilometrage": "101655",
        "boite_vitesse": "Auto.",
        "carburant": "Diesel",
        "annee": "2019"
    },
    {
        "marque": "Volkswagen",
        "modele": "T-CROSS",
        "prix": "21499",
        "kilometrage": "9761",
        "boite_vitesse": "Manuelle",
        "carburant": "Essence",
        "annee": "2024"
    },
    {
        "marque": "Peugeot",
        "modele": "RIFTER",
        "prix": "21499",
        "kilometrage": "61740",
        "boite_vitesse": "Manuelle",
        "carburant": "Diesel",
        "annee": "2020"
    }
]