[
    {
        "marque": "Hyundai",
        "modele": "Tucson",
        "prix": "15499",
        "kilometrage": "119070",
        "boite_vitesse": "Manuelle",
        "carburant": "Diesel",
        "annee": "2017"
    },
    {
        "marque": "Peugeot",
        "modele": "308 SW",
        "prix": "15499",
        "kilometrage": "63034",
        "boite_vitesse": "Manuelle",
        "carburant": "Diesel",
        "annee": "2020"
    },
    {
        "marque": "Nissan",
        "modele": "Juke",
        "prix": "15499",
        "kilometrage": "47980",
        "boite_vitesse": "Manuelle",
        "carburant": "Diesel",
        "annee": "2019"
    },
    {
        "marque": "Renault",
        "modele": "Mégane 4",
        "prix": "15499",
        "kilometrage": "102621",
        "boite_vitesse": "Manuelle",
        "carburant": "Diesel",
        "annee": "2021"
    },
    {
        "marque": "Renault",
        "modele": "Mégane 4 Estate",
        "prix": "15499",
        "kilometrage": "77413",
        "boite_vitesse": "Auto.",
        "carburant": "Essence",
        "annee": "2017"
    },
    {
        "marque": "Hyundai",
        "modele": "Kona",
        "prix": "15499",
        "kilometrage": "78815",
        "boite_vitesse": "Manuelle",
        "carburant": "Essence",
        "annee": "2018"
    },
    {
        "marque": "Fiat",
        "modele": "500C",
        "prix": "15499",
        "kilometrage": "62223",
        "boite_vitesse": "Manuelle",
        "carburant": "Essence",
        "annee": "2019"
    },
    {
        "marque": "Volkswagen",
        "modele": "T-CROSS",
        "prix": "15499",
        "kilometrage": "136884",
        "boite_vitesse": "Manuelle",
        "carburant": "Essence",
        "annee": "2019"
    },
    {
        "marque": "Ford",
        "modele": "Fiesta",
        "prix": "15499",
        "kilometrage": "65305",
        "boite_vitesse": "Manuelle",
        "carburant": "Micro-hybride essence",
        "annee": "2020"
    },
    {
        "marque": "Seat",
        "modele": "Ibiza",
        "prix": "15499",
        "kilometrage": "93922",
        "boite_vitesse": "Auto.",
        "carburant": "Essence",
        "annee": "2019"
    },
    {
        "marque": "Fiat",
        "modele": "Panda",
        "prix": "15499",
        "kilometrage": "24115",
        "boite_vitesse": "Manuelle",
        "carburant": "Essence",
        "annee": "2020"
    },
    {
        "marque": "Fiat",
        "modele": "Panda",
        "prix": "15499",
        "kilometrage": "31636",
        "boite_vitesse": "Manuelle",
        "carburant": "Essence",
        "annee": "2021"
    },
    {
        "marque": "Volkswagen",
        "modele": "e-Golf",
        "prix": "15499",
        "kilometrage": "58465",
        "boite_vitesse": "Auto.",
        "carburant": "Électrique",
        "annee": "2020"
    },
    {
        "marque": "Dacia",
        "modele": "Logan MCV",
        "prix": "15499",
        "kilometrage": "54260",
        "boite_vitesse": "Auto.",
        "carburant": "Essence",
        "annee": "2019"
    },
    {
        "marque": "Dacia",
        "modele": "Logan MCV",
        "prix": "15499",
        "kilometrage": "63520",
        "boite_vitesse": "Manuelle",
        "carburant": "Essence",
        "annee": "2019"
    },
    {
        "marque": "Honda",
        "modele": "Civic",
        "prix": "15499",
        "kilometrage": "132038",
        "boite_vitesse": "Auto.",
        "carburant": "Essence",
        "annee": "2018"
    },
    {
        "marque": "Fiat",
        "modele": "Tipo Cross",
        "prix": "15499",
        "kilometrage": "29540",
        "boite_vitesse": "Manuelle",
        "carburant": "Essence",
        "annee": "2023"
    },
    {
        "marque": "DS",
        "modele": "DS4 CROSSBACK",
        "prix": "15499",
        "kilometrage": "37522",
        "boite_vitesse": "Auto.",
        "carburant": "Essence",
        "annee": "2018"
    },
    {
        "marque": "Peugeot",
        "modele": "208",
        "prix": "15499",
        "kilometrage": "82131",
        "boite_vitesse": "Manuelle",
        "carburant": "Diesel",
        "annee": "2020"
    },
    {
        "marque": "Peugeot",
        "modele": "208",
        "prix": "15499",
        "kilometrage": "44225",
        "boite_vitesse": "Auto.",
        "carburant": "Essence",
        "annee": "2020"
    },
    {
        "marque": "Citroën",
        "modele": "C3",
        "prix": "15499",
        "kilometrage": "17414",
        "boite_vitesse": "Auto.",
        "carburant": "Essence",
        "annee": "2024"
    },
    {
        "marque": "Citroën",
        "modele": "C3",
        "prix": "15499",
        "kilometrage": "19876",
        "boite_vitesse": "Auto.",
        "carburant": "Essence",
        "annee": "2024"
    },
    {
        "marque": "Citroën",
        "modele": "C3 Aircross",
        "prix": "15499",
        "kilometrage": "44095",
        "boite_vitesse": "Manuelle",
        "carburant": "Diesel",
        "annee": "2023"
    }
]