[
    {
        "marque": "Peugeot",
        "modele": "208",
        "prix": "14299",
        "kilometrage": "63505",
        "boite_vitesse": "Auto.",
        "carburant": "Électrique",
        "annee": "2020"
    },
    {
        "marque": "Peugeot",
        "modele": "2008",
        "prix": "14299",
        "kilometrage": "56140",
        "boite_vitesse": "Manuelle",
        "carburant": "Diesel",
        "annee": "2017"
    },
    {
        "marque": "Dacia",
        "modele": "Sandero",
        "prix": "14399",
        "kilometrage": "52050",
        "boite_vitesse": "Manuelle",
        "carburant": "Essence",
        "annee": "2021"
    },
    {
        "marque": "Ford",
        "modele": "Fiesta",
        "prix": "14399",
        "kilometrage": "31064",
        "boite_vitesse": "Manuelle",
        "carburant": "Essence",
        "annee": "2023"
    },
    {
        "marque": "Toyota",
        "modele": "C-HR",
        "prix": "14499",
        "kilometrage": "110050",
        "boite_vitesse": "Manuelle",
        "carburant": "Essence",
        "annee": "2018"
    },
    {
        "marque": "Peugeot",
        "modele": "208",
        "prix": "14499",
        "kilometrage": "21038",
        "boite_vitesse": "Manuelle",
        "carburant": "Essence",
        "annee": "2022"
    },
    {
        "marque": "Peugeot",
        "modele": "208",
        "prix": "14499",
        "kilometrage": "76226",
        "boite_vitesse": "Manuelle",
        "carburant": "Essence",
        "annee": "2021"
    },
    {
        "marque": "Peugeot",
        "modele": "3008",
        "prix": "14499",
        "kilometrage": "62838",
        "boite_vitesse": "Manuelle",
        "carburant": "Essence",
        "annee": "2018"
    },
    {
        "marque": "Renault",
        "modele": "Clio 5",
        "prix": "14499",
        "kilometrage": "32905",
        "boite_vitesse": "Manuelle",
        "carburant": "Essence",
        "annee": "2021"
    },
    {
        "marque": "Citroën",
        "modele": "C5 Aircross",
        "prix": "14499",
        "kilometrage": "64382",
        "boite_vitesse": "Manuelle",
        "carburant": "Essence",
        "annee": "2019"
    },
    {
        "marque": "Peugeot",
        "modele": "5008",
        "prix": "14499",
        "kilometrage": "121820",
        "boite_vitesse": "Manuelle",
        "carburant": "Essence",
        "annee": "2018"
    },
    {
        "marque": "Renault",
        "modele": "Captur",
        "prix": "14499",
        "kilometrage": "16430",
        "boite_vitesse": "Manuelle",
        "carburant": "Essence",
        "annee": "2019"
    },
    {
        "marque": "Dacia",
        "modele": "Sandero",
        "prix": "14499",
        "kilometrage": "2994",
        "boite_vitesse": "Manuelle",
        "carburant": "Essence",
        "annee": "2024"
    },
    {
        "marque": "Peugeot",
        "modele": "3008",
        "prix": "14499",
        "kilometrage": "80107",
        "boite_vitesse": "Manuelle",
        "carburant": "Essence",
        "annee": "2018"
    },
    {
        "marque": "Peugeot",
        "modele": "308",
        "prix": "14499",
        "kilometrage": "55575",
        "boite_vitesse": "Auto.",
        "carburant": "Essence",
        "annee": "2020"
    },
    {
        "marque": "Peugeot",
        "modele": "308",
        "prix": "14499",
        "kilometrage": "31485",
        "boite_vitesse": "Auto.",
        "carburant": "Essence",
        "annee": "2018"
    },
    {
        "marque": "Dacia",
        "modele": "Sandero",
        "prix": "14499",
        "kilometrage": "29305",
        "boite_vitesse": "Manuelle",
        "carburant": "GPL",
        "annee": "2023"
    },
    {
        "marque": "Dacia",
        "modele": "Sandero",
        "prix": "14499",
        "kilometrage": "45952",
        "boite_vitesse": "Manuelle",
        "carburant": "GPL",
        "annee": "2023"
    },
    {
        "marque": "Dacia",
        "modele": "Sandero",
        "prix": "14499",
        "kilometrage": "66890",
        "boite_vitesse": "Manuelle",
        "carburant": "GPL",
        "annee": "2021"
    },
    {
        "marque": "Peugeot",
        "modele": "308 SW",
        "prix": "14499",
        "kilometrage": "53954",
        "boite_vitesse": "Auto.",
        "carburant": "Essence",
        "annee": "2020"
    },
    {
        "marque": "Renault",
        "modele": "Twingo 3",
        "prix": "14499",
        "kilometrage": "25640",
        "boite_vitesse": "Manuelle",
        "carburant": "Essence",
        "annee": "2023"
    },
    {
        "marque": "Renault",
        "modele": "Kadjar",
        "prix": "14499",
        "kilometrage": "91515",
        "boite_vitesse": "Manuelle",
        "carburant": "Diesel",
        "annee": "2019"
    },
    {
        "marque": "Volkswagen",
        "modele": "Polo",
        "prix": "14499",
        "kilometrage": "72290",
        "boite_vitesse": "Manuelle",
        "carburant": "Essence",
        "annee": "2018"
    }
]