[
    {
        "marque": "Renault",
        "modele": "Arkana",
        "prix": "25499",
        "kilometrage": "15515",
        "boite_vitesse": "Auto.",
        "carburant": "Hybride essence",
        "annee": "2023"
    },
    {
        "marque": "Renault",
        "modele": "Arkana",
        "prix": "25499",
        "kilometrage": "13813",
        "boite_vitesse": "Auto.",
        "carburant": "Hybride essence",
        "annee": "2023"
    },
    {
        "marque": "Renault",
        "modele": "Arkana",
        "prix": "25499",
        "kilometrage": "14280",
        "boite_vitesse": "Auto.",
        "carburant": "Hybride essence",
        "annee": "2023"
    },
    {
        "marque": "Renault",
        "modele": "Arkana",
        "prix": "25499",
        "kilometrage": "12120",
        "boite_vitesse": "Auto.",
        "carburant": "Hybride essence",
        "annee": "2023"
    },
    {
        "marque": "Volkswagen",
        "modele": "Polo",
        "prix": "25499",
        "kilometrage": "10814",
        "boite_vitesse": "Auto.",
        "carburant": "Essence",
        "annee": "2024"
    },
    {
        "marque": "Nissan",
        "modele": "Juke",
        "prix": "25499",
        "kilometrage": "7321",
        "boite_vitesse": "Auto.",
        "carburant": "Hybride essence",
        "annee": "2023"
    },
    {
        "marque": "Volkswagen",
        "modele": "Polo",
        "prix": "25499",
        "kilometrage": "13129",
        "boite_vitesse": "Auto.",
        "carburant": "Essence",
        "annee": "2024"
    },
    {
        "marque": "Audi",
        "modele": "Q2",
        "prix": "25499",
        "kilometrage": "41535",
        "boite_vitesse": "Auto.",
        "carburant": "Essence",
        "annee": "2019"
    },
    {
        "marque": "Audi",
        "modele": "Q2",
        "prix": "25499",
        "kilometrage": "62230",
        "boite_vitesse": "Auto.",
        "carburant": "Essence",
        "annee": "2021"
    },
    {
        "marque": "Peugeot",
        "modele": "508 SW",
        "prix": "25499",
        "kilometrage": "84365",
        "boite_vitesse": "Auto.",
        "carburant": "Hybride essence rechargeable",
        "annee": "2022"
    },
    {
        "marque": "DS",
        "modele": "DS3 CROSSBACK",
        "prix": "25499",
        "kilometrage": "28350",
        "boite_vitesse": "Auto.",
        "carburant": "Essence",
        "annee": "2022"
    },
    {
        "marque": "Cupra",
        "modele": "LEON",
        "prix": "25499",
        "kilometrage": "19727",
        "boite_vitesse": "Auto.",
        "carburant": "Hybride essence rechargeable",
        "annee": "2022"
    },
    {
        "marque": "BMW",
        "modele": "X2",
        "prix": "25499",
        "kilometrage": "61735",
        "boite_vitesse": "Auto.",
        "carburant": "Essence",
        "annee": "2019"
    },
    {
        "marque": "BMW",
        "modele": "X1",
        "prix": "25499",
        "kilometrage": "72972",
        "boite_vitesse": "Auto.",
        "carburant": "Essence",
        "annee": "2019"
    },
    {
        "marque": "Opel",
        "modele": "Grandland",
        "prix": "25499",
        "kilometrage": "20486",
        "boite_vitesse": "Auto.",
        "carburant": "Essence",
        "annee": "2023"
    },
    {
        "marque": "Opel",
        "modele": "GRANDLAND",
        "prix": "25499",
        "kilometrage": "11384",
        "boite_vitesse": "Auto.",
        "carburant": "Diesel",
        "annee": "2024"
    },
    {
        "marque": "Skoda",
        "modele": "Octavia Combi",
        "prix": "25499",
        "kilometrage": "39271",
        "boite_vitesse": "Auto.",
        "carburant": "Diesel",
        "annee": "2023"
    },
    {
        "marque": "Seat",
        "modele": "Ateca",
        "prix": "25499",
        "kilometrage": "26043",
        "boite_vitesse": "Manuelle",
        "carburant": "Diesel",
        "annee": "2023"
    },
    {
        "marque": "Renault",
        "modele": "TRAFIC CABINE APPROFONDIE",
        "prix": "25499",
        "kilometrage": "62570",
        "boite_vitesse": "Auto.",
        "carburant": "Diesel",
        "annee": "2021"
    },
    {
        "marque": "Opel",
        "modele": "GRANDLAND",
        "prix": "25499",
        "kilometrage": "12886",
        "boite_vitesse": "Auto.",
        "carburant": "Diesel",
        "annee": "2024"
    },
    {
        "marque": "Volkswagen",
        "modele": "Polo",
        "prix": "25501",
        "kilometrage": "13387",
        "boite_vitesse": "Auto.",
        "carburant": "Essence",
        "annee": "2024"
    },
    {
        "marque": "Dacia",
        "modele": "Duster",
        "prix": "25800",
        "kilometrage": "0",
        "boite_vitesse": "Manuelle",
        "carburant": "Micro-hybride essence",
        "annee": "2025"
    },
    {
        "marque": "DS",
        "modele": "DS3",
        "prix": "25599",
        "kilometrage": "25857",
        "boite_vitesse": "Auto.",
        "carburant": "Essence",
        "annee": "2024"
    }
]