[
    {
        "marque": "Citroën",
        "modele": "C5 Aircross",
        "prix": "23499",
        "kilometrage": "13490",
        "boite_vitesse": "Auto.",
        "carburant": "Essence",
        "annee": "2022"
    },
    {
        "marque": "Peugeot",
        "modele": "3008",
        "prix": "23499",
        "kilometrage": "35150",
        "boite_vitesse": "Auto.",
        "carburant": "Hybride essence rechargeable",
        "annee": "2020"
    },
    {
        "marque": "Toyota",
        "modele": "C-HR",
        "prix": "23499",
        "kilometrage": "10394",
        "boite_vitesse": "Auto.",
        "carburant": "Hybride essence",
        "annee": "2023"
    },
    {
        "marque": "Peugeot",
        "modele": "308",
        "prix": "23499",
        "kilometrage": "54335",
        "boite_vitesse": "Auto.",
        "carburant": "Diesel",
        "annee": "2022"
    },
    {
        "marque": "Peugeot",
        "modele": "308",
        "prix": "23499",
        "kilometrage": "26985",
        "boite_vitesse": "Auto.",
        "carburant": "Diesel",
        "annee": "2023"
    },
    {
        "marque": "Peugeot",
        "modele": "308",
        "prix": "23499",
        "kilometrage": "29300",
        "boite_vitesse": "Auto.",
        "carburant": "Essence",
        "annee": "2023"
    },
    {
        "marque": "Volkswagen",
        "modele": "Golf 8",
        "prix": "23499",
        "kilometrage": "43217",
        "boite_vitesse": "Auto.",
        "carburant": "Hybride essence rechargeable",
        "annee": "2020"
    },
    {
        "marque": "Renault",
        "modele": "Arkana",
        "prix": "23499",
        "kilometrage": "33510",
        "boite_vitesse": "Auto.",
        "carburant": "Hybride essence",
        "annee": "2022"
    },
    {
        "marque": "Volkswagen",
        "modele": "Tiguan",
        "prix": "23499",
        "kilometrage": "91027",
        "boite_vitesse": "Auto.",
        "carburant": "Essence",
        "annee": "2020"
    },
    {
        "marque": "Volkswagen",
        "modele": "Tiguan",
        "prix": "23499",
        "kilometrage": "148940",
        "boite_vitesse": "Auto.",
        "carburant": "Diesel",
        "annee": "2017"
    },
    {
        "marque": "Nissan",
        "modele": "Juke",
        "prix": "23499",
        "kilometrage": "20805",
        "boite_vitesse": "Auto.",
        "carburant": "Hybride essence",
        "annee": "2024"
    },
    {
        "marque": "BMW",
        "modele": "Série 1",
        "prix": "23499",
        "kilometrage": "66695",
        "boite_vitesse": "Auto.",
        "carburant": "Essence",
        "annee": "2020"
    },
    {
        "marque": "Peugeot",
        "modele": "408",
        "prix": "23499",
        "kilometrage": "16684",
        "boite_vitesse": "Auto.",
        "carburant": "Essence",
        "annee": "2024"
    },
    {
        "marque": "Audi",
        "modele": "A3 Sportback",
        "prix": "23499",
        "kilometrage": "119999",
        "boite_vitesse": "Auto.",
        "carburant": "Micro-hybride essence",
        "annee": "2020"
    },
    {
        "marque": "Audi",
        "modele": "A3 Sportback",
        "prix": "23499",
        "kilometrage": "104375",
        "boite_vitesse": "Auto.",
        "carburant": "Diesel",
        "annee": "2022"
    },
    {
        "marque": "Peugeot",
        "modele": "408",
        "prix": "23499",
        "kilometrage": "19785",
        "boite_vitesse": "Auto.",
        "carburant": "Essence",
        "annee": "2024"
    },
    {
        "marque": "Peugeot",
        "modele": "408",
        "prix": "23499",
        "kilometrage": "15378",
        "boite_vitesse": "Auto.",
        "carburant": "Essence",
        "annee": "2024"
    },
    {
        "marque": "Opel",
        "modele": "Astra",
        "prix": "23499",
        "kilometrage": "33989",
        "boite_vitesse": "Auto.",
        "carburant": "Diesel",
        "annee": "2023"
    },
    {
        "marque": "Opel",
        "modele": "Astra",
        "prix": "23499",
        "kilometrage": "19535",
        "boite_vitesse": "Auto.",
        "carburant": "Essence",
        "annee": "2024"
    },
    {
        "marque": "Jeep",
        "modele": "Renegade",
        "prix": "23499",
        "kilometrage": "34085",
        "boite_vitesse": "Auto.",
        "carburant": "Hybride essence rechargeable",
        "annee": "2021"
    },
    {
        "marque": "Audi",
        "modele": "Q4 E-TRON",
        "prix": "23499",
        "kilometrage": "66725",
        "boite_vitesse": "Auto.",
        "carburant": "Électrique",
        "annee": "2021"
    },
    {
        "marque": "Audi",
        "modele": "A4 Avant",
        "prix": "23499",
        "kilometrage": "52895",
        "boite_vitesse": "Auto.",
        "carburant": "Essence",
        "annee": "2018"
    },
    {
        "marque": "Seat",
        "modele": "Ateca",
        "prix": "23499",
        "kilometrage": "68771",
        "boite_vitesse": "Auto.",
        "carburant": "Essence",
        "annee": "2019"
    }
]