[
    {
        "marque": "Peugeot",
        "modele": "308",
        "prix": "24499",
        "kilometrage": "21955",
        "boite_vitesse": "Auto.",
        "carburant": "Essence",
        "annee": "2023"
    },
    {
        "marque": "Volkswagen",
        "modele": "Golf 8",
        "prix": "24499",
        "kilometrage": "23420",
        "boite_vitesse": "Auto.",
        "carburant": "Micro-hybride essence",
        "annee": "2021"
    },
    {
        "marque": "Volkswagen",
        "modele": "T-Roc",
        "prix": "24499",
        "kilometrage": "80677",
        "boite_vitesse": "Auto.",
        "carburant": "Essence",
        "annee": "2022"
    },
    {
        "marque": "Mercedes",
        "modele": "Classe A",
        "prix": "24499",
        "kilometrage": "16630",
        "boite_vitesse": "Auto.",
        "carburant": "Essence",
        "annee": "2019"
    },
    {
        "marque": "Suzuki",
        "modele": "S-CROSS",
        "prix": "24499",
        "kilometrage": "1408",
        "boite_vitesse": "Manuelle",
        "carburant": "Micro-hybride essence",
        "annee": "2024"
    },
    {
        "marque": "Audi",
        "modele": "A3 Sportback",
        "prix": "24499",
        "kilometrage": "56920",
        "boite_vitesse": "Auto.",
        "carburant": "Hybride essence rechargeable",
        "annee": "2021"
    },
    {
        "marque": "DS",
        "modele": "DS3",
        "prix": "24499",
        "kilometrage": "5150",
        "boite_vitesse": "Auto.",
        "carburant": "Essence",
        "annee": "2023"
    },
    {
        "marque": "DS",
        "modele": "DS3",
        "prix": "24499",
        "kilometrage": "15825",
        "boite_vitesse": "Auto.",
        "carburant": "Essence",
        "annee": "2023"
    },
    {
        "marque": "Volkswagen",
        "modele": "Golf SW",
        "prix": "24499",
        "kilometrage": "26322",
        "boite_vitesse": "Auto.",
        "carburant": "Micro-hybride essence",
        "annee": "2023"
    },
    {
        "marque": "Peugeot",
        "modele": "5008",
        "prix": "24499",
        "kilometrage": "58327",
        "boite_vitesse": "Auto.",
        "carburant": "Essence",
        "annee": "2022"
    },
    {
        "marque": "Renault",
        "modele": "Arkana",
        "prix": "24499",
        "kilometrage": "14870",
        "boite_vitesse": "Auto.",
        "carburant": "Micro-hybride essence",
        "annee": "2023"
    },
    {
        "marque": "Kia",
        "modele": "NIRO EV",
        "prix": "24499",
        "kilometrage": "24496",
        "boite_vitesse": "Auto.",
        "carburant": "Électrique",
        "annee": "2023"
    },
    {
        "marque": "DS",
        "modele": "DS3",
        "prix": "24599",
        "kilometrage": "28760",
        "boite_vitesse": "Auto.",
        "carburant": "Électrique",
        "annee": "2023"
    },
    {
        "marque": "Citroën",
        "modele": "C4",
        "prix": "35080",
        "kilometrage": "10",
        "boite_vitesse": "Auto.",
        "carburant": "Micro-hybride essence",
        "annee": "2024"
    },
    {
        "marque": "BMW",
        "modele": "Série 1",
        "prix": "24699",
        "kilometrage": "7380",
        "boite_vitesse": "Manuelle",
        "carburant": "Essence",
        "annee": "2023"
    },
    {
        "marque": "Mercedes",
        "modele": "Classe A",
        "prix": "24699",
        "kilometrage": "71994",
        "boite_vitesse": "Auto.",
        "carburant": "Hybride essence rechargeable",
        "annee": "2021"
    },
    {
        "marque": "BMW",
        "modele": "X1",
        "prix": "24699",
        "kilometrage": "51771",
        "boite_vitesse": "Auto.",
        "carburant": "Diesel",
        "annee": "2022"
    },
    {
        "marque": "Mini",
        "modele": "Countryman",
        "prix": "24699",
        "kilometrage": "65813",
        "boite_vitesse": "Auto.",
        "carburant": "Hybride essence rechargeable",
        "annee": "2020"
    },
    {
        "marque": "Toyota",
        "modele": "Corolla",
        "prix": "24799",
        "kilometrage": "14460",
        "boite_vitesse": "Auto.",
        "carburant": "Hybride essence",
        "annee": "2024"
    },
    {
        "marque": "Peugeot",
        "modele": "2008",
        "prix": "34700",
        "kilometrage": "0",
        "boite_vitesse": "Auto.",
        "carburant": "Essence",
        "annee": "2024"
    },
    {
        "marque": "Peugeot",
        "modele": "308",
        "prix": "34870",
        "kilometrage": "3",
        "boite_vitesse": "Auto.",
        "carburant": "Essence",
        "annee": "2024"
    },
    {
        "marque": "Toyota",
        "modele": "YARIS CROSS",
        "prix": "28850",
        "kilometrage": "10",
        "boite_vitesse": "Auto.",
        "carburant": "Hybride essence",
        "annee": "2024"
    },
    {
        "marque": "Volkswagen",
        "modele": "Golf 8",
        "prix": "24899",
        "kilometrage": "22580",
        "boite_vitesse": "Auto.",
        "carburant": "Hybride essence rechargeable",
        "annee": "2021"
    }
]