[
    {
        "marque": "Cupra",
        "modele": "Terramar",
        "prix": "49790",
        "kilometrage": "0",
        "boite_vitesse": "Auto.",
        "carburant": "Micro-hybride essence",
        "annee": "2025"
    },
    {
        "marque": "Renault",
        "modele": "Rafale",
        "prix": "48550",
        "kilometrage": "0",
        "boite_vitesse": "Auto.",
        "carburant": "Hybride essence",
        "annee": "2025"
    },
    {
        "marque": "Renault",
        "modele": "MASTER FOURGON",
        "prix": "55200",
        "kilometrage": "10",
        "boite_vitesse": "Manuelle",
        "carburant": "Diesel",
        "annee": "2025"
    },
    {
        "marque": "Mercedes",
        "modele": "Classe A",
        "prix": "37499",
        "kilometrage": "9580",
        "boite_vitesse": "Auto.",
        "carburant": "Micro-hybride essence",
        "annee": "2024"
    },
    {
        "marque": "Mercedes",
        "modele": "Classe A",
        "prix": "37499",
        "kilometrage": "11045",
        "boite_vitesse": "Auto.",
        "carburant": "Micro-hybride essence",
        "annee": "2024"
    },
    {
        "marque": "Toyota",
        "modele": "RAV 4",
        "prix": "37499",
        "kilometrage": "23770",
        "boite_vitesse": "Auto.",
        "carburant": "Hybride essence",
        "annee": "2023"
    },
    {
        "marque": "BYD",
        "modele": "Seal U",
        "prix": "37499",
        "kilometrage": "6121",
        "boite_vitesse": "Auto.",
        "carburant": "Électrique",
        "annee": "2024"
    },
    {
        "marque": "Hyundai",
        "modele": "Tucson",
        "prix": "48550",
        "kilometrage": "10",
        "boite_vitesse": "Auto.",
        "carburant": "Hybride essence",
        "annee": "2025"
    },
    {
        "marque": "Hyundai",
        "modele": "Tucson",
        "prix": "48550",
        "kilometrage": "10",
        "boite_vitesse": "Auto.",
        "carburant": "Hybride essence",
        "annee": "2025"
    },
    {
        "marque": "Renault",
        "modele": "MASTER FOURGON",
        "prix": "57400",
        "kilometrage": "12",
        "boite_vitesse": "Manuelle",
        "carburant": "Diesel",
        "annee": "2025"
    },
    {
        "marque": "Nissan",
        "modele": "X-Trail",
        "prix": "54750",
        "kilometrage": "10",
        "boite_vitesse": "Auto.",
        "carburant": "Hybride essence",
        "annee": "2024"
    },
    {
        "marque": "Nissan",
        "modele": "X-Trail",
        "prix": "55550",
        "kilometrage": "10",
        "boite_vitesse": "Auto.",
        "carburant": "Hybride essence",
        "annee": "2024"
    },
    {
        "marque": "Volkswagen",
        "modele": "Tiguan",
        "prix": "50440",
        "kilometrage": "10",
        "boite_vitesse": "Auto.",
        "carburant": "Micro-hybride essence",
        "annee": "2025"
    },
    {
        "marque": "Volkswagen",
        "modele": "Tiguan",
        "prix": "49640",
        "kilometrage": "10",
        "boite_vitesse": "Auto.",
        "carburant": "Micro-hybride essence",
        "annee": "2025"
    },
    {
        "marque": "Renault",
        "modele": "Rafale",
        "prix": "47350",
        "kilometrage": "0",
        "boite_vitesse": "Auto.",
        "carburant": "Hybride essence",
        "annee": "2025"
    },
    {
        "marque": "Renault",
        "modele": "MASTER FOURGON",
        "prix": "56280",
        "kilometrage": "10",
        "boite_vitesse": "Manuelle",
        "carburant": "Diesel",
        "annee": "2025"
    },
    {
        "marque": "Seat",
        "modele": "Tarraco",
        "prix": "37936",
        "kilometrage": "60819",
        "boite_vitesse": "Auto.",
        "carburant": "Diesel",
        "annee": "2019"
    },
    {
        "marque": "Mercedes",
        "modele": "Classe A",
        "prix": "37974",
        "kilometrage": "8405",
        "boite_vitesse": "Auto.",
        "carburant": "Micro-hybride essence",
        "annee": "2024"
    },
    {
        "marque": "Renault",
        "modele": "Austral",
        "prix": "48100",
        "kilometrage": "0",
        "boite_vitesse": "Auto.",
        "carburant": "Hybride essence",
        "annee": "2025"
    },
    {
        "marque": "Volkswagen",
        "modele": "TIGUAN",
        "prix": "48430",
        "kilometrage": "10",
        "boite_vitesse": "Auto.",
        "carburant": "Micro-hybride essence",
        "annee": "2025"
    },
    {
        "marque": "Cupra",
        "modele": "Terramar",
        "prix": "50830",
        "kilometrage": "0",
        "boite_vitesse": "Auto.",
        "carburant": "Micro-hybride essence",
        "annee": "2025"
    },
    {
        "marque": "Renault",
        "modele": "MASTER FOURGON",
        "prix": "57760",
        "kilometrage": "10",
        "boite_vitesse": "Manuelle",
        "carburant": "Diesel",
        "annee": "2025"
    },
    {
        "marque": "Volkswagen",
        "modele": "Tiguan",
        "prix": "37999",
        "kilometrage": "503",
        "boite_vitesse": "Auto.",
        "carburant": "Essence",
        "annee": "2025"
    }
]