[
    {
        "marque": "Ford",
        "modele": "Puma",
        "prix": "20999",
        "kilometrage": "35693",
        "boite_vitesse": "Auto.",
        "carburant": "Micro-hybride essence",
        "annee": "2023"
    },
    {
        "marque": "Ford",
        "modele": "Puma",
        "prix": "20999",
        "kilometrage": "23212",
        "boite_vitesse": "Manuelle",
        "carburant": "Hybride essence",
        "annee": "2023"
    },
    {
        "marque": "Peugeot",
        "modele": "508",
        "prix": "20999",
        "kilometrage": "21661",
        "boite_vitesse": "Auto.",
        "carburant": "Essence",
        "annee": "2020"
    },
    {
        "marque": "Audi",
        "modele": "A1 Sportback",
        "prix": "20999",
        "kilometrage": "50640",
        "boite_vitesse": "Auto.",
        "carburant": "Essence",
        "annee": "2022"
    },
    {
        "marque": "Hyundai",
        "modele": "Kona",
        "prix": "20999",
        "kilometrage": "77336",
        "boite_vitesse": "Auto.",
        "carburant": "Essence",
        "annee": "2018"
    },
    {
        "marque": "Volkswagen",
        "modele": "T-CROSS",
        "prix": "20999",
        "kilometrage": "17015",
        "boite_vitesse": "Manuelle",
        "carburant": "Essence",
        "annee": "2024"
    },
    {
        "marque": "BMW",
        "modele": "Série 1",
        "prix": "20999",
        "kilometrage": "106544",
        "boite_vitesse": "Auto.",
        "carburant": "Diesel",
        "annee": "2020"
    },
    {
        "marque": "Kia",
        "modele": "Niro",
        "prix": "20999",
        "kilometrage": "40617",
        "boite_vitesse": "Auto.",
        "carburant": "Électrique",
        "annee": "2021"
    },
    {
        "marque": "Mercedes",
        "modele": "Classe B",
        "prix": "20999",
        "kilometrage": "88580",
        "boite_vitesse": "Auto.",
        "carburant": "Diesel",
        "annee": "2018"
    },
    {
        "marque": "Volkswagen",
        "modele": "Golf",
        "prix": "20999",
        "kilometrage": "101711",
        "boite_vitesse": "Manuelle",
        "carburant": "Essence",
        "annee": "2019"
    },
    {
        "marque": "Mitsubishi",
        "modele": "ECLIPSE CROSS",
        "prix": "20999",
        "kilometrage": "85820",
        "boite_vitesse": "Auto.",
        "carburant": "Hybride essence rechargeable",
        "annee": "2022"
    },
    {
        "marque": "Skoda",
        "modele": "SCALA",
        "prix": "20999",
        "kilometrage": "68820",
        "boite_vitesse": "Manuelle",
        "carburant": "Essence",
        "annee": "2021"
    },
    {
        "marque": "Volvo",
        "modele": "V60",
        "prix": "20999",
        "kilometrage": "124844",
        "boite_vitesse": "Auto.",
        "carburant": "Diesel",
        "annee": "2020"
    },
    {
        "marque": "Citroën",
        "modele": "C5 Aircross",
        "prix": "20999",
        "kilometrage": "2555",
        "boite_vitesse": "Manuelle",
        "carburant": "Essence",
        "annee": "2024"
    },
    {
        "marque": "Peugeot",
        "modele": "3008",
        "prix": "20999",
        "kilometrage": "49290",
        "boite_vitesse": "Manuelle",
        "carburant": "Diesel",
        "annee": "2020"
    },
    {
        "marque": "Renault",
        "modele": "Captur",
        "prix": "20999",
        "kilometrage": "14773",
        "boite_vitesse": "Auto.",
        "carburant": "Micro-hybride essence",
        "annee": "2022"
    },
    {
        "marque": "Opel",
        "modele": "Mokka",
        "prix": "20999",
        "kilometrage": "5275",
        "boite_vitesse": "Auto.",
        "carburant": "Électrique",
        "annee": "2023"
    },
    {
        "marque": "Volkswagen",
        "modele": "T-CROSS",
        "prix": "20999",
        "kilometrage": "10266",
        "boite_vitesse": "Auto.",
        "carburant": "Essence",
        "annee": "2022"
    },
    {
        "marque": "Peugeot",
        "modele": "308",
        "prix": "21009",
        "kilometrage": "12028",
        "boite_vitesse": "Manuelle",
        "carburant": "Essence",
        "annee": "2024"
    },
    {
        "marque": "Peugeot",
        "modele": "308",
        "prix": "21009",
        "kilometrage": "11250",
        "boite_vitesse": "Manuelle",
        "carburant": "Essence",
        "annee": "2024"
    },
    {
        "marque": "Peugeot",
        "modele": "308",
        "prix": "21009",
        "kilometrage": "13397",
        "boite_vitesse": "Manuelle",
        "carburant": "Essence",
        "annee": "2024"
    },
    {
        "marque": "Renault",
        "modele": "Clio 5",
        "prix": "23950",
        "kilometrage": "0",
        "boite_vitesse": "Auto.",
        "carburant": "Essence",
        "annee": "2025"
    },
    {
        "marque": "Peugeot",
        "modele": "208",
        "prix": "26570",
        "kilometrage": "10",
        "boite_vitesse": "Auto.",
        "carburant": "Micro-hybride essence",
        "annee": "2025"
    }
]