[
    {
        "marque": "Volkswagen",
        "modele": "T-Roc",
        "prix": "41750",
        "kilometrage": "11",
        "boite_vitesse": "Auto.",
        "carburant": "Essence",
        "annee": "2025"
    },
    {
        "marque": "Renault",
        "modele": "Symbioz",
        "prix": "41250",
        "kilometrage": "0",
        "boite_vitesse": "Auto.",
        "carburant": "Hybride essence",
        "annee": "2025"
    },
    {
        "marque": "Volkswagen",
        "modele": "Tiguan",
        "prix": "33499",
        "kilometrage": "33130",
        "boite_vitesse": "Auto.",
        "carburant": "Hybride essence rechargeable",
        "annee": "2021"
    },
    {
        "marque": "Smart",
        "modele": "#3",
        "prix": "33499",
        "kilometrage": "4875",
        "boite_vitesse": "Auto.",
        "carburant": "Électrique",
        "annee": "2024"
    },
    {
        "marque": "Renault",
        "modele": "Scénic E-Tech",
        "prix": "44790",
        "kilometrage": "0",
        "boite_vitesse": "Auto.",
        "carburant": "Électrique",
        "annee": "2025"
    },
    {
        "marque": "Renault",
        "modele": "Austral",
        "prix": "43700",
        "kilometrage": "0",
        "boite_vitesse": "Auto.",
        "carburant": "Hybride essence",
        "annee": "2025"
    },
    {
        "marque": "DS",
        "modele": "DS7",
        "prix": "53400",
        "kilometrage": "10",
        "boite_vitesse": "Auto.",
        "carburant": "Diesel",
        "annee": "2025"
    },
    {
        "marque": "Peugeot",
        "modele": "3008",
        "prix": "46990",
        "kilometrage": "0",
        "boite_vitesse": "Auto.",
        "carburant": "Électrique",
        "annee": "2025"
    },
    {
        "marque": "Volkswagen",
        "modele": "Golf 8",
        "prix": "47285",
        "kilometrage": "9",
        "boite_vitesse": "Auto.",
        "carburant": "Diesel",
        "annee": "2025"
    },
    {
        "marque": "Cupra",
        "modele": "FORMENTOR",
        "prix": "46025",
        "kilometrage": "0",
        "boite_vitesse": "Auto.",
        "carburant": "Micro-hybride essence",
        "annee": "2025"
    },
    {
        "marque": "Volkswagen",
        "modele": "T-Roc",
        "prix": "42540",
        "kilometrage": "13",
        "boite_vitesse": "Auto.",
        "carburant": "Essence",
        "annee": "2025"
    },
    {
        "marque": "Volkswagen",
        "modele": "T-Roc",
        "prix": "42540",
        "kilometrage": "13",
        "boite_vitesse": "Auto.",
        "carburant": "Essence",
        "annee": "2025"
    },
    {
        "marque": "Volkswagen",
        "modele": "Tiguan",
        "prix": "33999",
        "kilometrage": "65417",
        "boite_vitesse": "Auto.",
        "carburant": "Essence",
        "annee": "2021"
    },
    {
        "marque": "Mercedes",
        "modele": "Classe E Break",
        "prix": "33999",
        "kilometrage": "134000",
        "boite_vitesse": "Auto.",
        "carburant": "Hybride diesel rechargeable",
        "annee": "2021"
    },
    {
        "marque": "Mercedes",
        "modele": "Classe C Break",
        "prix": "33999",
        "kilometrage": "40798",
        "boite_vitesse": "Auto.",
        "carburant": "Diesel",
        "annee": "2020"
    },
    {
        "marque": "Subaru",
        "modele": "Solterra",
        "prix": "33999",
        "kilometrage": "11189",
        "boite_vitesse": "Auto.",
        "carburant": "Électrique",
        "annee": "2023"
    },
    {
        "marque": "Tesla",
        "modele": "MODEL S",
        "prix": "33999",
        "kilometrage": "44613",
        "boite_vitesse": "Auto.",
        "carburant": "Électrique",
        "annee": "2019"
    },
    {
        "marque": "Audi",
        "modele": "Q3",
        "prix": "33999",
        "kilometrage": "21627",
        "boite_vitesse": "Auto.",
        "carburant": "Essence",
        "annee": "2022"
    },
    {
        "marque": "Renault",
        "modele": "Austral",
        "prix": "45300",
        "kilometrage": "0",
        "boite_vitesse": "Auto.",
        "carburant": "Hybride essence",
        "annee": "2025"
    },
    {
        "marque": "Citroën",
        "modele": "Jumper Fourgon",
        "prix": "54564",
        "kilometrage": "10",
        "boite_vitesse": "Manuelle",
        "carburant": "Diesel",
        "annee": "2025"
    },
    {
        "marque": "Volkswagen",
        "modele": "ID.4",
        "prix": "34299",
        "kilometrage": "170",
        "boite_vitesse": "Auto.",
        "carburant": "Électrique",
        "annee": "2024"
    },
    {
        "marque": "Renault",
        "modele": "Austral",
        "prix": "44500",
        "kilometrage": "0",
        "boite_vitesse": "Auto.",
        "carburant": "Hybride essence",
        "annee": "2025"
    },
    {
        "marque": "BYD",
        "modele": "Seal U",
        "prix": "",
        "kilometrage": "10",
        "boite_vitesse": "Auto.",
        "carburant": "Hybride essence rechargeable",
        "annee": "2025"
    }
]