[
    {
        "marque": "Peugeot",
        "modele": "208",
        "prix": "10999",
        "kilometrage": "10546",
        "boite_vitesse": "Manuelle",
        "carburant": "Essence",
        "annee": "2019"
    },
    {
        "marque": "Peugeot",
        "modele": "208",
        "prix": "10999",
        "kilometrage": "39070",
        "boite_vitesse": "Manuelle",
        "carburant": "Essence",
        "annee": "2019"
    },
    {
        "marque": "Citroën",
        "modele": "C3",
        "prix": "10999",
        "kilometrage": "57051",
        "boite_vitesse": "Manuelle",
        "carburant": "Essence",
        "annee": "2021"
    },
    {
        "marque": "Citroën",
        "modele": "C3",
        "prix": "10999",
        "kilometrage": "27554",
        "boite_vitesse": "Manuelle",
        "carburant": "Essence",
        "annee": "2021"
    },
    {
        "marque": "Peugeot",
        "modele": "308",
        "prix": "10999",
        "kilometrage": "70940",
        "boite_vitesse": "Manuelle",
        "carburant": "Essence",
        "annee": "2019"
    },
    {
        "marque": "Fiat",
        "modele": "500",
        "prix": "10999",
        "kilometrage": "41715",
        "boite_vitesse": "Manuelle",
        "carburant": "Essence",
        "annee": "2019"
    },
    {
        "marque": "Renault",
        "modele": "Zoé",
        "prix": "10999",
        "kilometrage": "47110",
        "boite_vitesse": "Auto.",
        "carburant": "Électrique",
        "annee": "2020"
    },
    {
        "marque": "Renault",
        "modele": "Twingo 3",
        "prix": "10999",
        "kilometrage": "12210",
        "boite_vitesse": "Manuelle",
        "carburant": "Essence",
        "annee": "2019"
    },
    {
        "marque": "Renault",
        "modele": "Scénic 4",
        "prix": "10999",
        "kilometrage": "130670",
        "boite_vitesse": "Manuelle",
        "carburant": "Essence",
        "annee": "2017"
    },
    {
        "marque": "Ford",
        "modele": "Fiesta",
        "prix": "10999",
        "kilometrage": "100090",
        "boite_vitesse": "Manuelle",
        "carburant": "Diesel",
        "annee": "2017"
    },
    {
        "marque": "Fiat",
        "modele": "Panda",
        "prix": "10999",
        "kilometrage": "28275",
        "boite_vitesse": "Manuelle",
        "carburant": "Micro-hybride essence",
        "annee": "2022"
    },
    {
        "marque": "Renault",
        "modele": "Clio",
        "prix": "10999",
        "kilometrage": "80583",
        "boite_vitesse": "Manuelle",
        "carburant": "Essence",
        "annee": "2019"
    },
    {
        "marque": "Peugeot",
        "modele": "108",
        "prix": "10999",
        "kilometrage": "36563",
        "boite_vitesse": "Manuelle",
        "carburant": "Essence",
        "annee": "2021"
    },
    {
        "marque": "Skoda",
        "modele": "Fabia",
        "prix": "10999",
        "kilometrage": "88590",
        "boite_vitesse": "Manuelle",
        "carburant": "Essence",
        "annee": "2017"
    },
    {
        "marque": "Suzuki",
        "modele": "Swift",
        "prix": "10999",
        "kilometrage": "92278",
        "boite_vitesse": "Manuelle",
        "carburant": "Essence",
        "annee": "2018"
    },
    {
        "marque": "Ford",
        "modele": "KA+",
        "prix": "10999",
        "kilometrage": "37742",
        "boite_vitesse": "Manuelle",
        "carburant": "Essence",
        "annee": "2019"
    },
    {
        "marque": "Opel",
        "modele": "Adam",
        "prix": "10999",
        "kilometrage": "29265",
        "boite_vitesse": "Manuelle",
        "carburant": "Essence",
        "annee": "2018"
    },
    {
        "marque": "Renault",
        "modele": "Scenic 3",
        "prix": "10999",
        "kilometrage": "82130",
        "boite_vitesse": "Manuelle",
        "carburant": "Essence",
        "annee": "2015"
    },
    {
        "marque": "Renault",
        "modele": "Zoé Société",
        "prix": "10999",
        "kilometrage": "45975",
        "boite_vitesse": "Auto.",
        "carburant": "Électrique",
        "annee": "2021"
    },
    {
        "marque": "Peugeot",
        "modele": "2008",
        "prix": "10999",
        "kilometrage": "73690",
        "boite_vitesse": "Auto.",
        "carburant": "Essence",
        "annee": "2018"
    },
    {
        "marque": "Peugeot",
        "modele": "2008",
        "prix": "10999",
        "kilometrage": "69628",
        "boite_vitesse": "Manuelle",
        "carburant": "Essence",
        "annee": "2019"
    },
    {
        "marque": "Peugeot",
        "modele": "208",
        "prix": "10999",
        "kilometrage": "61525",
        "boite_vitesse": "Auto.",
        "carburant": "Essence",
        "annee": "2016"
    },
    {
        "marque": "Peugeot",
        "modele": "208",
        "prix": "10999",
        "kilometrage": "59490",
        "boite_vitesse": "Manuelle",
        "carburant": "Essence",
        "annee": "2021"
    }
]