[
    {
        "marque": "Renault",
        "modele": "Captur",
        "prix": "12999",
        "kilometrage": "42635",
        "boite_vitesse": "Manuelle",
        "carburant": "Essence",
        "annee": "2018"
    },
    {
        "marque": "Peugeot",
        "modele": "308",
        "prix": "12999",
        "kilometrage": "92105",
        "boite_vitesse": "Auto.",
        "carburant": "Essence",
        "annee": "2021"
    },
    {
        "marque": "Dacia",
        "modele": "Sandero",
        "prix": "12999",
        "kilometrage": "53458",
        "boite_vitesse": "Manuelle",
        "carburant": "GPL",
        "annee": "2022"
    },
    {
        "marque": "Fiat",
        "modele": "500",
        "prix": "12999",
        "kilometrage": "30226",
        "boite_vitesse": "Manuelle",
        "carburant": "Micro-hybride essence",
        "annee": "2022"
    },
    {
        "marque": "Opel",
        "modele": "Corsa",
        "prix": "12999",
        "kilometrage": "28182",
        "boite_vitesse": "Manuelle",
        "carburant": "Essence",
        "annee": "2022"
    },
    {
        "marque": "Nissan",
        "modele": "Juke",
        "prix": "12999",
        "kilometrage": "102345",
        "boite_vitesse": "Auto.",
        "carburant": "Essence",
        "annee": "2017"
    },
    {
        "marque": "Fiat",
        "modele": "500X",
        "prix": "12999",
        "kilometrage": "83204",
        "boite_vitesse": "Manuelle",
        "carburant": "Diesel",
        "annee": "2020"
    },
    {
        "marque": "Peugeot",
        "modele": "308 SW",
        "prix": "12999",
        "kilometrage": "109223",
        "boite_vitesse": "Manuelle",
        "carburant": "Diesel",
        "annee": "2021"
    },
    {
        "marque": "Citroën",
        "modele": "C4 Cactus",
        "prix": "12999",
        "kilometrage": "60341",
        "boite_vitesse": "Auto.",
        "carburant": "Essence",
        "annee": "2019"
    },
    {
        "marque": "Citroën",
        "modele": "C4 Cactus",
        "prix": "12999",
        "kilometrage": "35100",
        "boite_vitesse": "Auto.",
        "carburant": "Essence",
        "annee": "2020"
    },
    {
        "marque": "Opel",
        "modele": "Crossland X",
        "prix": "12999",
        "kilometrage": "49355",
        "boite_vitesse": "Manuelle",
        "carburant": "Essence",
        "annee": "2018"
    },
    {
        "marque": "Opel",
        "modele": "Astra",
        "prix": "12999",
        "kilometrage": "112757",
        "boite_vitesse": "Auto.",
        "carburant": "Diesel",
        "annee": "2021"
    },
    {
        "marque": "Ford",
        "modele": "Fiesta",
        "prix": "12999",
        "kilometrage": "106486",
        "boite_vitesse": "Manuelle",
        "carburant": "Micro-hybride essence",
        "annee": "2021"
    },
    {
        "marque": "Ford",
        "modele": "Fiesta",
        "prix": "12999",
        "kilometrage": "96294",
        "boite_vitesse": "Manuelle",
        "carburant": "Essence",
        "annee": "2018"
    },
    {
        "marque": "Fiat",
        "modele": "Tipo",
        "prix": "12999",
        "kilometrage": "89237",
        "boite_vitesse": "Manuelle",
        "carburant": "Diesel",
        "annee": "2022"
    },
    {
        "marque": "Ford",
        "modele": "Ecosport",
        "prix": "12999",
        "kilometrage": "65523",
        "boite_vitesse": "Manuelle",
        "carburant": "Essence",
        "annee": "2018"
    },
    {
        "marque": "Opel",
        "modele": "Astra Sports Tourer",
        "prix": "12999",
        "kilometrage": "64645",
        "boite_vitesse": "Manuelle",
        "carburant": "Essence",
        "annee": "2020"
    },
    {
        "marque": "Kia",
        "modele": "Picanto",
        "prix": "12999",
        "kilometrage": "9900",
        "boite_vitesse": "Manuelle",
        "carburant": "Essence",
        "annee": "2021"
    },
    {
        "marque": "Kia",
        "modele": "Picanto",
        "prix": "12999",
        "kilometrage": "43140",
        "boite_vitesse": "Manuelle",
        "carburant": "Essence",
        "annee": "2020"
    },
    {
        "marque": "Kia",
        "modele": "Rio",
        "prix": "12999",
        "kilometrage": "8830",
        "boite_vitesse": "Manuelle",
        "carburant": "Essence",
        "annee": "2016"
    },
    {
        "marque": "BMW",
        "modele": "I3",
        "prix": "",
        "kilometrage": "Occasion",
        "boite_vitesse": "2017",
        "carburant": "Auto.",
        "annee": "54 760 km"
    },
    {
        "marque": "Fiat",
        "modele": "Tipo SW",
        "prix": "12999",
        "kilometrage": "93299",
        "boite_vitesse": "Manuelle",
        "carburant": "Diesel",
        "annee": "2021"
    },
    {
        "marque": "Renault",
        "modele": "Clio 5",
        "prix": "12999",
        "kilometrage": "47190",
        "boite_vitesse": "Manuelle",
        "carburant": "Essence",
        "annee": "2021"
    }
]