[
    {
        "marque": "Renault",
        "modele": "Kadjar",
        "prix": "18499",
        "kilometrage": "23021",
        "boite_vitesse": "Manuelle",
        "carburant": "Essence",
        "annee": "2020"
    },
    {
        "marque": "Volkswagen",
        "modele": "T-Cross",
        "prix": "18499",
        "kilometrage": "44330",
        "boite_vitesse": "Manuelle",
        "carburant": "Essence",
        "annee": "2022"
    },
    {
        "marque": "Volkswagen",
        "modele": "T-CROSS",
        "prix": "18499",
        "kilometrage": "39351",
        "boite_vitesse": "Manuelle",
        "carburant": "Essence",
        "annee": "2020"
    },
    {
        "marque": "Ford",
        "modele": "Focus",
        "prix": "18499",
        "kilometrage": "35710",
        "boite_vitesse": "Auto.",
        "carburant": "Diesel",
        "annee": "2020"
    },
    {
        "marque": "Ford",
        "modele": "Focus",
        "prix": "18499",
        "kilometrage": "54000",
        "boite_vitesse": "Manuelle",
        "carburant": "Diesel",
        "annee": "2022"
    },
    {
        "marque": "BMW",
        "modele": "Série 2 Active Tourer",
        "prix": "18499",
        "kilometrage": "53920",
        "boite_vitesse": "Auto.",
        "carburant": "Hybride essence rechargeable",
        "annee": "2019"
    },
    {
        "marque": "Ford",
        "modele": "TRANSIT FOURGON",
        "prix": "18499",
        "kilometrage": "69585",
        "boite_vitesse": "Manuelle",
        "carburant": "Diesel",
        "annee": "2018"
    },
    {
        "marque": "Dacia",
        "modele": "Lodgy",
        "prix": "18499",
        "kilometrage": "36965",
        "boite_vitesse": "Manuelle",
        "carburant": "Essence",
        "annee": "2021"
    },
    {
        "marque": "Dacia",
        "modele": "Lodgy",
        "prix": "18499",
        "kilometrage": "57235",
        "boite_vitesse": "Manuelle",
        "carburant": "Essence",
        "annee": "2020"
    },
    {
        "marque": "BMW",
        "modele": "I3",
        "prix": "18499",
        "kilometrage": "55315",
        "boite_vitesse": "Auto.",
        "carburant": "Électrique",
        "annee": "2018"
    },
    {
        "marque": "Renault",
        "modele": "Clio 5",
        "prix": "18499",
        "kilometrage": "152",
        "boite_vitesse": "Manuelle",
        "carburant": "Essence",
        "annee": "2024"
    },
    {
        "marque": "Peugeot",
        "modele": "5008",
        "prix": "18499",
        "kilometrage": "142450",
        "boite_vitesse": "Auto.",
        "carburant": "Diesel",
        "annee": "2019"
    },
    {
        "marque": "Toyota",
        "modele": "Corolla Touring Sports",
        "prix": "18599",
        "kilometrage": "92123",
        "boite_vitesse": "Auto.",
        "carburant": "Hybride essence",
        "annee": "2019"
    },
    {
        "marque": "Renault",
        "modele": "Clio 5",
        "prix": "18599",
        "kilometrage": "7998",
        "boite_vitesse": "Manuelle",
        "carburant": "Essence",
        "annee": "2024"
    },
    {
        "marque": "Renault",
        "modele": "Captur",
        "prix": "18599",
        "kilometrage": "43780",
        "boite_vitesse": "Auto.",
        "carburant": "Hybride essence rechargeable",
        "annee": "2021"
    },
    {
        "marque": "Renault",
        "modele": "Captur",
        "prix": "18599",
        "kilometrage": "17632",
        "boite_vitesse": "Manuelle",
        "carburant": "Micro-hybride essence",
        "annee": "2021"
    },
    {
        "marque": "Toyota",
        "modele": "Aygo",
        "prix": "18599",
        "kilometrage": "8979",
        "boite_vitesse": "Manuelle",
        "carburant": "Essence",
        "annee": "2024"
    },
    {
        "marque": "Hyundai",
        "modele": "Ioniq",
        "prix": "18599",
        "kilometrage": "64835",
        "boite_vitesse": "Auto.",
        "carburant": "Hybride essence rechargeable",
        "annee": "2021"
    },
    {
        "marque": "Dacia",
        "modele": "Sandero",
        "prix": "21100",
        "kilometrage": "9",
        "boite_vitesse": "Auto.",
        "carburant": "Essence",
        "annee": "2025"
    },
    {
        "marque": "Dacia",
        "modele": "Jogger",
        "prix": "18699",
        "kilometrage": "49217",
        "boite_vitesse": "Manuelle",
        "carburant": "GPL",
        "annee": "2022"
    },
    {
        "marque": "Seat",
        "modele": "Ibiza",
        "prix": "18699",
        "kilometrage": "23237",
        "boite_vitesse": "Manuelle",
        "carburant": "Essence",
        "annee": "2024"
    },
    {
        "marque": "Hyundai",
        "modele": "BAYON",
        "prix": "18699",
        "kilometrage": "17670",
        "boite_vitesse": "Manuelle",
        "carburant": "Micro-hybride essence",
        "annee": "2024"
    },
    {
        "marque": "Hyundai",
        "modele": "BAYON",
        "prix": "18699",
        "kilometrage": "16290",
        "boite_vitesse": "Manuelle",
        "carburant": "Micro-hybride essence",
        "annee": "2024"
    }
]