[
    {
        "marque": "BMW",
        "modele": "X1",
        "prix": "48999",
        "kilometrage": "9325",
        "boite_vitesse": "Auto.",
        "carburant": "Diesel",
        "annee": "2024"
    },
    {
        "marque": "Audi",
        "modele": "Q3",
        "prix": "48999",
        "kilometrage": "7050",
        "boite_vitesse": "Auto.",
        "carburant": "Hybride essence rechargeable",
        "annee": "2024"
    },
    {
        "marque": "Audi",
        "modele": "Q3 Sportback",
        "prix": "61810",
        "kilometrage": "17",
        "boite_vitesse": "Auto.",
        "carburant": "Diesel",
        "annee": "2025"
    },
    {
        "marque": "Cupra",
        "modele": "Tavascan",
        "prix": "49899",
        "kilometrage": "9970",
        "boite_vitesse": "Auto.",
        "carburant": "Électrique",
        "annee": "2024"
    },
    {
        "marque": "Volvo",
        "modele": "XC90",
        "prix": "50399",
        "kilometrage": "74481",
        "boite_vitesse": "Auto.",
        "carburant": "Micro-hybride essence",
        "annee": "2020"
    },
    {
        "marque": "Audi",
        "modele": "Q7",
        "prix": "50899",
        "kilometrage": "87518",
        "boite_vitesse": "Auto.",
        "carburant": "Micro-hybride diesel",
        "annee": "2020"
    },
    {
        "marque": "Renault",
        "modele": "Rafale",
        "prix": "66000",
        "kilometrage": "0",
        "boite_vitesse": "Auto.",
        "carburant": "Hybride essence rechargeable",
        "annee": "2025"
    },
    {
        "marque": "Audi",
        "modele": "Q5 SPORTBACK",
        "prix": "53999",
        "kilometrage": "18875",
        "boite_vitesse": "Auto.",
        "carburant": "Micro-hybride diesel",
        "annee": "2022"
    },
    {
        "marque": "BMW",
        "modele": "X5",
        "prix": "54699",
        "kilometrage": "51746",
        "boite_vitesse": "Auto.",
        "carburant": "Hybride essence rechargeable",
        "annee": "2019"
    },
    {
        "marque": "Mercedes",
        "modele": "GLC Coupé",
        "prix": "55499",
        "kilometrage": "19239",
        "boite_vitesse": "Auto.",
        "carburant": "Hybride essence rechargeable",
        "annee": "2023"
    },
    {
        "marque": "Audi",
        "modele": "Q7",
        "prix": "57999",
        "kilometrage": "80638",
        "boite_vitesse": "Auto.",
        "carburant": "Hybride diesel rechargeable",
        "annee": "2020"
    }
]