[
    {
        "marque": "Kia",
        "modele": "Sportage",
        "prix": "18999",
        "kilometrage": "97600",
        "boite_vitesse": "Auto.",
        "carburant": "Micro-hybride diesel",
        "annee": "2021"
    },
    {
        "marque": "BMW",
        "modele": "X1",
        "prix": "18999",
        "kilometrage": "124426",
        "boite_vitesse": "Auto.",
        "carburant": "Diesel",
        "annee": "2019"
    },
    {
        "marque": "MG",
        "modele": "MG3",
        "prix": "18999",
        "kilometrage": "10990",
        "boite_vitesse": "Auto.",
        "carburant": "Hybride essence",
        "annee": "2024"
    },
    {
        "marque": "BMW",
        "modele": "X2",
        "prix": "18999",
        "kilometrage": "143548",
        "boite_vitesse": "Auto.",
        "carburant": "Diesel",
        "annee": "2021"
    },
    {
        "marque": "Kia",
        "modele": "Sportage",
        "prix": "18999",
        "kilometrage": "92897",
        "boite_vitesse": "Manuelle",
        "carburant": "Diesel",
        "annee": "2022"
    },
    {
        "marque": "BMW",
        "modele": "Série 1",
        "prix": "18999",
        "kilometrage": "67270",
        "boite_vitesse": "Manuelle",
        "carburant": "Essence",
        "annee": "2020"
    },
    {
        "marque": "Hyundai",
        "modele": "i20",
        "prix": "18999",
        "kilometrage": "10805",
        "boite_vitesse": "Auto.",
        "carburant": "Micro-hybride essence",
        "annee": "2022"
    },
    {
        "marque": "Peugeot",
        "modele": "508 SW",
        "prix": "18999",
        "kilometrage": "117980",
        "boite_vitesse": "Auto.",
        "carburant": "Hybride essence rechargeable",
        "annee": "2020"
    },
    {
        "marque": "Renault",
        "modele": "Talisman",
        "prix": "18999",
        "kilometrage": "74810",
        "boite_vitesse": "Manuelle",
        "carburant": "Diesel",
        "annee": "2020"
    },
    {
        "marque": "Skoda",
        "modele": "KAMIQ",
        "prix": "18999",
        "kilometrage": "65945",
        "boite_vitesse": "Manuelle",
        "carburant": "Essence",
        "annee": "2021"
    },
    {
        "marque": "Honda",
        "modele": "Civic",
        "prix": "18999",
        "kilometrage": "92300",
        "boite_vitesse": "Manuelle",
        "carburant": "Essence",
        "annee": "2017"
    },
    {
        "marque": "Skoda",
        "modele": "Octavia",
        "prix": "18999",
        "kilometrage": "110480",
        "boite_vitesse": "Manuelle",
        "carburant": "Diesel",
        "annee": "2021"
    },
    {
        "marque": "Peugeot",
        "modele": "2008",
        "prix": "18999",
        "kilometrage": "20530",
        "boite_vitesse": "Auto.",
        "carburant": "Essence",
        "annee": "2022"
    },
    {
        "marque": "Peugeot",
        "modele": "2008",
        "prix": "18999",
        "kilometrage": "18721",
        "boite_vitesse": "Auto.",
        "carburant": "Essence",
        "annee": "2023"
    },
    {
        "marque": "Peugeot",
        "modele": "2008",
        "prix": "18999",
        "kilometrage": "15123",
        "boite_vitesse": "Manuelle",
        "carburant": "Essence",
        "annee": "2024"
    },
    {
        "marque": "Dacia",
        "modele": "Duster",
        "prix": "18999",
        "kilometrage": "71332",
        "boite_vitesse": "Manuelle",
        "carburant": "Diesel",
        "annee": "2021"
    },
    {
        "marque": "Nissan",
        "modele": "Qashqai",
        "prix": "18999",
        "kilometrage": "60983",
        "boite_vitesse": "Manuelle",
        "carburant": "Diesel",
        "annee": "2020"
    },
    {
        "marque": "Peugeot",
        "modele": "5008",
        "prix": "18999",
        "kilometrage": "34065",
        "boite_vitesse": "Manuelle",
        "carburant": "Essence",
        "annee": "2020"
    },
    {
        "marque": "Peugeot",
        "modele": "5008",
        "prix": "18999",
        "kilometrage": "119505",
        "boite_vitesse": "Auto.",
        "carburant": "Diesel",
        "annee": "2019"
    },
    {
        "marque": "MG",
        "modele": "MG3",
        "prix": "18999",
        "kilometrage": "15800",
        "boite_vitesse": "Auto.",
        "carburant": "Hybride essence",
        "annee": "2024"
    },
    {
        "marque": "Suzuki",
        "modele": "Swift",
        "prix": "18999",
        "kilometrage": "6138",
        "boite_vitesse": "Auto.",
        "carburant": "Micro-hybride essence",
        "annee": "2024"
    },
    {
        "marque": "Kia",
        "modele": "XCEED",
        "prix": "18999",
        "kilometrage": "40340",
        "boite_vitesse": "Auto.",
        "carburant": "Hybride essence rechargeable",
        "annee": "2021"
    },
    {
        "marque": "Ford",
        "modele": "Mondeo SW",
        "prix": "18999",
        "kilometrage": "78169",
        "boite_vitesse": "Auto.",
        "carburant": "Hybride essence",
        "annee": "2021"
    }
]