[
    {
        "marque": "Peugeot",
        "modele": "5008",
        "prix": "19999",
        "kilometrage": "106950",
        "boite_vitesse": "Manuelle",
        "carburant": "Diesel",
        "annee": "2018"
    },
    {
        "marque": "Dacia",
        "modele": "Duster",
        "prix": "19999",
        "kilometrage": "41588",
        "boite_vitesse": "Manuelle",
        "carburant": "Diesel",
        "annee": "2022"
    },
    {
        "marque": "Renault",
        "modele": "Arkana",
        "prix": "19999",
        "kilometrage": "77200",
        "boite_vitesse": "Auto.",
        "carburant": "Hybride essence",
        "annee": "2021"
    },
    {
        "marque": "Audi",
        "modele": "A3 Sportback",
        "prix": "19999",
        "kilometrage": "52830",
        "boite_vitesse": "Auto.",
        "carburant": "Diesel",
        "annee": "2016"
    },
    {
        "marque": "Mercedes",
        "modele": "Classe A",
        "prix": "19999",
        "kilometrage": "99456",
        "boite_vitesse": "Auto.",
        "carburant": "Essence",
        "annee": "2015"
    },
    {
        "marque": "Audi",
        "modele": "A1 Sportback",
        "prix": "19999",
        "kilometrage": "25042",
        "boite_vitesse": "Manuelle",
        "carburant": "Essence",
        "annee": "2021"
    },
    {
        "marque": "Peugeot",
        "modele": "208 ELECTRIQUE",
        "prix": "19999",
        "kilometrage": "15",
        "boite_vitesse": "Auto.",
        "carburant": "Électrique",
        "annee": "2023"
    },
    {
        "marque": "Mini",
        "modele": "Countryman",
        "prix": "19999",
        "kilometrage": "42980",
        "boite_vitesse": "Manuelle",
        "carburant": "Essence",
        "annee": "2020"
    },
    {
        "marque": "Skoda",
        "modele": "Scala",
        "prix": "19999",
        "kilometrage": "68450",
        "boite_vitesse": "Manuelle",
        "carburant": "Essence",
        "annee": "2021"
    },
    {
        "marque": "Citroën",
        "modele": "C5 Aircross",
        "prix": "20099",
        "kilometrage": "48953",
        "boite_vitesse": "Auto.",
        "carburant": "Essence",
        "annee": "2022"
    },
    {
        "marque": "Citroën",
        "modele": "C5 Aircross",
        "prix": "20099",
        "kilometrage": "68617",
        "boite_vitesse": "Auto.",
        "carburant": "Essence",
        "annee": "2022"
    },
    {
        "marque": "Peugeot",
        "modele": "3008",
        "prix": "20099",
        "kilometrage": "48328",
        "boite_vitesse": "Manuelle",
        "carburant": "Diesel",
        "annee": "2020"
    },
    {
        "marque": "Peugeot",
        "modele": "308",
        "prix": "20099",
        "kilometrage": "46415",
        "boite_vitesse": "Manuelle",
        "carburant": "Diesel",
        "annee": "2021"
    },
    {
        "marque": "Peugeot",
        "modele": "308",
        "prix": "20099",
        "kilometrage": "23414",
        "boite_vitesse": "Auto.",
        "carburant": "Diesel",
        "annee": "2020"
    },
    {
        "marque": "Dacia",
        "modele": "JOGGER",
        "prix": "20099",
        "kilometrage": "31810",
        "boite_vitesse": "Manuelle",
        "carburant": "Essence",
        "annee": "2023"
    },
    {
        "marque": "Peugeot",
        "modele": "508 SW",
        "prix": "20099",
        "kilometrage": "77891",
        "boite_vitesse": "Auto.",
        "carburant": "Diesel",
        "annee": "2020"
    },
    {
        "marque": "Opel",
        "modele": "Grandland X",
        "prix": "20099",
        "kilometrage": "68014",
        "boite_vitesse": "Auto.",
        "carburant": "Hybride essence rechargeable",
        "annee": "2021"
    },
    {
        "marque": "Renault",
        "modele": "Clio 5",
        "prix": "23950",
        "kilometrage": "10",
        "boite_vitesse": "Manuelle",
        "carburant": "Essence",
        "annee": "2024"
    },
    {
        "marque": "Peugeot",
        "modele": "2008",
        "prix": "20299",
        "kilometrage": "39450",
        "boite_vitesse": "Auto.",
        "carburant": "Essence",
        "annee": "2021"
    },
    {
        "marque": "Peugeot",
        "modele": "2008",
        "prix": "20299",
        "kilometrage": "23920",
        "boite_vitesse": "Auto.",
        "carburant": "Essence",
        "annee": "2023"
    },
    {
        "marque": "Peugeot",
        "modele": "3008",
        "prix": "20299",
        "kilometrage": "91664",
        "boite_vitesse": "Auto.",
        "carburant": "Diesel",
        "annee": "2017"
    },
    {
        "marque": "Hyundai",
        "modele": "Tucson",
        "prix": "20299",
        "kilometrage": "109340",
        "boite_vitesse": "Auto.",
        "carburant": "Micro-hybride diesel",
        "annee": "2020"
    },
    {
        "marque": "Renault",
        "modele": "Arkana",
        "prix": "20299",
        "kilometrage": "56443",
        "boite_vitesse": "Auto.",
        "carburant": "Hybride essence",
        "annee": "2021"
    }
]