[
    {
        "marque": "Peugeot",
        "modele": "3008",
        "prix": "14499",
        "kilometrage": "60640",
        "boite_vitesse": "Auto.",
        "carburant": "Essence",
        "annee": "2018"
    },
    {
        "marque": "Peugeot",
        "modele": "3008",
        "prix": "14499",
        "kilometrage": "95331",
        "boite_vitesse": "Manuelle",
        "carburant": "Essence",
        "annee": "2019"
    },
    {
        "marque": "Nissan",
        "modele": "Qashqai",
        "prix": "14499",
        "kilometrage": "126073",
        "boite_vitesse": "Manuelle",
        "carburant": "Essence",
        "annee": "2018"
    },
    {
        "marque": "Citroën",
        "modele": "C3",
        "prix": "14499",
        "kilometrage": "13565",
        "boite_vitesse": "Manuelle",
        "carburant": "Essence",
        "annee": "2024"
    },
    {
        "marque": "Citroën",
        "modele": "C3",
        "prix": "14499",
        "kilometrage": "12468",
        "boite_vitesse": "Manuelle",
        "carburant": "Essence",
        "annee": "2024"
    },
    {
        "marque": "Peugeot",
        "modele": "308",
        "prix": "14499",
        "kilometrage": "40890",
        "boite_vitesse": "Auto.",
        "carburant": "Essence",
        "annee": "2018"
    },
    {
        "marque": "Citroën",
        "modele": "C3",
        "prix": "14499",
        "kilometrage": "11570",
        "boite_vitesse": "Manuelle",
        "carburant": "Essence",
        "annee": "2024"
    },
    {
        "marque": "Dacia",
        "modele": "Duster",
        "prix": "14499",
        "kilometrage": "80949",
        "boite_vitesse": "Manuelle",
        "carburant": "Essence",
        "annee": "2020"
    },
    {
        "marque": "Dacia",
        "modele": "Duster",
        "prix": "14499",
        "kilometrage": "113660",
        "boite_vitesse": "Manuelle",
        "carburant": "Diesel",
        "annee": "2018"
    },
    {
        "marque": "Dacia",
        "modele": "Sandero",
        "prix": "14499",
        "kilometrage": "17265",
        "boite_vitesse": "Manuelle",
        "carburant": "Essence",
        "annee": "2022"
    },
    {
        "marque": "Dacia",
        "modele": "Sandero",
        "prix": "14499",
        "kilometrage": "16210",
        "boite_vitesse": "Manuelle",
        "carburant": "GPL",
        "annee": "2023"
    },
    {
        "marque": "Dacia",
        "modele": "Sandero",
        "prix": "14499",
        "kilometrage": "66890",
        "boite_vitesse": "Manuelle",
        "carburant": "GPL",
        "annee": "2021"
    },
    {
        "marque": "Dacia",
        "modele": "Sandero",
        "prix": "14499",
        "kilometrage": "40034",
        "boite_vitesse": "Manuelle",
        "carburant": "GPL",
        "annee": "2021"
    },
    {
        "marque": "Ford",
        "modele": "Puma",
        "prix": "14499",
        "kilometrage": "86134",
        "boite_vitesse": "Manuelle",
        "carburant": "Micro-hybride essence",
        "annee": "2020"
    },
    {
        "marque": "Fiat",
        "modele": "500",
        "prix": "14499",
        "kilometrage": "18638",
        "boite_vitesse": "Manuelle",
        "carburant": "Micro-hybride essence",
        "annee": "2024"
    },
    {
        "marque": "Renault",
        "modele": "Zoé",
        "prix": "14499",
        "kilometrage": "29786",
        "boite_vitesse": "Auto.",
        "carburant": "Électrique",
        "annee": "2021"
    },
    {
        "marque": "Renault",
        "modele": "Grand Scénic 4",
        "prix": "14499",
        "kilometrage": "125861",
        "boite_vitesse": "Manuelle",
        "carburant": "Diesel",
        "annee": "2018"
    },
    {
        "marque": "Ford",
        "modele": "Kuga",
        "prix": "14499",
        "kilometrage": "100541",
        "boite_vitesse": "Manuelle",
        "carburant": "Éthanol E85",
        "annee": "2019"
    },
    {
        "marque": "Renault",
        "modele": "Scénic 4",
        "prix": "14499",
        "kilometrage": "106520",
        "boite_vitesse": "Manuelle",
        "carburant": "Essence",
        "annee": "2018"
    },
    {
        "marque": "Seat",
        "modele": "Arona",
        "prix": "14499",
        "kilometrage": "68652",
        "boite_vitesse": "Manuelle",
        "carburant": "Essence",
        "annee": "2018"
    },
    {
        "marque": "Ford",
        "modele": "Fiesta",
        "prix": "14499",
        "kilometrage": "70735",
        "boite_vitesse": "Auto.",
        "carburant": "Essence",
        "annee": "2020"
    },
    {
        "marque": "Renault",
        "modele": "Mégane 4 Estate",
        "prix": "14499",
        "kilometrage": "89920",
        "boite_vitesse": "Manuelle",
        "carburant": "Essence",
        "annee": "2018"
    },
    {
        "marque": "Mini",
        "modele": "Mini",
        "prix": "14499",
        "kilometrage": "69582",
        "boite_vitesse": "Manuelle",
        "carburant": "Essence",
        "annee": "2017"
    }
]