[
    {
        "marque": "Kia",
        "modele": "Niro",
        "prix": "22999",
        "kilometrage": "16228",
        "boite_vitesse": "Auto.",
        "carburant": "Électrique",
        "annee": "2022"
    },
    {
        "marque": "Opel",
        "modele": "Astra",
        "prix": "22999",
        "kilometrage": "7819",
        "boite_vitesse": "Manuelle",
        "carburant": "Essence",
        "annee": "2024"
    },
    {
        "marque": "Peugeot",
        "modele": "RIFTER",
        "prix": "22999",
        "kilometrage": "70720",
        "boite_vitesse": "Auto.",
        "carburant": "Diesel",
        "annee": "2020"
    },
    {
        "marque": "DS",
        "modele": "DS3",
        "prix": "22999",
        "kilometrage": "8329",
        "boite_vitesse": "Auto.",
        "carburant": "Essence",
        "annee": "2024"
    },
    {
        "marque": "DS",
        "modele": "DS3",
        "prix": "22999",
        "kilometrage": "15825",
        "boite_vitesse": "Auto.",
        "carburant": "Essence",
        "annee": "2023"
    },
    {
        "marque": "Hyundai",
        "modele": "i30 CW",
        "prix": "22999",
        "kilometrage": "16025",
        "boite_vitesse": "Manuelle",
        "carburant": "Micro-hybride essence",
        "annee": "2023"
    },
    {
        "marque": "Volvo",
        "modele": "V60",
        "prix": "22999",
        "kilometrage": "99211",
        "boite_vitesse": "Auto.",
        "carburant": "Diesel",
        "annee": "2020"
    },
    {
        "marque": "Peugeot",
        "modele": "2008",
        "prix": "22999",
        "kilometrage": "15630",
        "boite_vitesse": "Auto.",
        "carburant": "Essence",
        "annee": "2023"
    },
    {
        "marque": "Citroën",
        "modele": "C5 Aircross",
        "prix": "22999",
        "kilometrage": "35987",
        "boite_vitesse": "Auto.",
        "carburant": "Essence",
        "annee": "2023"
    },
    {
        "marque": "Peugeot",
        "modele": "3008",
        "prix": "22999",
        "kilometrage": "15",
        "boite_vitesse": "Manuelle",
        "carburant": "Essence",
        "annee": "2023"
    },
    {
        "marque": "Peugeot",
        "modele": "3008",
        "prix": "22999",
        "kilometrage": "30270",
        "boite_vitesse": "Manuelle",
        "carburant": "Diesel",
        "annee": "2021"
    },
    {
        "marque": "BMW",
        "modele": "Série 1",
        "prix": "22999",
        "kilometrage": "66695",
        "boite_vitesse": "Auto.",
        "carburant": "Essence",
        "annee": "2020"
    },
    {
        "marque": "Peugeot",
        "modele": "2008",
        "prix": "23099",
        "kilometrage": "20689",
        "boite_vitesse": "Auto.",
        "carburant": "Essence",
        "annee": "2024"
    },
    {
        "marque": "Peugeot",
        "modele": "2008",
        "prix": "23099",
        "kilometrage": "23872",
        "boite_vitesse": "Auto.",
        "carburant": "Essence",
        "annee": "2024"
    },
    {
        "marque": "Nissan",
        "modele": "Qashqai",
        "prix": "23099",
        "kilometrage": "35253",
        "boite_vitesse": "Auto.",
        "carburant": "Essence",
        "annee": "2020"
    },
    {
        "marque": "Peugeot",
        "modele": "3008",
        "prix": "23099",
        "kilometrage": "73710",
        "boite_vitesse": "Auto.",
        "carburant": "Hybride essence rechargeable",
        "annee": "2021"
    },
    {
        "marque": "Volkswagen",
        "modele": "Tiguan",
        "prix": "23099",
        "kilometrage": "74927",
        "boite_vitesse": "Manuelle",
        "carburant": "Essence",
        "annee": "2020"
    },
    {
        "marque": "Mercedes",
        "modele": "Classe A",
        "prix": "23099",
        "kilometrage": "73294",
        "boite_vitesse": "Manuelle",
        "carburant": "Essence",
        "annee": "2020"
    },
    {
        "marque": "Mercedes",
        "modele": "Classe A",
        "prix": "23099",
        "kilometrage": "66187",
        "boite_vitesse": "Manuelle",
        "carburant": "Diesel",
        "annee": "2020"
    },
    {
        "marque": "DS",
        "modele": "DS7",
        "prix": "23099",
        "kilometrage": "64300",
        "boite_vitesse": "Auto.",
        "carburant": "Essence",
        "annee": "2020"
    },
    {
        "marque": "BMW",
        "modele": "Série 1",
        "prix": "23099",
        "kilometrage": "11756",
        "boite_vitesse": "Manuelle",
        "carburant": "Essence",
        "annee": "2023"
    },
    {
        "marque": "Mini",
        "modele": "Mini",
        "prix": "23099",
        "kilometrage": "98598",
        "boite_vitesse": "Auto.",
        "carburant": "Essence",
        "annee": "2020"
    },
    {
        "marque": "BMW",
        "modele": "Série 2",
        "prix": "23099",
        "kilometrage": "80212",
        "boite_vitesse": "Auto.",
        "carburant": "Essence",
        "annee": "2020"
    }
]