[
    {
        "marque": "Peugeot",
        "modele": "2008",
        "prix": "21799",
        "kilometrage": "20685",
        "boite_vitesse": "Auto.",
        "carburant": "Essence",
        "annee": "2023"
    },
    {
        "marque": "Renault",
        "modele": "Kadjar",
        "prix": "21799",
        "kilometrage": "55924",
        "boite_vitesse": "Auto.",
        "carburant": "Diesel",
        "annee": "2022"
    },
    {
        "marque": "BMW",
        "modele": "Série 1",
        "prix": "21799",
        "kilometrage": "25984",
        "boite_vitesse": "Manuelle",
        "carburant": "Essence",
        "annee": "2022"
    },
    {
        "marque": "BMW",
        "modele": "Série 3 Touring",
        "prix": "21799",
        "kilometrage": "110373",
        "boite_vitesse": "Auto.",
        "carburant": "Micro-hybride diesel",
        "annee": "2020"
    },
    {
        "marque": "MG",
        "modele": "EHS",
        "prix": "21799",
        "kilometrage": "38945",
        "boite_vitesse": "Auto.",
        "carburant": "Hybride essence rechargeable",
        "annee": "2022"
    },
    {
        "marque": "Opel",
        "modele": "Mokka",
        "prix": "21899",
        "kilometrage": "5231",
        "boite_vitesse": "Auto.",
        "carburant": "Électrique",
        "annee": "2023"
    },
    {
        "marque": "Opel",
        "modele": "Mokka",
        "prix": "21899",
        "kilometrage": "8645",
        "boite_vitesse": "Auto.",
        "carburant": "Essence",
        "annee": "2024"
    },
    {
        "marque": "MG",
        "modele": "EHS",
        "prix": "21899",
        "kilometrage": "21960",
        "boite_vitesse": "Auto.",
        "carburant": "Hybride essence rechargeable",
        "annee": "2021"
    },
    {
        "marque": "Toyota",
        "modele": "YARIS CROSS",
        "prix": "21999",
        "kilometrage": "38476",
        "boite_vitesse": "Auto.",
        "carburant": "Hybride essence",
        "annee": "2022"
    },
    {
        "marque": "Peugeot",
        "modele": "2008",
        "prix": "29220",
        "kilometrage": "0",
        "boite_vitesse": "Manuelle",
        "carburant": "Essence",
        "annee": "2024"
    },
    {
        "marque": "Citroën",
        "modele": "C3 Aircross",
        "prix": "",
        "kilometrage": "10",
        "boite_vitesse": "Auto.",
        "carburant": "Essence",
        "annee": "2024"
    },
    {
        "marque": "Citroën",
        "modele": "C4",
        "prix": "44280",
        "kilometrage": "10",
        "boite_vitesse": "Auto.",
        "carburant": "Électrique",
        "annee": "2024"
    },
    {
        "marque": "Peugeot",
        "modele": "2008",
        "prix": "21999",
        "kilometrage": "2",
        "boite_vitesse": "Auto.",
        "carburant": "Essence",
        "annee": "2023"
    },
    {
        "marque": "Citroën",
        "modele": "C4",
        "prix": "21999",
        "kilometrage": "3235",
        "boite_vitesse": "Auto.",
        "carburant": "Électrique",
        "annee": "2023"
    },
    {
        "marque": "Peugeot",
        "modele": "3008",
        "prix": "21999",
        "kilometrage": "90465",
        "boite_vitesse": "Auto.",
        "carburant": "Diesel",
        "annee": "2022"
    },
    {
        "marque": "Citroën",
        "modele": "C4",
        "prix": "21999",
        "kilometrage": "6990",
        "boite_vitesse": "Auto.",
        "carburant": "Essence",
        "annee": "2024"
    },
    {
        "marque": "Peugeot",
        "modele": "3008",
        "prix": "21999",
        "kilometrage": "16718",
        "boite_vitesse": "Auto.",
        "carburant": "Essence",
        "annee": "2023"
    },
    {
        "marque": "Citroën",
        "modele": "Berlingo VAN",
        "prix": "29532",
        "kilometrage": "12",
        "boite_vitesse": "Manuelle",
        "carburant": "Diesel",
        "annee": "2024"
    },
    {
        "marque": "Peugeot",
        "modele": "3008",
        "prix": "21999",
        "kilometrage": "66408",
        "boite_vitesse": "Auto.",
        "carburant": "Diesel",
        "annee": "2020"
    },
    {
        "marque": "Volkswagen",
        "modele": "T-Roc",
        "prix": "21999",
        "kilometrage": "21438",
        "boite_vitesse": "Manuelle",
        "carburant": "Essence",
        "annee": "2021"
    },
    {
        "marque": "Renault",
        "modele": "Kadjar",
        "prix": "21999",
        "kilometrage": "14416",
        "boite_vitesse": "Auto.",
        "carburant": "Essence",
        "annee": "2022"
    },
    {
        "marque": "Suzuki",
        "modele": "VITARA",
        "prix": "21999",
        "kilometrage": "24159",
        "boite_vitesse": "Auto.",
        "carburant": "Micro-hybride essence",
        "annee": "2021"
    },
    {
        "marque": "DS",
        "modele": "DS7 CROSSBACK",
        "prix": "21999",
        "kilometrage": "120218",
        "boite_vitesse": "Auto.",
        "carburant": "Hybride essence rechargeable",
        "annee": "2021"
    }
]