[
    {
        "marque": "Nissan",
        "modele": "Juke",
        "prix": "14999",
        "kilometrage": "86675",
        "boite_vitesse": "Manuelle",
        "carburant": "Essence",
        "annee": "2021"
    },
    {
        "marque": "Fiat",
        "modele": "500X",
        "prix": "14999",
        "kilometrage": "28530",
        "boite_vitesse": "Manuelle",
        "carburant": "Essence",
        "annee": "2019"
    },
    {
        "marque": "Citroën",
        "modele": "GRAND C4 SPACETOURER",
        "prix": "14999",
        "kilometrage": "70734",
        "boite_vitesse": "Manuelle",
        "carburant": "Essence",
        "annee": "2018"
    },
    {
        "marque": "Opel",
        "modele": "Crossland",
        "prix": "14999",
        "kilometrage": "38684",
        "boite_vitesse": "Manuelle",
        "carburant": "Essence",
        "annee": "2023"
    },
    {
        "marque": "Toyota",
        "modele": "Yaris 4",
        "prix": "14999",
        "kilometrage": "48064",
        "boite_vitesse": "Manuelle",
        "carburant": "Essence",
        "annee": "2021"
    },
    {
        "marque": "Ford",
        "modele": "Focus",
        "prix": "14999",
        "kilometrage": "86924",
        "boite_vitesse": "Manuelle",
        "carburant": "Hybride essence",
        "annee": "2021"
    },
    {
        "marque": "Ford",
        "modele": "Focus",
        "prix": "14999",
        "kilometrage": "112543",
        "boite_vitesse": "Manuelle",
        "carburant": "Diesel",
        "annee": "2020"
    },
    {
        "marque": "Ford",
        "modele": "Focus",
        "prix": "14999",
        "kilometrage": "123053",
        "boite_vitesse": "Manuelle",
        "carburant": "Diesel",
        "annee": "2020"
    },
    {
        "marque": "Hyundai",
        "modele": "Kona",
        "prix": "14999",
        "kilometrage": "63925",
        "boite_vitesse": "Manuelle",
        "carburant": "Essence",
        "annee": "2018"
    },
    {
        "marque": "Citroën",
        "modele": "C4 Picasso",
        "prix": "14999",
        "kilometrage": "97540",
        "boite_vitesse": "Auto.",
        "carburant": "Diesel",
        "annee": "2017"
    },
    {
        "marque": "Fiat",
        "modele": "500C",
        "prix": "14999",
        "kilometrage": "21685",
        "boite_vitesse": "Manuelle",
        "carburant": "Micro-hybride essence",
        "annee": "2023"
    },
    {
        "marque": "Hyundai",
        "modele": "Ioniq",
        "prix": "14999",
        "kilometrage": "96008",
        "boite_vitesse": "Auto.",
        "carburant": "Hybride essence rechargeable",
        "annee": "2017"
    },
    {
        "marque": "Honda",
        "modele": "Jazz",
        "prix": "14999",
        "kilometrage": "66220",
        "boite_vitesse": "Auto.",
        "carburant": "Essence",
        "annee": "2019"
    },
    {
        "marque": "Ford",
        "modele": "C-Max",
        "prix": "14999",
        "kilometrage": "47043",
        "boite_vitesse": "Manuelle",
        "carburant": "Essence",
        "annee": "2017"
    },
    {
        "marque": "Peugeot",
        "modele": "208",
        "prix": "14999",
        "kilometrage": "48585",
        "boite_vitesse": "Auto.",
        "carburant": "Électrique",
        "annee": "2022"
    },
    {
        "marque": "Peugeot",
        "modele": "208",
        "prix": "14999",
        "kilometrage": "13360",
        "boite_vitesse": "Manuelle",
        "carburant": "Essence",
        "annee": "2023"
    },
    {
        "marque": "Renault",
        "modele": "Clio 5",
        "prix": "14999",
        "kilometrage": "44410",
        "boite_vitesse": "Manuelle",
        "carburant": "Essence",
        "annee": "2021"
    },
    {
        "marque": "Renault",
        "modele": "Clio 5",
        "prix": "14999",
        "kilometrage": "39105",
        "boite_vitesse": "Manuelle",
        "carburant": "Essence",
        "annee": "2021"
    },
    {
        "marque": "Nissan",
        "modele": "Qashqai",
        "prix": "14999",
        "kilometrage": "71607",
        "boite_vitesse": "Manuelle",
        "carburant": "Essence",
        "annee": "2018"
    },
    {
        "marque": "Nissan",
        "modele": "Qashqai",
        "prix": "14999",
        "kilometrage": "129379",
        "boite_vitesse": "Manuelle",
        "carburant": "Diesel",
        "annee": "2019"
    },
    {
        "marque": "Citroën",
        "modele": "C3",
        "prix": "14999",
        "kilometrage": "5555",
        "boite_vitesse": "Manuelle",
        "carburant": "Essence",
        "annee": "2023"
    },
    {
        "marque": "Citroën",
        "modele": "C3",
        "prix": "14999",
        "kilometrage": "12795",
        "boite_vitesse": "Manuelle",
        "carburant": "Essence",
        "annee": "2024"
    },
    {
        "marque": "Citroën",
        "modele": "C3",
        "prix": "14999",
        "kilometrage": "15483",
        "boite_vitesse": "Manuelle",
        "carburant": "Essence",
        "annee": "2024"
    }
]