[
    {
        "marque": "BMW",
        "modele": "Série 1",
        "prix": "23599",
        "kilometrage": "27130",
        "boite_vitesse": "Manuelle",
        "carburant": "Essence",
        "annee": "2023"
    },
    {
        "marque": "Ford",
        "modele": "Kuga",
        "prix": "23599",
        "kilometrage": "46483",
        "boite_vitesse": "Auto.",
        "carburant": "Hybride essence rechargeable",
        "annee": "2021"
    },
    {
        "marque": "Peugeot",
        "modele": "3008",
        "prix": "23599",
        "kilometrage": "24172",
        "boite_vitesse": "Manuelle",
        "carburant": "Diesel",
        "annee": "2021"
    },
    {
        "marque": "Citroën",
        "modele": "C4",
        "prix": "32350",
        "kilometrage": "10",
        "boite_vitesse": "Auto.",
        "carburant": "Micro-hybride essence",
        "annee": "2025"
    },
    {
        "marque": "Peugeot",
        "modele": "2008",
        "prix": "23699",
        "kilometrage": "7691",
        "boite_vitesse": "Auto.",
        "carburant": "Électrique",
        "annee": "2023"
    },
    {
        "marque": "Citroën",
        "modele": "C4",
        "prix": "31820",
        "kilometrage": "10",
        "boite_vitesse": "Auto.",
        "carburant": "Micro-hybride essence",
        "annee": "2025"
    },
    {
        "marque": "Fiat",
        "modele": "Tipo Sw",
        "prix": "35550",
        "kilometrage": "10",
        "boite_vitesse": "Auto.",
        "carburant": "Hybride essence",
        "annee": "2024"
    },
    {
        "marque": "Fiat",
        "modele": "Tipo Sw",
        "prix": "35550",
        "kilometrage": "10",
        "boite_vitesse": "Auto.",
        "carburant": "Hybride essence",
        "annee": "2024"
    },
    {
        "marque": "Renault",
        "modele": "Arkana",
        "prix": "23699",
        "kilometrage": "30754",
        "boite_vitesse": "Auto.",
        "carburant": "Micro-hybride essence",
        "annee": "2023"
    },
    {
        "marque": "Peugeot",
        "modele": "308 SW",
        "prix": "23699",
        "kilometrage": "19900",
        "boite_vitesse": "Auto.",
        "carburant": "Essence",
        "annee": "2022"
    },
    {
        "marque": "Mercedes",
        "modele": "Classe A",
        "prix": "23699",
        "kilometrage": "57483",
        "boite_vitesse": "Auto.",
        "carburant": "Essence",
        "annee": "2019"
    },
    {
        "marque": "Fiat",
        "modele": "500X",
        "prix": "23699",
        "kilometrage": "9310",
        "boite_vitesse": "Auto.",
        "carburant": "Hybride essence",
        "annee": "2024"
    },
    {
        "marque": "Renault",
        "modele": "Mégane",
        "prix": "23699",
        "kilometrage": "22781",
        "boite_vitesse": "Auto.",
        "carburant": "Électrique",
        "annee": "2022"
    },
    {
        "marque": "Mercedes",
        "modele": "Classe B",
        "prix": "23699",
        "kilometrage": "61182",
        "boite_vitesse": "Auto.",
        "carburant": "Diesel",
        "annee": "2021"
    },
    {
        "marque": "Citroën",
        "modele": "C4",
        "prix": "32150",
        "kilometrage": "10",
        "boite_vitesse": "Auto.",
        "carburant": "Micro-hybride essence",
        "annee": "2025"
    },
    {
        "marque": "Peugeot",
        "modele": "2008",
        "prix": "34000",
        "kilometrage": "0",
        "boite_vitesse": "Auto.",
        "carburant": "Essence",
        "annee": "2024"
    },
    {
        "marque": "Citroën",
        "modele": "C4 X",
        "prix": "32550",
        "kilometrage": "0",
        "boite_vitesse": "Auto.",
        "carburant": "Micro-hybride essence",
        "annee": "2025"
    },
    {
        "marque": "BMW",
        "modele": "Série 1",
        "prix": "23799",
        "kilometrage": "23365",
        "boite_vitesse": "Manuelle",
        "carburant": "Essence",
        "annee": "2023"
    },
    {
        "marque": "Renault",
        "modele": "Captur",
        "prix": "29300",
        "kilometrage": "5",
        "boite_vitesse": "Manuelle",
        "carburant": "Micro-hybride essence",
        "annee": "2025"
    },
    {
        "marque": "Audi",
        "modele": "A3 Sportback",
        "prix": "23899",
        "kilometrage": "70952",
        "boite_vitesse": "Auto.",
        "carburant": "Essence",
        "annee": "2019"
    },
    {
        "marque": "Peugeot",
        "modele": "408",
        "prix": "23899",
        "kilometrage": "15545",
        "boite_vitesse": "Auto.",
        "carburant": "Essence",
        "annee": "2024"
    },
    {
        "marque": "DS",
        "modele": "DS 3",
        "prix": "23899",
        "kilometrage": "14000",
        "boite_vitesse": "Auto.",
        "carburant": "Électrique",
        "annee": "2023"
    },
    {
        "marque": "Volkswagen",
        "modele": "Passat",
        "prix": "23899",
        "kilometrage": "79866",
        "boite_vitesse": "Auto.",
        "carburant": "Diesel",
        "annee": "2021"
    }
]