[
    {
        "marque": "Peugeot",
        "modele": "308",
        "prix": "14099",
        "kilometrage": "77071",
        "boite_vitesse": "Auto.",
        "carburant": "Essence",
        "annee": "2020"
    },
    {
        "marque": "Ford",
        "modele": "Fiesta",
        "prix": "14099",
        "kilometrage": "18434",
        "boite_vitesse": "Manuelle",
        "carburant": "Essence",
        "annee": "2022"
    },
    {
        "marque": "Hyundai",
        "modele": "Bayon",
        "prix": "14099",
        "kilometrage": "44438",
        "boite_vitesse": "Manuelle",
        "carburant": "Essence",
        "annee": "2021"
    },
    {
        "marque": "Skoda",
        "modele": "Fabia",
        "prix": "14099",
        "kilometrage": "43499",
        "boite_vitesse": "Manuelle",
        "carburant": "Essence",
        "annee": "2021"
    },
    {
        "marque": "Nissan",
        "modele": "Leaf",
        "prix": "14099",
        "kilometrage": "30250",
        "boite_vitesse": "Auto.",
        "carburant": "Électrique",
        "annee": "2018"
    },
    {
        "marque": "Peugeot",
        "modele": "2008",
        "prix": "14099",
        "kilometrage": "45761",
        "boite_vitesse": "Manuelle",
        "carburant": "Essence",
        "annee": "2021"
    },
    {
        "marque": "Renault",
        "modele": "Clio 5",
        "prix": "14099",
        "kilometrage": "9225",
        "boite_vitesse": "Manuelle",
        "carburant": "Essence",
        "annee": "2021"
    },
    {
        "marque": "Peugeot",
        "modele": "208",
        "prix": "14299",
        "kilometrage": "46670",
        "boite_vitesse": "Auto.",
        "carburant": "Essence",
        "annee": "2020"
    },
    {
        "marque": "Peugeot",
        "modele": "3008",
        "prix": "14299",
        "kilometrage": "107955",
        "boite_vitesse": "Auto.",
        "carburant": "Essence",
        "annee": "2018"
    },
    {
        "marque": "Peugeot",
        "modele": "3008",
        "prix": "14299",
        "kilometrage": "118024",
        "boite_vitesse": "Auto.",
        "carburant": "Essence",
        "annee": "2017"
    },
    {
        "marque": "Peugeot",
        "modele": "3008",
        "prix": "14299",
        "kilometrage": "83735",
        "boite_vitesse": "Manuelle",
        "carburant": "Essence",
        "annee": "2018"
    },
    {
        "marque": "Toyota",
        "modele": "Yaris",
        "prix": "14299",
        "kilometrage": "60140",
        "boite_vitesse": "Auto.",
        "carburant": "Hybride essence",
        "annee": "2018"
    },
    {
        "marque": "Toyota",
        "modele": "Yaris",
        "prix": "14299",
        "kilometrage": "78630",
        "boite_vitesse": "Auto.",
        "carburant": "Hybride essence",
        "annee": "2017"
    },
    {
        "marque": "Ford",
        "modele": "Fiesta",
        "prix": "14299",
        "kilometrage": "34605",
        "boite_vitesse": "Manuelle",
        "carburant": "Essence",
        "annee": "2023"
    },
    {
        "marque": "Renault",
        "modele": "Mégane 4 Estate",
        "prix": "14299",
        "kilometrage": "82264",
        "boite_vitesse": "Auto.",
        "carburant": "Essence",
        "annee": "2018"
    },
    {
        "marque": "Opel",
        "modele": "Grandland X",
        "prix": "14299",
        "kilometrage": "77183",
        "boite_vitesse": "Manuelle",
        "carburant": "Essence",
        "annee": "2020"
    },
    {
        "marque": "Peugeot",
        "modele": "208",
        "prix": "14299",
        "kilometrage": "63505",
        "boite_vitesse": "Auto.",
        "carburant": "Électrique",
        "annee": "2020"
    },
    {
        "marque": "Dacia",
        "modele": "Sandero",
        "prix": "14399",
        "kilometrage": "52050",
        "boite_vitesse": "Manuelle",
        "carburant": "Essence",
        "annee": "2021"
    },
    {
        "marque": "Citroën",
        "modele": "C3 Aircross",
        "prix": "14399",
        "kilometrage": "23297",
        "boite_vitesse": "Manuelle",
        "carburant": "Essence",
        "annee": "2021"
    },
    {
        "marque": "Ford",
        "modele": "Fiesta",
        "prix": "14399",
        "kilometrage": "31064",
        "boite_vitesse": "Manuelle",
        "carburant": "Essence",
        "annee": "2023"
    },
    {
        "marque": "Toyota",
        "modele": "C-HR",
        "prix": "14499",
        "kilometrage": "110050",
        "boite_vitesse": "Manuelle",
        "carburant": "Essence",
        "annee": "2018"
    },
    {
        "marque": "Peugeot",
        "modele": "208",
        "prix": "14499",
        "kilometrage": "74918",
        "boite_vitesse": "Auto.",
        "carburant": "Électrique",
        "annee": "2020"
    },
    {
        "marque": "Peugeot",
        "modele": "208",
        "prix": "14499",
        "kilometrage": "55200",
        "boite_vitesse": "Manuelle",
        "carburant": "Diesel",
        "annee": "2022"
    }
]