[
    {
        "marque": "Ford",
        "modele": "PUMA",
        "prix": "32440",
        "kilometrage": "10",
        "boite_vitesse": "Auto.",
        "carburant": "Micro-hybride essence",
        "annee": "2025"
    },
    {
        "marque": "Nissan",
        "modele": "Juke",
        "prix": "31200",
        "kilometrage": "7",
        "boite_vitesse": "Auto.",
        "carburant": "Essence",
        "annee": "2025"
    },
    {
        "marque": "Skoda",
        "modele": "Karoq",
        "prix": "24399",
        "kilometrage": "42730",
        "boite_vitesse": "Auto.",
        "carburant": "Essence",
        "annee": "2020"
    },
    {
        "marque": "Peugeot",
        "modele": "2008",
        "prix": "31620",
        "kilometrage": "10",
        "boite_vitesse": "Auto.",
        "carburant": "Micro-hybride essence",
        "annee": "2025"
    },
    {
        "marque": "Ford",
        "modele": "PUMA",
        "prix": "31390",
        "kilometrage": "10",
        "boite_vitesse": "Auto.",
        "carburant": "Micro-hybride essence",
        "annee": "2025"
    },
    {
        "marque": "Citroën",
        "modele": "C5 X",
        "prix": "42170",
        "kilometrage": "17",
        "boite_vitesse": "Auto.",
        "carburant": "Essence",
        "annee": "2024"
    },
    {
        "marque": "Citroën",
        "modele": "C4",
        "prix": "24499",
        "kilometrage": "4230",
        "boite_vitesse": "Auto.",
        "carburant": "Électrique",
        "annee": "2024"
    },
    {
        "marque": "Citroën",
        "modele": "C5 Aircross",
        "prix": "24499",
        "kilometrage": "48000",
        "boite_vitesse": "Auto.",
        "carburant": "Diesel",
        "annee": "2022"
    },
    {
        "marque": "Citroën",
        "modele": "C5 Aircross",
        "prix": "24499",
        "kilometrage": "64848",
        "boite_vitesse": "Auto.",
        "carburant": "Hybride essence rechargeable",
        "annee": "2022"
    },
    {
        "marque": "Citroën",
        "modele": "C5 Aircross",
        "prix": "24499",
        "kilometrage": "9741",
        "boite_vitesse": "Auto.",
        "carburant": "Essence",
        "annee": "2023"
    },
    {
        "marque": "Peugeot",
        "modele": "5008",
        "prix": "24499",
        "kilometrage": "58327",
        "boite_vitesse": "Auto.",
        "carburant": "Essence",
        "annee": "2022"
    },
    {
        "marque": "Peugeot",
        "modele": "308",
        "prix": "24499",
        "kilometrage": "21955",
        "boite_vitesse": "Auto.",
        "carburant": "Essence",
        "annee": "2023"
    },
    {
        "marque": "Volkswagen",
        "modele": "Golf 8",
        "prix": "24499",
        "kilometrage": "23420",
        "boite_vitesse": "Auto.",
        "carburant": "Micro-hybride essence",
        "annee": "2021"
    },
    {
        "marque": "Volkswagen",
        "modele": "T-Roc",
        "prix": "24499",
        "kilometrage": "80677",
        "boite_vitesse": "Auto.",
        "carburant": "Essence",
        "annee": "2022"
    },
    {
        "marque": "Mercedes",
        "modele": "Classe A",
        "prix": "24499",
        "kilometrage": "16630",
        "boite_vitesse": "Auto.",
        "carburant": "Essence",
        "annee": "2019"
    },
    {
        "marque": "Suzuki",
        "modele": "S-CROSS",
        "prix": "24499",
        "kilometrage": "1408",
        "boite_vitesse": "Manuelle",
        "carburant": "Micro-hybride essence",
        "annee": "2024"
    },
    {
        "marque": "Audi",
        "modele": "A3 Sportback",
        "prix": "24499",
        "kilometrage": "56920",
        "boite_vitesse": "Auto.",
        "carburant": "Hybride essence rechargeable",
        "annee": "2021"
    },
    {
        "marque": "DS",
        "modele": "DS3",
        "prix": "24499",
        "kilometrage": "5150",
        "boite_vitesse": "Auto.",
        "carburant": "Essence",
        "annee": "2023"
    },
    {
        "marque": "DS",
        "modele": "DS3",
        "prix": "24499",
        "kilometrage": "15825",
        "boite_vitesse": "Auto.",
        "carburant": "Essence",
        "annee": "2023"
    },
    {
        "marque": "Volkswagen",
        "modele": "Golf SW",
        "prix": "24499",
        "kilometrage": "26322",
        "boite_vitesse": "Auto.",
        "carburant": "Micro-hybride essence",
        "annee": "2023"
    },
    {
        "marque": "Kia",
        "modele": "NIRO EV",
        "prix": "24499",
        "kilometrage": "24496",
        "boite_vitesse": "Auto.",
        "carburant": "Électrique",
        "annee": "2023"
    },
    {
        "marque": "Citroën",
        "modele": "C5 X",
        "prix": "24599",
        "kilometrage": "19142",
        "boite_vitesse": "Auto.",
        "carburant": "Hybride essence rechargeable",
        "annee": "2022"
    },
    {
        "marque": "DS",
        "modele": "DS3",
        "prix": "24599",
        "kilometrage": "28760",
        "boite_vitesse": "Auto.",
        "carburant": "Électrique",
        "annee": "2023"
    }
]