[
    {
        "marque": "Ford",
        "modele": "PUMA",
        "prix": "18499",
        "kilometrage": "37240",
        "boite_vitesse": "Manuelle",
        "carburant": "Micro-hybride essence",
        "annee": "2021"
    },
    {
        "marque": "Volkswagen",
        "modele": "Tiguan",
        "prix": "18499",
        "kilometrage": "126681",
        "boite_vitesse": "Auto.",
        "carburant": "Diesel",
        "annee": "2017"
    },
    {
        "marque": "Volkswagen",
        "modele": "Polo",
        "prix": "18499",
        "kilometrage": "35025",
        "boite_vitesse": "Manuelle",
        "carburant": "Essence",
        "annee": "2023"
    },
    {
        "marque": "Volkswagen",
        "modele": "Polo",
        "prix": "18499",
        "kilometrage": "20765",
        "boite_vitesse": "Manuelle",
        "carburant": "Essence",
        "annee": "2023"
    },
    {
        "marque": "Renault",
        "modele": "Kadjar",
        "prix": "18499",
        "kilometrage": "65392",
        "boite_vitesse": "Auto.",
        "carburant": "Diesel",
        "annee": "2020"
    },
    {
        "marque": "Renault",
        "modele": "Kadjar",
        "prix": "18499",
        "kilometrage": "58553",
        "boite_vitesse": "Manuelle",
        "carburant": "Diesel",
        "annee": "2019"
    },
    {
        "marque": "Renault",
        "modele": "Mégane 4",
        "prix": "18499",
        "kilometrage": "72111",
        "boite_vitesse": "Manuelle",
        "carburant": "Diesel",
        "annee": "2022"
    },
    {
        "marque": "Audi",
        "modele": "A3 Sportback",
        "prix": "18499",
        "kilometrage": "83429",
        "boite_vitesse": "Auto.",
        "carburant": "Hybride essence rechargeable",
        "annee": "2018"
    },
    {
        "marque": "Opel",
        "modele": "Astra",
        "prix": "18499",
        "kilometrage": "45767",
        "boite_vitesse": "Manuelle",
        "carburant": "Essence",
        "annee": "2023"
    },
    {
        "marque": "Skoda",
        "modele": "KAMIQ",
        "prix": "18499",
        "kilometrage": "36622",
        "boite_vitesse": "Manuelle",
        "carburant": "Essence",
        "annee": "2022"
    },
    {
        "marque": "Kia",
        "modele": "Niro",
        "prix": "18499",
        "kilometrage": "71552",
        "boite_vitesse": "Auto.",
        "carburant": "Électrique",
        "annee": "2020"
    },
    {
        "marque": "Opel",
        "modele": "Grandland X",
        "prix": "18499",
        "kilometrage": "70590",
        "boite_vitesse": "Manuelle",
        "carburant": "Diesel",
        "annee": "2021"
    },
    {
        "marque": "Opel",
        "modele": "Grandland X",
        "prix": "18499",
        "kilometrage": "58752",
        "boite_vitesse": "Auto.",
        "carburant": "Diesel",
        "annee": "2021"
    },
    {
        "marque": "Kia",
        "modele": "Ceed",
        "prix": "18499",
        "kilometrage": "41305",
        "boite_vitesse": "Manuelle",
        "carburant": "Micro-hybride diesel",
        "annee": "2021"
    },
    {
        "marque": "BMW",
        "modele": "Série 2 Active Tourer",
        "prix": "18499",
        "kilometrage": "66111",
        "boite_vitesse": "Auto.",
        "carburant": "Diesel",
        "annee": "2018"
    },
    {
        "marque": "Renault",
        "modele": "Talisman",
        "prix": "18499",
        "kilometrage": "27724",
        "boite_vitesse": "Manuelle",
        "carburant": "Diesel",
        "annee": "2019"
    },
    {
        "marque": "Peugeot",
        "modele": "2008",
        "prix": "18499",
        "kilometrage": "38017",
        "boite_vitesse": "Auto.",
        "carburant": "Électrique",
        "annee": "2022"
    },
    {
        "marque": "Peugeot",
        "modele": "3008",
        "prix": "18499",
        "kilometrage": "51778",
        "boite_vitesse": "Manuelle",
        "carburant": "Essence",
        "annee": "2021"
    },
    {
        "marque": "Dacia",
        "modele": "Duster",
        "prix": "18499",
        "kilometrage": "17441",
        "boite_vitesse": "Manuelle",
        "carburant": "Essence",
        "annee": "2022"
    },
    {
        "marque": "Renault",
        "modele": "Scénic 4",
        "prix": "18499",
        "kilometrage": "61921",
        "boite_vitesse": "Manuelle",
        "carburant": "Diesel",
        "annee": "2019"
    },
    {
        "marque": "Citroën",
        "modele": "GRAND C4 SPACETOURER",
        "prix": "18499",
        "kilometrage": "48816",
        "boite_vitesse": "Auto.",
        "carburant": "Essence",
        "annee": "2019"
    },
    {
        "marque": "Citroën",
        "modele": "C5 Aircross",
        "prix": "18599",
        "kilometrage": "73863",
        "boite_vitesse": "Manuelle",
        "carburant": "Diesel",
        "annee": "2020"
    },
    {
        "marque": "Nissan",
        "modele": "Qashqai",
        "prix": "18599",
        "kilometrage": "46236",
        "boite_vitesse": "Manuelle",
        "carburant": "Essence",
        "annee": "2019"
    }
]