[
    {
        "marque": "Citroën",
        "modele": "C3 Aircross",
        "prix": "17999",
        "kilometrage": "8024",
        "boite_vitesse": "Manuelle",
        "carburant": "Essence",
        "annee": "2024"
    },
    {
        "marque": "Citroën",
        "modele": "C3 Aircross",
        "prix": "17999",
        "kilometrage": "13624",
        "boite_vitesse": "Manuelle",
        "carburant": "Essence",
        "annee": "2024"
    },
    {
        "marque": "Citroën",
        "modele": "C3 Aircross",
        "prix": "17999",
        "kilometrage": "12868",
        "boite_vitesse": "Manuelle",
        "carburant": "Essence",
        "annee": "2024"
    },
    {
        "marque": "Citroën",
        "modele": "C3 Aircross",
        "prix": "17999",
        "kilometrage": "15575",
        "boite_vitesse": "Manuelle",
        "carburant": "Essence",
        "annee": "2024"
    },
    {
        "marque": "Citroën",
        "modele": "C3 Aircross",
        "prix": "17999",
        "kilometrage": "15860",
        "boite_vitesse": "Manuelle",
        "carburant": "Essence",
        "annee": "2024"
    },
    {
        "marque": "Citroën",
        "modele": "C3 Aircross",
        "prix": "17999",
        "kilometrage": "10710",
        "boite_vitesse": "Manuelle",
        "carburant": "Essence",
        "annee": "2024"
    },
    {
        "marque": "Citroën",
        "modele": "C3 Aircross",
        "prix": "17999",
        "kilometrage": "11347",
        "boite_vitesse": "Manuelle",
        "carburant": "Essence",
        "annee": "2024"
    },
    {
        "marque": "Citroën",
        "modele": "C3 Aircross",
        "prix": "17999",
        "kilometrage": "11727",
        "boite_vitesse": "Manuelle",
        "carburant": "Essence",
        "annee": "2024"
    },
    {
        "marque": "Citroën",
        "modele": "C3 Aircross",
        "prix": "17999",
        "kilometrage": "17179",
        "boite_vitesse": "Manuelle",
        "carburant": "Essence",
        "annee": "2024"
    },
    {
        "marque": "Citroën",
        "modele": "C3 Aircross",
        "prix": "17999",
        "kilometrage": "17920",
        "boite_vitesse": "Manuelle",
        "carburant": "Essence",
        "annee": "2024"
    },
    {
        "marque": "Citroën",
        "modele": "C3 Aircross",
        "prix": "17999",
        "kilometrage": "17720",
        "boite_vitesse": "Manuelle",
        "carburant": "Essence",
        "annee": "2024"
    },
    {
        "marque": "Citroën",
        "modele": "C3 Aircross",
        "prix": "17999",
        "kilometrage": "24000",
        "boite_vitesse": "Manuelle",
        "carburant": "Essence",
        "annee": "2024"
    },
    {
        "marque": "Opel",
        "modele": "Mokka",
        "prix": "17999",
        "kilometrage": "14205",
        "boite_vitesse": "Auto.",
        "carburant": "Électrique",
        "annee": "2021"
    },
    {
        "marque": "Jeep",
        "modele": "Compass",
        "prix": "17999",
        "kilometrage": "91849",
        "boite_vitesse": "Auto.",
        "carburant": "Diesel",
        "annee": "2019"
    },
    {
        "marque": "Suzuki",
        "modele": "VITARA",
        "prix": "17999",
        "kilometrage": "47183",
        "boite_vitesse": "Auto.",
        "carburant": "Essence",
        "annee": "2017"
    },
    {
        "marque": "Renault",
        "modele": "Zoé",
        "prix": "17999",
        "kilometrage": "7743",
        "boite_vitesse": "Auto.",
        "carburant": "Électrique",
        "annee": "2022"
    },
    {
        "marque": "Toyota",
        "modele": "Corolla",
        "prix": "17999",
        "kilometrage": "103275",
        "boite_vitesse": "Auto.",
        "carburant": "Hybride essence",
        "annee": "2021"
    },
    {
        "marque": "DS",
        "modele": "DS3 CROSSBACK",
        "prix": "17999",
        "kilometrage": "36390",
        "boite_vitesse": "Auto.",
        "carburant": "Essence",
        "annee": "2021"
    },
    {
        "marque": "Dacia",
        "modele": "SPRING",
        "prix": "17999",
        "kilometrage": "595",
        "boite_vitesse": "Auto.",
        "carburant": "Électrique",
        "annee": "2024"
    },
    {
        "marque": "Dacia",
        "modele": "SPRING",
        "prix": "17999",
        "kilometrage": "1040",
        "boite_vitesse": "Auto.",
        "carburant": "Électrique",
        "annee": "2024"
    },
    {
        "marque": "Opel",
        "modele": "Astra",
        "prix": "17999",
        "kilometrage": "32711",
        "boite_vitesse": "Auto.",
        "carburant": "Essence",
        "annee": "2022"
    },
    {
        "marque": "BMW",
        "modele": "Série 1",
        "prix": "17999",
        "kilometrage": "74523",
        "boite_vitesse": "Manuelle",
        "carburant": "Diesel",
        "annee": "2020"
    },
    {
        "marque": "Peugeot",
        "modele": "508",
        "prix": "17999",
        "kilometrage": "28490",
        "boite_vitesse": "Manuelle",
        "carburant": "Diesel",
        "annee": "2019"
    }
]