[
    {
        "marque": "Citroën",
        "modele": "C3",
        "prix": "11699",
        "kilometrage": "62202",
        "boite_vitesse": "Manuelle",
        "carburant": "Essence",
        "annee": "2020"
    },
    {
        "marque": "Peugeot",
        "modele": "208",
        "prix": "11799",
        "kilometrage": "83742",
        "boite_vitesse": "Manuelle",
        "carburant": "Essence",
        "annee": "2020"
    },
    {
        "marque": "Peugeot",
        "modele": "308",
        "prix": "11799",
        "kilometrage": "75250",
        "boite_vitesse": "Manuelle",
        "carburant": "Essence",
        "annee": "2019"
    },
    {
        "marque": "Fiat",
        "modele": "500",
        "prix": "11799",
        "kilometrage": "36059",
        "boite_vitesse": "Manuelle",
        "carburant": "Essence",
        "annee": "2019"
    },
    {
        "marque": "Renault",
        "modele": "Twingo 3",
        "prix": "11799",
        "kilometrage": "25105",
        "boite_vitesse": "Manuelle",
        "carburant": "Essence",
        "annee": "2022"
    },
    {
        "marque": "Renault",
        "modele": "Twingo 3",
        "prix": "11799",
        "kilometrage": "25745",
        "boite_vitesse": "Manuelle",
        "carburant": "Essence",
        "annee": "2022"
    },
    {
        "marque": "Opel",
        "modele": "Karl",
        "prix": "11799",
        "kilometrage": "11980",
        "boite_vitesse": "Manuelle",
        "carburant": "Essence",
        "annee": "2018"
    },
    {
        "marque": "Fiat",
        "modele": "500",
        "prix": "11799",
        "kilometrage": "7508",
        "boite_vitesse": "Manuelle",
        "carburant": "Essence",
        "annee": "2018"
    },
    {
        "marque": "Ford",
        "modele": "Focus",
        "prix": "11899",
        "kilometrage": "68861",
        "boite_vitesse": "Manuelle",
        "carburant": "Essence",
        "annee": "2018"
    },
    {
        "marque": "Peugeot",
        "modele": "208",
        "prix": "11999",
        "kilometrage": "50950",
        "boite_vitesse": "Manuelle",
        "carburant": "Essence",
        "annee": "2021"
    },
    {
        "marque": "Peugeot",
        "modele": "2008",
        "prix": "11999",
        "kilometrage": "68565",
        "boite_vitesse": "Auto.",
        "carburant": "Essence",
        "annee": "2018"
    },
    {
        "marque": "Renault",
        "modele": "Captur",
        "prix": "11999",
        "kilometrage": "54850",
        "boite_vitesse": "Manuelle",
        "carburant": "Essence",
        "annee": "2017"
    },
    {
        "marque": "Dacia",
        "modele": "Sandero",
        "prix": "11999",
        "kilometrage": "46735",
        "boite_vitesse": "Manuelle",
        "carburant": "GPL",
        "annee": "2020"
    },
    {
        "marque": "Citroën",
        "modele": "C3",
        "prix": "11999",
        "kilometrage": "14415",
        "boite_vitesse": "Manuelle",
        "carburant": "Essence",
        "annee": "2020"
    },
    {
        "marque": "Citroën",
        "modele": "C3 Aircross",
        "prix": "11999",
        "kilometrage": "59792",
        "boite_vitesse": "Manuelle",
        "carburant": "Essence",
        "annee": "2021"
    },
    {
        "marque": "Peugeot",
        "modele": "308",
        "prix": "11999",
        "kilometrage": "53337",
        "boite_vitesse": "Manuelle",
        "carburant": "Essence",
        "annee": "2019"
    },
    {
        "marque": "Citroën",
        "modele": "C3 Aircross",
        "prix": "11999",
        "kilometrage": "55660",
        "boite_vitesse": "Manuelle",
        "carburant": "Essence",
        "annee": "2020"
    },
    {
        "marque": "Citroën",
        "modele": "C3 Aircross",
        "prix": "11999",
        "kilometrage": "37271",
        "boite_vitesse": "Manuelle",
        "carburant": "Essence",
        "annee": "2020"
    },
    {
        "marque": "Citroën",
        "modele": "C3 Aircross",
        "prix": "11999",
        "kilometrage": "62295",
        "boite_vitesse": "Manuelle",
        "carburant": "Essence",
        "annee": "2020"
    },
    {
        "marque": "Renault",
        "modele": "Clio 4",
        "prix": "11999",
        "kilometrage": "40058",
        "boite_vitesse": "Manuelle",
        "carburant": "Diesel",
        "annee": "2018"
    },
    {
        "marque": "Renault",
        "modele": "Clio 4",
        "prix": "11999",
        "kilometrage": "60890",
        "boite_vitesse": "Manuelle",
        "carburant": "Essence",
        "annee": "2018"
    },
    {
        "marque": "Renault",
        "modele": "Twingo 3",
        "prix": "11999",
        "kilometrage": "22685",
        "boite_vitesse": "Manuelle",
        "carburant": "Essence",
        "annee": "2022"
    },
    {
        "marque": "Ford",
        "modele": "Fiesta",
        "prix": "11999",
        "kilometrage": "60597",
        "boite_vitesse": "Manuelle",
        "carburant": "Diesel",
        "annee": "2019"
    }
]