[
    {
        "marque": "DS",
        "modele": "DS3 Crossback",
        "prix": "19099",
        "kilometrage": "26379",
        "boite_vitesse": "Auto.",
        "carburant": "Essence",
        "annee": "2019"
    },
    {
        "marque": "Citroën",
        "modele": "Grand C4 Spacetourer",
        "prix": "19099",
        "kilometrage": "72135",
        "boite_vitesse": "Auto.",
        "carburant": "Diesel",
        "annee": "2021"
    },
    {
        "marque": "Citroën",
        "modele": "Berlingo Van",
        "prix": "19099",
        "kilometrage": "40231",
        "boite_vitesse": "Auto.",
        "carburant": "Essence",
        "annee": "2020"
    },
    {
        "marque": "Citroën",
        "modele": "Berlingo Van",
        "prix": "19099",
        "kilometrage": "46031",
        "boite_vitesse": "Auto.",
        "carburant": "Diesel",
        "annee": "2019"
    },
    {
        "marque": "Kia",
        "modele": "Xceed",
        "prix": "19099",
        "kilometrage": "66057",
        "boite_vitesse": "Manuelle",
        "carburant": "Diesel",
        "annee": "2021"
    },
    {
        "marque": "Opel",
        "modele": "Insignia",
        "prix": "19099",
        "kilometrage": "69281",
        "boite_vitesse": "Auto.",
        "carburant": "Diesel",
        "annee": "2022"
    },
    {
        "marque": "Peugeot",
        "modele": "208",
        "prix": "23870",
        "kilometrage": "10",
        "boite_vitesse": "Auto.",
        "carburant": "Micro-hybride essence",
        "annee": "2025"
    },
    {
        "marque": "Peugeot",
        "modele": "208",
        "prix": "24800",
        "kilometrage": "10",
        "boite_vitesse": "Manuelle",
        "carburant": "Essence",
        "annee": "2025"
    },
    {
        "marque": "Peugeot",
        "modele": "5008",
        "prix": "19199",
        "kilometrage": "59930",
        "boite_vitesse": "Auto.",
        "carburant": "Essence",
        "annee": "2020"
    },
    {
        "marque": "Jeep",
        "modele": "Renegade",
        "prix": "19199",
        "kilometrage": "8366",
        "boite_vitesse": "Manuelle",
        "carburant": "Essence",
        "annee": "2023"
    },
    {
        "marque": "Peugeot",
        "modele": "2008",
        "prix": "19299",
        "kilometrage": "89855",
        "boite_vitesse": "Auto.",
        "carburant": "Diesel",
        "annee": "2022"
    },
    {
        "marque": "Peugeot",
        "modele": "2008",
        "prix": "19299",
        "kilometrage": "27258",
        "boite_vitesse": "Auto.",
        "carburant": "Essence",
        "annee": "2022"
    },
    {
        "marque": "Citroën",
        "modele": "C4",
        "prix": "19399",
        "kilometrage": "9242",
        "boite_vitesse": "Auto.",
        "carburant": "Essence",
        "annee": "2024"
    },
    {
        "marque": "Renault",
        "modele": "Clio 5",
        "prix": "23350",
        "kilometrage": "0",
        "boite_vitesse": "Manuelle",
        "carburant": "Essence",
        "annee": "2025"
    },
    {
        "marque": "Peugeot",
        "modele": "2008",
        "prix": "19399",
        "kilometrage": "18624",
        "boite_vitesse": "Manuelle",
        "carburant": "Essence",
        "annee": "2024"
    },
    {
        "marque": "Peugeot",
        "modele": "2008",
        "prix": "19399",
        "kilometrage": "13271",
        "boite_vitesse": "Manuelle",
        "carburant": "Essence",
        "annee": "2023"
    },
    {
        "marque": "Renault",
        "modele": "Arkana",
        "prix": "19399",
        "kilometrage": "21042",
        "boite_vitesse": "Auto.",
        "carburant": "Essence",
        "annee": "2022"
    },
    {
        "marque": "Peugeot",
        "modele": "2008",
        "prix": "19399",
        "kilometrage": "29530",
        "boite_vitesse": "Auto.",
        "carburant": "Essence",
        "annee": "2023"
    },
    {
        "marque": "Peugeot",
        "modele": "3008",
        "prix": "19499",
        "kilometrage": "97555",
        "boite_vitesse": "Auto.",
        "carburant": "Diesel",
        "annee": "2017"
    },
    {
        "marque": "Peugeot",
        "modele": "2008",
        "prix": "19499",
        "kilometrage": "14539",
        "boite_vitesse": "Manuelle",
        "carburant": "Essence",
        "annee": "2024"
    },
    {
        "marque": "Dacia",
        "modele": "Duster",
        "prix": "19499",
        "kilometrage": "39675",
        "boite_vitesse": "Manuelle",
        "carburant": "Diesel",
        "annee": "2022"
    },
    {
        "marque": "Renault",
        "modele": "Arkana",
        "prix": "19499",
        "kilometrage": "50360",
        "boite_vitesse": "Auto.",
        "carburant": "Micro-hybride essence",
        "annee": "2023"
    },
    {
        "marque": "Renault",
        "modele": "Kadjar",
        "prix": "19499",
        "kilometrage": "33140",
        "boite_vitesse": "Auto.",
        "carburant": "Essence",
        "annee": "2021"
    }
]