[
    {
        "marque": "Dacia",
        "modele": "Duster",
        "prix": "13999",
        "kilometrage": "54820",
        "boite_vitesse": "Manuelle",
        "carburant": "GPL",
        "annee": "2021"
    },
    {
        "marque": "Citroën",
        "modele": "C3",
        "prix": "13999",
        "kilometrage": "16136",
        "boite_vitesse": "Manuelle",
        "carburant": "Essence",
        "annee": "2024"
    },
    {
        "marque": "Citroën",
        "modele": "C3",
        "prix": "13999",
        "kilometrage": "9566",
        "boite_vitesse": "Manuelle",
        "carburant": "Essence",
        "annee": "2024"
    },
    {
        "marque": "Peugeot",
        "modele": "308",
        "prix": "13999",
        "kilometrage": "52149",
        "boite_vitesse": "Auto.",
        "carburant": "Essence",
        "annee": "2019"
    },
    {
        "marque": "Dacia",
        "modele": "Sandero",
        "prix": "13999",
        "kilometrage": "55527",
        "boite_vitesse": "Manuelle",
        "carburant": "Diesel",
        "annee": "2019"
    },
    {
        "marque": "Dacia",
        "modele": "Duster",
        "prix": "13999",
        "kilometrage": "76620",
        "boite_vitesse": "Manuelle",
        "carburant": "Essence",
        "annee": "2020"
    },
    {
        "marque": "Dacia",
        "modele": "Sandero",
        "prix": "13999",
        "kilometrage": "50281",
        "boite_vitesse": "Manuelle",
        "carburant": "GPL",
        "annee": "2022"
    },
    {
        "marque": "Peugeot",
        "modele": "308",
        "prix": "13999",
        "kilometrage": "36189",
        "boite_vitesse": "Manuelle",
        "carburant": "Essence",
        "annee": "2019"
    },
    {
        "marque": "Fiat",
        "modele": "500",
        "prix": "13999",
        "kilometrage": "23440",
        "boite_vitesse": "Auto.",
        "carburant": "Électrique",
        "annee": "2021"
    },
    {
        "marque": "Volkswagen",
        "modele": "Polo",
        "prix": "13999",
        "kilometrage": "110428",
        "boite_vitesse": "Manuelle",
        "carburant": "Essence",
        "annee": "2021"
    },
    {
        "marque": "Fiat",
        "modele": "500",
        "prix": "13999",
        "kilometrage": "21227",
        "boite_vitesse": "Manuelle",
        "carburant": "Micro-hybride essence",
        "annee": "2024"
    },
    {
        "marque": "Opel",
        "modele": "Corsa",
        "prix": "13999",
        "kilometrage": "3708",
        "boite_vitesse": "Manuelle",
        "carburant": "Essence",
        "annee": "2023"
    },
    {
        "marque": "Audi",
        "modele": "A1 Sportback",
        "prix": "13999",
        "kilometrage": "75367",
        "boite_vitesse": "Manuelle",
        "carburant": "Essence",
        "annee": "2018"
    },
    {
        "marque": "Renault",
        "modele": "Kadjar",
        "prix": "13999",
        "kilometrage": "63597",
        "boite_vitesse": "Manuelle",
        "carburant": "Essence",
        "annee": "2018"
    },
    {
        "marque": "Fiat",
        "modele": "500X",
        "prix": "13999",
        "kilometrage": "51948",
        "boite_vitesse": "Manuelle",
        "carburant": "Essence",
        "annee": "2022"
    },
    {
        "marque": "Renault",
        "modele": "Scénic 4",
        "prix": "13999",
        "kilometrage": "110162",
        "boite_vitesse": "Auto.",
        "carburant": "Essence",
        "annee": "2018"
    },
    {
        "marque": "Renault",
        "modele": "Scénic 4",
        "prix": "13999",
        "kilometrage": "106965",
        "boite_vitesse": "Manuelle",
        "carburant": "Diesel",
        "annee": "2017"
    },
    {
        "marque": "Renault",
        "modele": "Grand Scénic 4",
        "prix": "13999",
        "kilometrage": "106265",
        "boite_vitesse": "Manuelle",
        "carburant": "Essence",
        "annee": "2019"
    },
    {
        "marque": "Renault",
        "modele": "Zoé",
        "prix": "13999",
        "kilometrage": "41576",
        "boite_vitesse": "Auto.",
        "carburant": "Électrique",
        "annee": "2022"
    },
    {
        "marque": "Renault",
        "modele": "Scénic 4",
        "prix": "13999",
        "kilometrage": "111985",
        "boite_vitesse": "Auto.",
        "carburant": "Essence",
        "annee": "2019"
    },
    {
        "marque": "Hyundai",
        "modele": "Kona",
        "prix": "13999",
        "kilometrage": "113991",
        "boite_vitesse": "Manuelle",
        "carburant": "Diesel",
        "annee": "2019"
    },
    {
        "marque": "Opel",
        "modele": "Astra",
        "prix": "13999",
        "kilometrage": "52304",
        "boite_vitesse": "Auto.",
        "carburant": "Diesel",
        "annee": "2021"
    },
    {
        "marque": "Fiat",
        "modele": "500X",
        "prix": "13999",
        "kilometrage": "112465",
        "boite_vitesse": "Manuelle",
        "carburant": "Diesel",
        "annee": "2019"
    }
]