[
    {
        "marque": "Peugeot",
        "modele": "208",
        "prix": "8999",
        "kilometrage": "83138",
        "boite_vitesse": "Manuelle",
        "carburant": "Essence",
        "annee": "2018"
    },
    {
        "marque": "Citroën",
        "modele": "C3",
        "prix": "8999",
        "kilometrage": "81088",
        "boite_vitesse": "Manuelle",
        "carburant": "Essence",
        "annee": "2018"
    },
    {
        "marque": "Citroën",
        "modele": "C3 Aircross",
        "prix": "8999",
        "kilometrage": "112404",
        "boite_vitesse": "Manuelle",
        "carburant": "Essence",
        "annee": "2018"
    },
    {
        "marque": "Citroën",
        "modele": "C-Elysee",
        "prix": "8999",
        "kilometrage": "65610",
        "boite_vitesse": "Manuelle",
        "carburant": "Essence",
        "annee": "2018"
    },
    {
        "marque": "Citroën",
        "modele": "C3 Société",
        "prix": "9099",
        "kilometrage": "65220",
        "boite_vitesse": "Manuelle",
        "carburant": "Essence",
        "annee": "2020"
    },
    {
        "marque": "Fiat",
        "modele": "Panda",
        "prix": "9199",
        "kilometrage": "46581",
        "boite_vitesse": "Manuelle",
        "carburant": "Essence",
        "annee": "2017"
    },
    {
        "marque": "Peugeot",
        "modele": "2008",
        "prix": "9499",
        "kilometrage": "97774",
        "boite_vitesse": "Manuelle",
        "carburant": "Essence",
        "annee": "2017"
    },
    {
        "marque": "Peugeot",
        "modele": "208",
        "prix": "9499",
        "kilometrage": "65323",
        "boite_vitesse": "Manuelle",
        "carburant": "Essence",
        "annee": "2018"
    },
    {
        "marque": "Peugeot",
        "modele": "308",
        "prix": "9499",
        "kilometrage": "90627",
        "boite_vitesse": "Manuelle",
        "carburant": "Essence",
        "annee": "2017"
    },
    {
        "marque": "Citroën",
        "modele": "C3",
        "prix": "9499",
        "kilometrage": "80994",
        "boite_vitesse": "Manuelle",
        "carburant": "Essence",
        "annee": "2019"
    },
    {
        "marque": "Opel",
        "modele": "Corsa",
        "prix": "9499",
        "kilometrage": "83155",
        "boite_vitesse": "Manuelle",
        "carburant": "Essence",
        "annee": "2019"
    },
    {
        "marque": "Renault",
        "modele": "Zoé",
        "prix": "9499",
        "kilometrage": "23575",
        "boite_vitesse": "Auto.",
        "carburant": "Électrique",
        "annee": "2020"
    },
    {
        "marque": "Citroën",
        "modele": "C1",
        "prix": "9499",
        "kilometrage": "33626",
        "boite_vitesse": "Manuelle",
        "carburant": "Essence",
        "annee": "2019"
    },
    {
        "marque": "Citroën",
        "modele": "C3",
        "prix": "9499",
        "kilometrage": "59420",
        "boite_vitesse": "Manuelle",
        "carburant": "Essence",
        "annee": "2018"
    },
    {
        "marque": "Dacia",
        "modele": "SPRING",
        "prix": "9499",
        "kilometrage": "51528",
        "boite_vitesse": "Auto.",
        "carburant": "Électrique",
        "annee": "2021"
    },
    {
        "marque": "Peugeot",
        "modele": "208",
        "prix": "9599",
        "kilometrage": "76940",
        "boite_vitesse": "Manuelle",
        "carburant": "Essence",
        "annee": "2019"
    },
    {
        "marque": "Opel",
        "modele": "Crossland X",
        "prix": "9599",
        "kilometrage": "91313",
        "boite_vitesse": "Manuelle",
        "carburant": "Essence",
        "annee": "2018"
    },
    {
        "marque": "Dacia",
        "modele": "Sandero",
        "prix": "9799",
        "kilometrage": "25455",
        "boite_vitesse": "Manuelle",
        "carburant": "Essence",
        "annee": "2020"
    },
    {
        "marque": "Peugeot",
        "modele": "308",
        "prix": "9799",
        "kilometrage": "70265",
        "boite_vitesse": "Manuelle",
        "carburant": "Essence",
        "annee": "2017"
    },
    {
        "marque": "Citroën",
        "modele": "C3",
        "prix": "9899",
        "kilometrage": "54073",
        "boite_vitesse": "Manuelle",
        "carburant": "Essence",
        "annee": "2019"
    },
    {
        "marque": "Fiat",
        "modele": "500",
        "prix": "9899",
        "kilometrage": "80940",
        "boite_vitesse": "Manuelle",
        "carburant": "Micro-hybride essence",
        "annee": "2021"
    },
    {
        "marque": "Dacia",
        "modele": "SPRING",
        "prix": "9999",
        "kilometrage": "19650",
        "boite_vitesse": "Auto.",
        "carburant": "Électrique",
        "annee": "2021"
    },
    {
        "marque": "Peugeot",
        "modele": "208",
        "prix": "9999",
        "kilometrage": "71645",
        "boite_vitesse": "Manuelle",
        "carburant": "Essence",
        "annee": "2018"
    }
]