[
    {
        "marque": "Toyota",
        "modele": "Yaris",
        "prix": "14499",
        "kilometrage": "56576",
        "boite_vitesse": "Auto.",
        "carburant": "Hybride essence",
        "annee": "2019"
    },
    {
        "marque": "Renault",
        "modele": "Kadjar",
        "prix": "14499",
        "kilometrage": "77805",
        "boite_vitesse": "Auto.",
        "carburant": "Éthanol E85",
        "annee": "2017"
    },
    {
        "marque": "Audi",
        "modele": "A1 Sportback",
        "prix": "14499",
        "kilometrage": "76990",
        "boite_vitesse": "Manuelle",
        "carburant": "Essence",
        "annee": "2017"
    },
    {
        "marque": "Renault",
        "modele": "Zoé",
        "prix": "14499",
        "kilometrage": "86558",
        "boite_vitesse": "Auto.",
        "carburant": "Électrique",
        "annee": "2022"
    },
    {
        "marque": "Jeep",
        "modele": "Renegade",
        "prix": "14499",
        "kilometrage": "89960",
        "boite_vitesse": "Manuelle",
        "carburant": "Essence",
        "annee": "2022"
    },
    {
        "marque": "Renault",
        "modele": "Scénic 4",
        "prix": "14499",
        "kilometrage": "120124",
        "boite_vitesse": "Manuelle",
        "carburant": "Diesel",
        "annee": "2017"
    },
    {
        "marque": "Hyundai",
        "modele": "Kona",
        "prix": "14499",
        "kilometrage": "79766",
        "boite_vitesse": "Manuelle",
        "carburant": "Essence",
        "annee": "2019"
    },
    {
        "marque": "Fiat",
        "modele": "500X",
        "prix": "14499",
        "kilometrage": "56312",
        "boite_vitesse": "Manuelle",
        "carburant": "Diesel",
        "annee": "2020"
    },
    {
        "marque": "Ford",
        "modele": "Kuga",
        "prix": "14499",
        "kilometrage": "73195",
        "boite_vitesse": "Manuelle",
        "carburant": "Diesel",
        "annee": "2017"
    },
    {
        "marque": "Opel",
        "modele": "Crossland",
        "prix": "14499",
        "kilometrage": "66014",
        "boite_vitesse": "Manuelle",
        "carburant": "Diesel",
        "annee": "2021"
    },
    {
        "marque": "Kia",
        "modele": "Ceed",
        "prix": "14499",
        "kilometrage": "82795",
        "boite_vitesse": "Manuelle",
        "carburant": "Essence",
        "annee": "2021"
    },
    {
        "marque": "Renault",
        "modele": "Clio 5",
        "prix": "14499",
        "kilometrage": "9525",
        "boite_vitesse": "Manuelle",
        "carburant": "Essence",
        "annee": "2023"
    },
    {
        "marque": "Citroën",
        "modele": "C3",
        "prix": "14499",
        "kilometrage": "8515",
        "boite_vitesse": "Manuelle",
        "carburant": "Essence",
        "annee": "2024"
    },
    {
        "marque": "Citroën",
        "modele": "C3",
        "prix": "14499",
        "kilometrage": "8648",
        "boite_vitesse": "Manuelle",
        "carburant": "Essence",
        "annee": "2024"
    },
    {
        "marque": "Citroën",
        "modele": "C3",
        "prix": "14499",
        "kilometrage": "6951",
        "boite_vitesse": "Manuelle",
        "carburant": "Essence",
        "annee": "2024"
    },
    {
        "marque": "Renault",
        "modele": "Twingo 3",
        "prix": "14499",
        "kilometrage": "4582",
        "boite_vitesse": "Manuelle",
        "carburant": "Essence",
        "annee": "2024"
    },
    {
        "marque": "DS",
        "modele": "DS3 CROSSBACK",
        "prix": "14499",
        "kilometrage": "25800",
        "boite_vitesse": "Manuelle",
        "carburant": "Essence",
        "annee": "2019"
    },
    {
        "marque": "Ford",
        "modele": "Ecosport",
        "prix": "14499",
        "kilometrage": "13005",
        "boite_vitesse": "Manuelle",
        "carburant": "Essence",
        "annee": "2020"
    },
    {
        "marque": "Renault",
        "modele": "Talisman",
        "prix": "14499",
        "kilometrage": "95695",
        "boite_vitesse": "Auto.",
        "carburant": "Diesel",
        "annee": "2017"
    },
    {
        "marque": "Renault",
        "modele": "Captur",
        "prix": "14599",
        "kilometrage": "104705",
        "boite_vitesse": "Manuelle",
        "carburant": "GPL",
        "annee": "2021"
    },
    {
        "marque": "Dacia",
        "modele": "Sandero",
        "prix": "14599",
        "kilometrage": "30137",
        "boite_vitesse": "Manuelle",
        "carburant": "GPL",
        "annee": "2021"
    },
    {
        "marque": "Peugeot",
        "modele": "3008",
        "prix": "14699",
        "kilometrage": "101485",
        "boite_vitesse": "Manuelle",
        "carburant": "Diesel",
        "annee": "2018"
    },
    {
        "marque": "Peugeot",
        "modele": "2008",
        "prix": "14699",
        "kilometrage": "55555",
        "boite_vitesse": "Manuelle",
        "carburant": "Essence",
        "annee": "2020"
    }
]