[
    {
        "marque": "DS",
        "modele": "DS3",
        "prix": "24099",
        "kilometrage": "12137",
        "boite_vitesse": "Auto.",
        "carburant": "Essence",
        "annee": "2023"
    },
    {
        "marque": "Peugeot",
        "modele": "508 SW",
        "prix": "24099",
        "kilometrage": "40538",
        "boite_vitesse": "Auto.",
        "carburant": "Essence",
        "annee": "2021"
    },
    {
        "marque": "Mini",
        "modele": "Countryman",
        "prix": "24099",
        "kilometrage": "66991",
        "boite_vitesse": "Auto.",
        "carburant": "Diesel",
        "annee": "2019"
    },
    {
        "marque": "Mini",
        "modele": "Countryman",
        "prix": "24099",
        "kilometrage": "53098",
        "boite_vitesse": "Auto.",
        "carburant": "Hybride essence rechargeable",
        "annee": "2020"
    },
    {
        "marque": "Mini",
        "modele": "Countryman",
        "prix": "24099",
        "kilometrage": "79281",
        "boite_vitesse": "Auto.",
        "carburant": "Diesel",
        "annee": "2021"
    },
    {
        "marque": "Renault",
        "modele": "Captur",
        "prix": "30550",
        "kilometrage": "0",
        "boite_vitesse": "Manuelle",
        "carburant": "Micro-hybride essence",
        "annee": "2025"
    },
    {
        "marque": "Toyota",
        "modele": "YARIS CROSS",
        "prix": "24199",
        "kilometrage": "11955",
        "boite_vitesse": "Auto.",
        "carburant": "Hybride essence",
        "annee": "2024"
    },
    {
        "marque": "Dacia",
        "modele": "Duster",
        "prix": "27100",
        "kilometrage": "0",
        "boite_vitesse": "Manuelle",
        "carburant": "Micro-hybride essence",
        "annee": "2025"
    },
    {
        "marque": "MG",
        "modele": "MG4",
        "prix": "34640",
        "kilometrage": "10",
        "boite_vitesse": "Auto.",
        "carburant": "Électrique",
        "annee": "2025"
    },
    {
        "marque": "Opel",
        "modele": "COMBO CARGO",
        "prix": "30000",
        "kilometrage": "10",
        "boite_vitesse": "Auto.",
        "carburant": "Diesel",
        "annee": "2025"
    },
    {
        "marque": "Tesla",
        "modele": "MODEL 3",
        "prix": "",
        "kilometrage": "Occasion",
        "boite_vitesse": "2021",
        "carburant": "Auto.",
        "annee": "74 075 km"
    },
    {
        "marque": "Tesla",
        "modele": "MODEL 3",
        "prix": "24299",
        "kilometrage": "61304",
        "boite_vitesse": "Auto.",
        "carburant": "Électrique",
        "annee": "2020"
    },
    {
        "marque": "Audi",
        "modele": "A3",
        "prix": "24299",
        "kilometrage": "52086",
        "boite_vitesse": "Manuelle",
        "carburant": "Essence",
        "annee": "2024"
    },
    {
        "marque": "Peugeot",
        "modele": "2008",
        "prix": "32120",
        "kilometrage": "0",
        "boite_vitesse": "Auto.",
        "carburant": "Micro-hybride essence",
        "annee": "2025"
    },
    {
        "marque": "Dacia",
        "modele": "Duster",
        "prix": "25450",
        "kilometrage": "5",
        "boite_vitesse": "Manuelle",
        "carburant": "Micro-hybride essence",
        "annee": "2025"
    },
    {
        "marque": "Citroën",
        "modele": "C4",
        "prix": "33820",
        "kilometrage": "10",
        "boite_vitesse": "Auto.",
        "carburant": "Micro-hybride essence",
        "annee": "2025"
    },
    {
        "marque": "Ford",
        "modele": "PUMA",
        "prix": "32440",
        "kilometrage": "10",
        "boite_vitesse": "Auto.",
        "carburant": "Micro-hybride essence",
        "annee": "2025"
    },
    {
        "marque": "Peugeot",
        "modele": "308",
        "prix": "34870",
        "kilometrage": "3",
        "boite_vitesse": "Auto.",
        "carburant": "Essence",
        "annee": "2024"
    },
    {
        "marque": "Mitsubishi",
        "modele": "ECLIPSE CROSS",
        "prix": "24399",
        "kilometrage": "25625",
        "boite_vitesse": "Auto.",
        "carburant": "Hybride essence rechargeable",
        "annee": "2021"
    },
    {
        "marque": "Peugeot",
        "modele": "2008",
        "prix": "24499",
        "kilometrage": "9725",
        "boite_vitesse": "Auto.",
        "carburant": "Micro-hybride essence",
        "annee": "2024"
    },
    {
        "marque": "Citroën",
        "modele": "C4",
        "prix": "34150",
        "kilometrage": "10",
        "boite_vitesse": "Auto.",
        "carburant": "Micro-hybride essence",
        "annee": "2025"
    },
    {
        "marque": "Peugeot",
        "modele": "308",
        "prix": "37120",
        "kilometrage": "10",
        "boite_vitesse": "Auto.",
        "carburant": "Diesel",
        "annee": "2025"
    },
    {
        "marque": "Peugeot",
        "modele": "5008",
        "prix": "24499",
        "kilometrage": "56638",
        "boite_vitesse": "Auto.",
        "carburant": "Essence",
        "annee": "2022"
    }
]