[
    {
        "marque": "Audi",
        "modele": "Q3",
        "prix": "18999",
        "kilometrage": "96285",
        "boite_vitesse": "Manuelle",
        "carburant": "Diesel",
        "annee": "2018"
    },
    {
        "marque": "Renault",
        "modele": "Talisman",
        "prix": "18999",
        "kilometrage": "74810",
        "boite_vitesse": "Manuelle",
        "carburant": "Diesel",
        "annee": "2020"
    },
    {
        "marque": "Hyundai",
        "modele": "BAYON",
        "prix": "18999",
        "kilometrage": "17670",
        "boite_vitesse": "Manuelle",
        "carburant": "Micro-hybride essence",
        "annee": "2024"
    },
    {
        "marque": "Honda",
        "modele": "Civic",
        "prix": "18999",
        "kilometrage": "55910",
        "boite_vitesse": "Manuelle",
        "carburant": "Essence",
        "annee": "2021"
    },
    {
        "marque": "Ford",
        "modele": "S-Max",
        "prix": "18999",
        "kilometrage": "91220",
        "boite_vitesse": "Manuelle",
        "carburant": "Diesel",
        "annee": "2019"
    },
    {
        "marque": "Lexus",
        "modele": "UX",
        "prix": "18999",
        "kilometrage": "100631",
        "boite_vitesse": "Auto.",
        "carburant": "Hybride essence",
        "annee": "2020"
    },
    {
        "marque": "Peugeot",
        "modele": "2008",
        "prix": "18999",
        "kilometrage": "8818",
        "boite_vitesse": "Manuelle",
        "carburant": "Essence",
        "annee": "2024"
    },
    {
        "marque": "Peugeot",
        "modele": "2008",
        "prix": "18999",
        "kilometrage": "30753",
        "boite_vitesse": "Auto.",
        "carburant": "Essence",
        "annee": "2023"
    },
    {
        "marque": "Peugeot",
        "modele": "2008",
        "prix": "18999",
        "kilometrage": "4780",
        "boite_vitesse": "Manuelle",
        "carburant": "Essence",
        "annee": "2023"
    },
    {
        "marque": "Peugeot",
        "modele": "2008",
        "prix": "18999",
        "kilometrage": "7863",
        "boite_vitesse": "Manuelle",
        "carburant": "Essence",
        "annee": "2024"
    },
    {
        "marque": "Peugeot",
        "modele": "208",
        "prix": "18999",
        "kilometrage": "27430",
        "boite_vitesse": "Manuelle",
        "carburant": "Diesel",
        "annee": "2022"
    },
    {
        "marque": "Renault",
        "modele": "Captur",
        "prix": "18999",
        "kilometrage": "32032",
        "boite_vitesse": "Auto.",
        "carburant": "Essence",
        "annee": "2021"
    },
    {
        "marque": "Toyota",
        "modele": "C-HR",
        "prix": "18999",
        "kilometrage": "64442",
        "boite_vitesse": "Auto.",
        "carburant": "Hybride essence",
        "annee": "2019"
    },
    {
        "marque": "Opel",
        "modele": "Mokka",
        "prix": "18999",
        "kilometrage": "8611",
        "boite_vitesse": "Auto.",
        "carburant": "Électrique",
        "annee": "2023"
    },
    {
        "marque": "Nissan",
        "modele": "Juke",
        "prix": "18999",
        "kilometrage": "20765",
        "boite_vitesse": "Auto.",
        "carburant": "Essence",
        "annee": "2020"
    },
    {
        "marque": "Mercedes",
        "modele": "Classe A",
        "prix": "18999",
        "kilometrage": "119451",
        "boite_vitesse": "Auto.",
        "carburant": "Diesel",
        "annee": "2018"
    },
    {
        "marque": "Fiat",
        "modele": "500X",
        "prix": "18999",
        "kilometrage": "18985",
        "boite_vitesse": "Auto.",
        "carburant": "Micro-hybride essence",
        "annee": "2023"
    },
    {
        "marque": "Peugeot",
        "modele": "508",
        "prix": "18999",
        "kilometrage": "49854",
        "boite_vitesse": "Auto.",
        "carburant": "Diesel",
        "annee": "2021"
    },
    {
        "marque": "Toyota",
        "modele": "Corolla Sw",
        "prix": "18999",
        "kilometrage": "82166",
        "boite_vitesse": "Auto.",
        "carburant": "Hybride essence",
        "annee": "2020"
    },
    {
        "marque": "Dacia",
        "modele": "Jogger",
        "prix": "19088",
        "kilometrage": "21353",
        "boite_vitesse": "Manuelle",
        "carburant": "GPL",
        "annee": "2022"
    },
    {
        "marque": "Dacia",
        "modele": "Jogger",
        "prix": "19099",
        "kilometrage": "45260",
        "boite_vitesse": "Manuelle",
        "carburant": "Essence",
        "annee": "2022"
    },
    {
        "marque": "Nissan",
        "modele": "Juke",
        "prix": "19099",
        "kilometrage": "41853",
        "boite_vitesse": "Manuelle",
        "carburant": "Essence",
        "annee": "2024"
    },
    {
        "marque": "Jeep",
        "modele": "Compass",
        "prix": "19099",
        "kilometrage": "71130",
        "boite_vitesse": "Auto.",
        "carburant": "Hybride essence rechargeable",
        "annee": "2020"
    }
]