[
    {
        "marque": "DS",
        "modele": "DS4",
        "prix": "29999",
        "kilometrage": "9207",
        "boite_vitesse": "Auto.",
        "carburant": "Essence",
        "annee": "2024"
    },
    {
        "marque": "Mercedes",
        "modele": "CLASSE SLC",
        "prix": "29999",
        "kilometrage": "56163",
        "boite_vitesse": "Auto.",
        "carburant": "Essence",
        "annee": "2017"
    },
    {
        "marque": "BMW",
        "modele": "Série 7",
        "prix": "29999",
        "kilometrage": "99273",
        "boite_vitesse": "Auto.",
        "carburant": "Hybride essence rechargeable",
        "annee": "2017"
    },
    {
        "marque": "Audi",
        "modele": "S3 Sportback",
        "prix": "",
        "kilometrage": "Occasion",
        "boite_vitesse": "2017",
        "carburant": "Auto.",
        "annee": "93 068 km"
    },
    {
        "marque": "BMW",
        "modele": "Série 3",
        "prix": "29999",
        "kilometrage": "99712",
        "boite_vitesse": "Auto.",
        "carburant": "Diesel",
        "annee": "2019"
    },
    {
        "marque": "Mercedes",
        "modele": "EQA",
        "prix": "29999",
        "kilometrage": "19434",
        "boite_vitesse": "Auto.",
        "carburant": "Électrique",
        "annee": "2023"
    },
    {
        "marque": "Alfa",
        "modele": "Romeo Stelvio",
        "prix": "29999",
        "kilometrage": "98947",
        "boite_vitesse": "Auto.",
        "carburant": "Diesel",
        "annee": "2021"
    },
    {
        "marque": "Tesla",
        "modele": "MODEL S",
        "prix": "",
        "kilometrage": "Occasion",
        "boite_vitesse": "2018",
        "carburant": "Auto.",
        "annee": "123 765 km"
    },
    {
        "marque": "Citroën",
        "modele": "C4",
        "prix": "29999",
        "kilometrage": "2000",
        "boite_vitesse": "Auto.",
        "carburant": "Électrique",
        "annee": "2024"
    },
    {
        "marque": "Mercedes",
        "modele": "Classe A",
        "prix": "29999",
        "kilometrage": "48795",
        "boite_vitesse": "Auto.",
        "carburant": "Hybride essence rechargeable",
        "annee": "2022"
    },
    {
        "marque": "Peugeot",
        "modele": "3008",
        "prix": "30099",
        "kilometrage": "21238",
        "boite_vitesse": "Auto.",
        "carburant": "Diesel",
        "annee": "2024"
    },
    {
        "marque": "Citroën",
        "modele": "Jumpy",
        "prix": "42360",
        "kilometrage": "10",
        "boite_vitesse": "Manuelle",
        "carburant": "Diesel",
        "annee": "2024"
    },
    {
        "marque": "Volkswagen",
        "modele": "Tiguan",
        "prix": "30099",
        "kilometrage": "77584",
        "boite_vitesse": "Auto.",
        "carburant": "Hybride essence rechargeable",
        "annee": "2021"
    },
    {
        "marque": "Hyundai",
        "modele": "Tucson",
        "prix": "30099",
        "kilometrage": "42471",
        "boite_vitesse": "Auto.",
        "carburant": "Hybride essence rechargeable",
        "annee": "2021"
    },
    {
        "marque": "Volkswagen",
        "modele": "Tiguan",
        "prix": "30099",
        "kilometrage": "60268",
        "boite_vitesse": "Auto.",
        "carburant": "Hybride essence rechargeable",
        "annee": "2022"
    },
    {
        "marque": "Volkswagen",
        "modele": "Tiguan",
        "prix": "30099",
        "kilometrage": "36146",
        "boite_vitesse": "Auto.",
        "carburant": "Hybride essence rechargeable",
        "annee": "2022"
    },
    {
        "marque": "BMW",
        "modele": "X1",
        "prix": "30099",
        "kilometrage": "40879",
        "boite_vitesse": "Auto.",
        "carburant": "Essence",
        "annee": "2022"
    },
    {
        "marque": "BMW",
        "modele": "X2",
        "prix": "30099",
        "kilometrage": "33356",
        "boite_vitesse": "Auto.",
        "carburant": "Essence",
        "annee": "2023"
    },
    {
        "marque": "BMW",
        "modele": "X2",
        "prix": "30099",
        "kilometrage": "35207",
        "boite_vitesse": "Auto.",
        "carburant": "Essence",
        "annee": "2023"
    },
    {
        "marque": "BMW",
        "modele": "X2",
        "prix": "30099",
        "kilometrage": "33164",
        "boite_vitesse": "Auto.",
        "carburant": "Diesel",
        "annee": "2021"
    },
    {
        "marque": "Audi",
        "modele": "A4 Avant",
        "prix": "30099",
        "kilometrage": "58216",
        "boite_vitesse": "Auto.",
        "carburant": "Micro-hybride diesel",
        "annee": "2022"
    },
    {
        "marque": "Volvo",
        "modele": "XC40",
        "prix": "30099",
        "kilometrage": "101588",
        "boite_vitesse": "Auto.",
        "carburant": "Diesel",
        "annee": "2019"
    },
    {
        "marque": "Skoda",
        "modele": "Octavia Combi",
        "prix": "30099",
        "kilometrage": "49444",
        "boite_vitesse": "Auto.",
        "carburant": "Diesel",
        "annee": "2023"
    }
]