[
    {
        "marque": "Ford",
        "modele": "Fiesta",
        "prix": "12999",
        "kilometrage": "60728",
        "boite_vitesse": "Manuelle",
        "carburant": "Essence",
        "annee": "2019"
    },
    {
        "marque": "Renault",
        "modele": "Mégane 4 Estate",
        "prix": "12999",
        "kilometrage": "99359",
        "boite_vitesse": "Manuelle",
        "carburant": "Diesel",
        "annee": "2018"
    },
    {
        "marque": "Ford",
        "modele": "Fiesta",
        "prix": "12999",
        "kilometrage": "52537",
        "boite_vitesse": "Manuelle",
        "carburant": "Micro-hybride essence",
        "annee": "2020"
    },
    {
        "marque": "Ford",
        "modele": "Fiesta",
        "prix": "12999",
        "kilometrage": "52517",
        "boite_vitesse": "Manuelle",
        "carburant": "Essence",
        "annee": "2019"
    },
    {
        "marque": "DS",
        "modele": "DS5",
        "prix": "12999",
        "kilometrage": "110092",
        "boite_vitesse": "Manuelle",
        "carburant": "Micro-hybride diesel",
        "annee": "2015"
    },
    {
        "marque": "Skoda",
        "modele": "FABIA COMBI",
        "prix": "12999",
        "kilometrage": "107925",
        "boite_vitesse": "Auto.",
        "carburant": "Essence",
        "annee": "2019"
    },
    {
        "marque": "Skoda",
        "modele": "Octavia",
        "prix": "12999",
        "kilometrage": "127824",
        "boite_vitesse": "Auto.",
        "carburant": "Diesel",
        "annee": "2019"
    },
    {
        "marque": "Kia",
        "modele": "Ceed",
        "prix": "12999",
        "kilometrage": "111960",
        "boite_vitesse": "Manuelle",
        "carburant": "Essence",
        "annee": "2020"
    },
    {
        "marque": "Alfa",
        "modele": "Romeo Giulietta",
        "prix": "12999",
        "kilometrage": "91758",
        "boite_vitesse": "Manuelle",
        "carburant": "Essence",
        "annee": "2017"
    },
    {
        "marque": "Peugeot",
        "modele": "208",
        "prix": "12999",
        "kilometrage": "33070",
        "boite_vitesse": "Manuelle",
        "carburant": "Essence",
        "annee": "2019"
    },
    {
        "marque": "Peugeot",
        "modele": "208",
        "prix": "12999",
        "kilometrage": "30980",
        "boite_vitesse": "Manuelle",
        "carburant": "Essence",
        "annee": "2022"
    },
    {
        "marque": "Peugeot",
        "modele": "3008",
        "prix": "12999",
        "kilometrage": "88614",
        "boite_vitesse": "Manuelle",
        "carburant": "Essence",
        "annee": "2017"
    },
    {
        "marque": "Citroën",
        "modele": "C3 Aircross",
        "prix": "12999",
        "kilometrage": "10740",
        "boite_vitesse": "Manuelle",
        "carburant": "Essence",
        "annee": "2020"
    },
    {
        "marque": "Renault",
        "modele": "Twingo 3",
        "prix": "12999",
        "kilometrage": "70191",
        "boite_vitesse": "Auto.",
        "carburant": "Essence",
        "annee": "2020"
    },
    {
        "marque": "Ford",
        "modele": "Fiesta",
        "prix": "12999",
        "kilometrage": "47035",
        "boite_vitesse": "Manuelle",
        "carburant": "Essence",
        "annee": "2018"
    },
    {
        "marque": "Renault",
        "modele": "Clio",
        "prix": "12999",
        "kilometrage": "38564",
        "boite_vitesse": "Manuelle",
        "carburant": "Essence",
        "annee": "2023"
    },
    {
        "marque": "Renault",
        "modele": "Clio 4 Estate",
        "prix": "12999",
        "kilometrage": "61707",
        "boite_vitesse": "Manuelle",
        "carburant": "Diesel",
        "annee": "2018"
    },
    {
        "marque": "Skoda",
        "modele": "FABIA COMBI",
        "prix": "12999",
        "kilometrage": "60541",
        "boite_vitesse": "Manuelle",
        "carburant": "Essence",
        "annee": "2019"
    },
    {
        "marque": "Fiat",
        "modele": "TIPO Station Wagon",
        "prix": "12999",
        "kilometrage": "81849",
        "boite_vitesse": "Manuelle",
        "carburant": "Diesel",
        "annee": "2019"
    },
    {
        "marque": "Renault",
        "modele": "Clio 5",
        "prix": "13199",
        "kilometrage": "33775",
        "boite_vitesse": "Manuelle",
        "carburant": "Essence",
        "annee": "2021"
    },
    {
        "marque": "Nissan",
        "modele": "Leaf",
        "prix": "13199",
        "kilometrage": "30250",
        "boite_vitesse": "Auto.",
        "carburant": "Électrique",
        "annee": "2018"
    },
    {
        "marque": "Opel",
        "modele": "Corsa",
        "prix": "13199",
        "kilometrage": "61700",
        "boite_vitesse": "Auto.",
        "carburant": "Électrique",
        "annee": "2021"
    },
    {
        "marque": "Renault",
        "modele": "Captur",
        "prix": "13299",
        "kilometrage": "55905",
        "boite_vitesse": "Manuelle",
        "carburant": "Éthanol E85",
        "annee": "2019"
    }
]