[
    {
        "marque": "Peugeot",
        "modele": "308",
        "prix": "19499",
        "kilometrage": "16439",
        "boite_vitesse": "Manuelle",
        "carburant": "Essence",
        "annee": "2024"
    },
    {
        "marque": "Renault",
        "modele": "Captur",
        "prix": "19499",
        "kilometrage": "51285",
        "boite_vitesse": "Auto.",
        "carburant": "Hybride essence rechargeable",
        "annee": "2020"
    },
    {
        "marque": "Renault",
        "modele": "Captur",
        "prix": "19499",
        "kilometrage": "50805",
        "boite_vitesse": "Auto.",
        "carburant": "Hybride essence rechargeable",
        "annee": "2020"
    },
    {
        "marque": "Peugeot",
        "modele": "308",
        "prix": "19499",
        "kilometrage": "15531",
        "boite_vitesse": "Manuelle",
        "carburant": "Essence",
        "annee": "2024"
    },
    {
        "marque": "Peugeot",
        "modele": "308",
        "prix": "19499",
        "kilometrage": "22776",
        "boite_vitesse": "Manuelle",
        "carburant": "Essence",
        "annee": "2024"
    },
    {
        "marque": "Peugeot",
        "modele": "308",
        "prix": "19499",
        "kilometrage": "24211",
        "boite_vitesse": "Manuelle",
        "carburant": "Essence",
        "annee": "2023"
    },
    {
        "marque": "Peugeot",
        "modele": "5008",
        "prix": "19499",
        "kilometrage": "70790",
        "boite_vitesse": "Auto.",
        "carburant": "Essence",
        "annee": "2019"
    },
    {
        "marque": "Ford",
        "modele": "PUMA",
        "prix": "19499",
        "kilometrage": "26792",
        "boite_vitesse": "Manuelle",
        "carburant": "Micro-hybride essence",
        "annee": "2023"
    },
    {
        "marque": "Peugeot",
        "modele": "308 SW",
        "prix": "19499",
        "kilometrage": "6017",
        "boite_vitesse": "Manuelle",
        "carburant": "Essence",
        "annee": "2024"
    },
    {
        "marque": "Nissan",
        "modele": "Juke",
        "prix": "19499",
        "kilometrage": "35077",
        "boite_vitesse": "Auto.",
        "carburant": "Essence",
        "annee": "2021"
    },
    {
        "marque": "Volkswagen",
        "modele": "T-Roc",
        "prix": "19499",
        "kilometrage": "105039",
        "boite_vitesse": "Manuelle",
        "carburant": "Essence",
        "annee": "2019"
    },
    {
        "marque": "Jeep",
        "modele": "Renegade",
        "prix": "19499",
        "kilometrage": "63000",
        "boite_vitesse": "Auto.",
        "carburant": "Micro-hybride essence",
        "annee": "2023"
    },
    {
        "marque": "Volkswagen",
        "modele": "T-CROSS",
        "prix": "19499",
        "kilometrage": "42610",
        "boite_vitesse": "Auto.",
        "carburant": "Essence",
        "annee": "2020"
    },
    {
        "marque": "Renault",
        "modele": "Clio",
        "prix": "19499",
        "kilometrage": "6039",
        "boite_vitesse": "Manuelle",
        "carburant": "Essence",
        "annee": "2024"
    },
    {
        "marque": "Kia",
        "modele": "Rio",
        "prix": "19499",
        "kilometrage": "23120",
        "boite_vitesse": "Auto.",
        "carburant": "Essence",
        "annee": "2023"
    },
    {
        "marque": "Peugeot",
        "modele": "2008",
        "prix": "19499",
        "kilometrage": "12145",
        "boite_vitesse": "Manuelle",
        "carburant": "Essence",
        "annee": "2024"
    },
    {
        "marque": "Toyota",
        "modele": "YARIS CROSS",
        "prix": "19499",
        "kilometrage": "73669",
        "boite_vitesse": "Auto.",
        "carburant": "Hybride essence",
        "annee": "2022"
    },
    {
        "marque": "Peugeot",
        "modele": "308",
        "prix": "19499",
        "kilometrage": "20584",
        "boite_vitesse": "Manuelle",
        "carburant": "Essence",
        "annee": "2024"
    },
    {
        "marque": "Peugeot",
        "modele": "5008",
        "prix": "19499",
        "kilometrage": "98629",
        "boite_vitesse": "Auto.",
        "carburant": "Diesel",
        "annee": "2019"
    },
    {
        "marque": "Nissan",
        "modele": "X-Trail",
        "prix": "19499",
        "kilometrage": "59569",
        "boite_vitesse": "Manuelle",
        "carburant": "Essence",
        "annee": "2017"
    },
    {
        "marque": "Peugeot",
        "modele": "2008",
        "prix": "19599",
        "kilometrage": "9597",
        "boite_vitesse": "Manuelle",
        "carburant": "Essence",
        "annee": "2024"
    },
    {
        "marque": "Audi",
        "modele": "A1 Sportback",
        "prix": "19599",
        "kilometrage": "13400",
        "boite_vitesse": "Manuelle",
        "carburant": "Essence",
        "annee": "2021"
    },
    {
        "marque": "Peugeot",
        "modele": "208",
        "prix": "19699",
        "kilometrage": "19700",
        "boite_vitesse": "Auto.",
        "carburant": "Essence",
        "annee": "2023"
    }
]