[
    {
        "marque": "Citroën",
        "modele": "C4",
        "prix": "32150",
        "kilometrage": "10",
        "boite_vitesse": "Auto.",
        "carburant": "Micro-hybride essence",
        "annee": "2025"
    },
    {
        "marque": "Citroën",
        "modele": "C4",
        "prix": "34150",
        "kilometrage": "10",
        "boite_vitesse": "Auto.",
        "carburant": "Micro-hybride essence",
        "annee": "2025"
    },
    {
        "marque": "Citroën",
        "modele": "C4 X",
        "prix": "33650",
        "kilometrage": "0",
        "boite_vitesse": "Auto.",
        "carburant": "Micro-hybride essence",
        "annee": "2025"
    },
    {
        "marque": "Citroën",
        "modele": "C4",
        "prix": "32970",
        "kilometrage": "10",
        "boite_vitesse": "Auto.",
        "carburant": "Micro-hybride essence",
        "annee": "2025"
    },
    {
        "marque": "Ford",
        "modele": "PUMA",
        "prix": "29590",
        "kilometrage": "10",
        "boite_vitesse": "Manuelle",
        "carburant": "Micro-hybride essence",
        "annee": "2025"
    },
    {
        "marque": "Fiat",
        "modele": "Tipo",
        "prix": "34550",
        "kilometrage": "10",
        "boite_vitesse": "Auto.",
        "carburant": "Hybride essence",
        "annee": "2024"
    },
    {
        "marque": "Renault",
        "modele": "Kangoo",
        "prix": "31560",
        "kilometrage": "10",
        "boite_vitesse": "Manuelle",
        "carburant": "Diesel",
        "annee": "2025"
    },
    {
        "marque": "Peugeot",
        "modele": "308",
        "prix": "22899",
        "kilometrage": "26299",
        "boite_vitesse": "Auto.",
        "carburant": "Diesel",
        "annee": "2024"
    },
    {
        "marque": "Volkswagen",
        "modele": "Polo",
        "prix": "22899",
        "kilometrage": "12595",
        "boite_vitesse": "Auto.",
        "carburant": "Essence",
        "annee": "2024"
    },
    {
        "marque": "BMW",
        "modele": "Série 1",
        "prix": "22999",
        "kilometrage": "19691",
        "boite_vitesse": "Manuelle",
        "carburant": "Diesel",
        "annee": "2021"
    },
    {
        "marque": "Citroën",
        "modele": "C4",
        "prix": "33100",
        "kilometrage": "10",
        "boite_vitesse": "Auto.",
        "carburant": "Micro-hybride essence",
        "annee": "2025"
    },
    {
        "marque": "Citroën",
        "modele": "C4",
        "prix": "33820",
        "kilometrage": "10",
        "boite_vitesse": "Auto.",
        "carburant": "Essence",
        "annee": "2025"
    },
    {
        "marque": "Peugeot",
        "modele": "3008",
        "prix": "22999",
        "kilometrage": "29429",
        "boite_vitesse": "Auto.",
        "carburant": "Hybride essence rechargeable",
        "annee": "2021"
    },
    {
        "marque": "Dacia",
        "modele": "JOGGER",
        "prix": "24400",
        "kilometrage": "12",
        "boite_vitesse": "Manuelle",
        "carburant": "GPL",
        "annee": "2025"
    },
    {
        "marque": "Toyota",
        "modele": "YARIS CROSS",
        "prix": "22999",
        "kilometrage": "22921",
        "boite_vitesse": "Auto.",
        "carburant": "Hybride essence",
        "annee": "2024"
    },
    {
        "marque": "MG",
        "modele": "ZS",
        "prix": "36640",
        "kilometrage": "0",
        "boite_vitesse": "Auto.",
        "carburant": "Électrique",
        "annee": "2025"
    },
    {
        "marque": "MG",
        "modele": "ZS",
        "prix": "36640",
        "kilometrage": "0",
        "boite_vitesse": "Auto.",
        "carburant": "Électrique",
        "annee": "2025"
    },
    {
        "marque": "Toyota",
        "modele": "YARIS CROSS",
        "prix": "22999",
        "kilometrage": "43935",
        "boite_vitesse": "Auto.",
        "carburant": "Hybride essence",
        "annee": "2022"
    },
    {
        "marque": "Peugeot",
        "modele": "3008",
        "prix": "22999",
        "kilometrage": "67290",
        "boite_vitesse": "Auto.",
        "carburant": "Hybride essence rechargeable",
        "annee": "2021"
    },
    {
        "marque": "Citroën",
        "modele": "C4",
        "prix": "22999",
        "kilometrage": "1080",
        "boite_vitesse": "Auto.",
        "carburant": "Électrique",
        "annee": "2023"
    },
    {
        "marque": "Peugeot",
        "modele": "3008",
        "prix": "22999",
        "kilometrage": "88974",
        "boite_vitesse": "Auto.",
        "carburant": "Essence",
        "annee": "2022"
    },
    {
        "marque": "Nissan",
        "modele": "Qashqai",
        "prix": "22999",
        "kilometrage": "58170",
        "boite_vitesse": "Auto.",
        "carburant": "Micro-hybride essence",
        "annee": "2022"
    },
    {
        "marque": "Volkswagen",
        "modele": "Golf 8",
        "prix": "22999",
        "kilometrage": "70980",
        "boite_vitesse": "Manuelle",
        "carburant": "Diesel",
        "annee": "2022"
    }
]