[
    {
        "marque": "Audi",
        "modele": "A3 Sportback",
        "prix": "23999",
        "kilometrage": "84090",
        "boite_vitesse": "Manuelle",
        "carburant": "Diesel",
        "annee": "2021"
    },
    {
        "marque": "Ford",
        "modele": "Focus",
        "prix": "23999",
        "kilometrage": "22072",
        "boite_vitesse": "Auto.",
        "carburant": "Diesel",
        "annee": "2024"
    },
    {
        "marque": "BMW",
        "modele": "Série 1",
        "prix": "23999",
        "kilometrage": "47872",
        "boite_vitesse": "Manuelle",
        "carburant": "Diesel",
        "annee": "2020"
    },
    {
        "marque": "Peugeot",
        "modele": "508",
        "prix": "23999",
        "kilometrage": "19105",
        "boite_vitesse": "Auto.",
        "carburant": "Diesel",
        "annee": "2023"
    },
    {
        "marque": "Peugeot",
        "modele": "508",
        "prix": "23999",
        "kilometrage": "19075",
        "boite_vitesse": "Auto.",
        "carburant": "Diesel",
        "annee": "2023"
    },
    {
        "marque": "Volkswagen",
        "modele": "TAIGO",
        "prix": "23999",
        "kilometrage": "18905",
        "boite_vitesse": "Auto.",
        "carburant": "Essence",
        "annee": "2024"
    },
    {
        "marque": "Peugeot",
        "modele": "508 SW",
        "prix": "23999",
        "kilometrage": "1850",
        "boite_vitesse": "Auto.",
        "carburant": "Essence",
        "annee": "2023"
    },
    {
        "marque": "MG",
        "modele": "MG5",
        "prix": "23999",
        "kilometrage": "25",
        "boite_vitesse": "Auto.",
        "carburant": "Électrique",
        "annee": "2024"
    },
    {
        "marque": "Seat",
        "modele": "Alhambra",
        "prix": "23999",
        "kilometrage": "81741",
        "boite_vitesse": "Auto.",
        "carburant": "Diesel",
        "annee": "2016"
    },
    {
        "marque": "BMW",
        "modele": "Série 2 coupé",
        "prix": "23999",
        "kilometrage": "35265",
        "boite_vitesse": "Manuelle",
        "carburant": "Essence",
        "annee": "2019"
    },
    {
        "marque": "Peugeot",
        "modele": "308",
        "prix": "23999",
        "kilometrage": "52395",
        "boite_vitesse": "Auto.",
        "carburant": "Hybride essence rechargeable",
        "annee": "2022"
    },
    {
        "marque": "Toyota",
        "modele": "YARIS CROSS",
        "prix": "23999",
        "kilometrage": "13895",
        "boite_vitesse": "Auto.",
        "carburant": "Hybride essence",
        "annee": "2023"
    },
    {
        "marque": "Peugeot",
        "modele": "5008",
        "prix": "23999",
        "kilometrage": "24790",
        "boite_vitesse": "Manuelle",
        "carburant": "Essence",
        "annee": "2024"
    },
    {
        "marque": "Peugeot",
        "modele": "5008",
        "prix": "23999",
        "kilometrage": "19180",
        "boite_vitesse": "Manuelle",
        "carburant": "Essence",
        "annee": "2023"
    },
    {
        "marque": "Peugeot",
        "modele": "5008",
        "prix": "23999",
        "kilometrage": "18405",
        "boite_vitesse": "Manuelle",
        "carburant": "Essence",
        "annee": "2024"
    },
    {
        "marque": "Volkswagen",
        "modele": "T-Roc",
        "prix": "23999",
        "kilometrage": "63115",
        "boite_vitesse": "Auto.",
        "carburant": "Essence",
        "annee": "2023"
    },
    {
        "marque": "Renault",
        "modele": "Mégane 4",
        "prix": "24099",
        "kilometrage": "26502",
        "boite_vitesse": "Auto.",
        "carburant": "Diesel",
        "annee": "2024"
    },
    {
        "marque": "Jeep",
        "modele": "Renegade",
        "prix": "24099",
        "kilometrage": "29998",
        "boite_vitesse": "Auto.",
        "carburant": "Essence",
        "annee": "2022"
    },
    {
        "marque": "Citroën",
        "modele": "C4",
        "prix": "34850",
        "kilometrage": "10",
        "boite_vitesse": "Auto.",
        "carburant": "Micro-hybride essence",
        "annee": "2025"
    },
    {
        "marque": "Peugeot",
        "modele": "208",
        "prix": "24199",
        "kilometrage": "26562",
        "boite_vitesse": "Auto.",
        "carburant": "Micro-hybride essence",
        "annee": "2024"
    },
    {
        "marque": "Peugeot",
        "modele": "5008",
        "prix": "24199",
        "kilometrage": "86601",
        "boite_vitesse": "Manuelle",
        "carburant": "Diesel",
        "annee": "2022"
    },
    {
        "marque": "Seat",
        "modele": "Leon Sportstourer",
        "prix": "24199",
        "kilometrage": "17551",
        "boite_vitesse": "Auto.",
        "carburant": "Essence",
        "annee": "2024"
    },
    {
        "marque": "Skoda",
        "modele": "Scala",
        "prix": "24199",
        "kilometrage": "6107",
        "boite_vitesse": "Auto.",
        "carburant": "Essence",
        "annee": "2023"
    }
]