[
    {
        "marque": "Renault",
        "modele": "Symbioz",
        "prix": "34200",
        "kilometrage": "0",
        "boite_vitesse": "Auto.",
        "carburant": "Hybride essence",
        "annee": "2025"
    },
    {
        "marque": "Peugeot",
        "modele": "3008",
        "prix": "27499",
        "kilometrage": "9280",
        "boite_vitesse": "Auto.",
        "carburant": "Micro-hybride essence",
        "annee": "2024"
    },
    {
        "marque": "Renault",
        "modele": "Symbioz",
        "prix": "34600",
        "kilometrage": "0",
        "boite_vitesse": "Auto.",
        "carburant": "Hybride essence",
        "annee": "2025"
    },
    {
        "marque": "Peugeot",
        "modele": "3008",
        "prix": "27499",
        "kilometrage": "11697",
        "boite_vitesse": "Auto.",
        "carburant": "Hybride essence rechargeable",
        "annee": "2021"
    },
    {
        "marque": "Peugeot",
        "modele": "3008",
        "prix": "27499",
        "kilometrage": "17620",
        "boite_vitesse": "Auto.",
        "carburant": "Hybride essence rechargeable",
        "annee": "2021"
    },
    {
        "marque": "Peugeot",
        "modele": "3008",
        "prix": "27499",
        "kilometrage": "21666",
        "boite_vitesse": "Auto.",
        "carburant": "Micro-hybride essence",
        "annee": "2024"
    },
    {
        "marque": "Peugeot",
        "modele": "3008",
        "prix": "27499",
        "kilometrage": "2473",
        "boite_vitesse": "Auto.",
        "carburant": "Micro-hybride essence",
        "annee": "2024"
    },
    {
        "marque": "Peugeot",
        "modele": "3008",
        "prix": "27499",
        "kilometrage": "1260",
        "boite_vitesse": "Auto.",
        "carburant": "Micro-hybride essence",
        "annee": "2024"
    },
    {
        "marque": "Peugeot",
        "modele": "3008",
        "prix": "27499",
        "kilometrage": "21526",
        "boite_vitesse": "Auto.",
        "carburant": "Micro-hybride essence",
        "annee": "2024"
    },
    {
        "marque": "Peugeot",
        "modele": "3008",
        "prix": "27499",
        "kilometrage": "20905",
        "boite_vitesse": "Auto.",
        "carburant": "Micro-hybride essence",
        "annee": "2024"
    },
    {
        "marque": "Toyota",
        "modele": "C-HR",
        "prix": "27499",
        "kilometrage": "6442",
        "boite_vitesse": "Auto.",
        "carburant": "Hybride essence",
        "annee": "2024"
    },
    {
        "marque": "Volvo",
        "modele": "XC40",
        "prix": "27499",
        "kilometrage": "27708",
        "boite_vitesse": "Auto.",
        "carburant": "Électrique",
        "annee": "2023"
    },
    {
        "marque": "Toyota",
        "modele": "YARIS CROSS",
        "prix": "33550",
        "kilometrage": "10",
        "boite_vitesse": "Auto.",
        "carburant": "Hybride essence",
        "annee": "2025"
    },
    {
        "marque": "Renault",
        "modele": "Arkana",
        "prix": "35700",
        "kilometrage": "10",
        "boite_vitesse": "Auto.",
        "carburant": "Hybride essence",
        "annee": "2025"
    },
    {
        "marque": "Dacia",
        "modele": "Duster",
        "prix": "29500",
        "kilometrage": "0",
        "boite_vitesse": "Manuelle",
        "carburant": "Micro-hybride essence",
        "annee": "2025"
    },
    {
        "marque": "Dacia",
        "modele": "Duster",
        "prix": "28990",
        "kilometrage": "0",
        "boite_vitesse": "Auto.",
        "carburant": "Hybride essence",
        "annee": "2025"
    },
    {
        "marque": "Toyota",
        "modele": "C-HR",
        "prix": "27599",
        "kilometrage": "10919",
        "boite_vitesse": "Auto.",
        "carburant": "Hybride essence",
        "annee": "2024"
    },
    {
        "marque": "Nissan",
        "modele": "Qashqai",
        "prix": "39450",
        "kilometrage": "10",
        "boite_vitesse": "Auto.",
        "carburant": "Micro-hybride essence",
        "annee": "2025"
    },
    {
        "marque": "Dacia",
        "modele": "Duster",
        "prix": "30800",
        "kilometrage": "10",
        "boite_vitesse": "Manuelle",
        "carburant": "Micro-hybride essence",
        "annee": "2025"
    },
    {
        "marque": "Peugeot",
        "modele": "2008",
        "prix": "36850",
        "kilometrage": "10",
        "boite_vitesse": "Auto.",
        "carburant": "Micro-hybride essence",
        "annee": "2025"
    },
    {
        "marque": "Peugeot",
        "modele": "308",
        "prix": "42070",
        "kilometrage": "10",
        "boite_vitesse": "Auto.",
        "carburant": "Diesel",
        "annee": "2025"
    },
    {
        "marque": "Dacia",
        "modele": "Duster",
        "prix": "29950",
        "kilometrage": "10",
        "boite_vitesse": "Manuelle",
        "carburant": "Micro-hybride essence",
        "annee": "2025"
    },
    {
        "marque": "Dacia",
        "modele": "Duster",
        "prix": "30150",
        "kilometrage": "10",
        "boite_vitesse": "Manuelle",
        "carburant": "Micro-hybride essence",
        "annee": "2025"
    }
]