[
    {
        "marque": "Peugeot",
        "modele": "308 SW",
        "prix": "13299",
        "kilometrage": "70446",
        "boite_vitesse": "Manuelle",
        "carburant": "Diesel",
        "annee": "2021"
    },
    {
        "marque": "Peugeot",
        "modele": "308 SW",
        "prix": "13399",
        "kilometrage": "67697",
        "boite_vitesse": "Auto.",
        "carburant": "Essence",
        "annee": "2020"
    },
    {
        "marque": "Renault",
        "modele": "Scénic 4",
        "prix": "13399",
        "kilometrage": "147996",
        "boite_vitesse": "Auto.",
        "carburant": "Diesel",
        "annee": "2017"
    },
    {
        "marque": "Peugeot",
        "modele": "2008",
        "prix": "13499",
        "kilometrage": "36700",
        "boite_vitesse": "Auto.",
        "carburant": "Essence",
        "annee": "2019"
    },
    {
        "marque": "Peugeot",
        "modele": "2008",
        "prix": "13499",
        "kilometrage": "53245",
        "boite_vitesse": "Manuelle",
        "carburant": "Essence",
        "annee": "2020"
    },
    {
        "marque": "Dacia",
        "modele": "Sandero",
        "prix": "13499",
        "kilometrage": "17330",
        "boite_vitesse": "Manuelle",
        "carburant": "Essence",
        "annee": "2023"
    },
    {
        "marque": "Peugeot",
        "modele": "208",
        "prix": "13499",
        "kilometrage": "27700",
        "boite_vitesse": "Manuelle",
        "carburant": "Essence",
        "annee": "2021"
    },
    {
        "marque": "Renault",
        "modele": "Clio 5",
        "prix": "13499",
        "kilometrage": "88842",
        "boite_vitesse": "Manuelle",
        "carburant": "Essence",
        "annee": "2020"
    },
    {
        "marque": "Citroën",
        "modele": "C3",
        "prix": "13499",
        "kilometrage": "16093",
        "boite_vitesse": "Manuelle",
        "carburant": "Essence",
        "annee": "2024"
    },
    {
        "marque": "Dacia",
        "modele": "Duster",
        "prix": "13499",
        "kilometrage": "130545",
        "boite_vitesse": "Manuelle",
        "carburant": "Diesel",
        "annee": "2019"
    },
    {
        "marque": "Citroën",
        "modele": "C3",
        "prix": "13499",
        "kilometrage": "16435",
        "boite_vitesse": "Manuelle",
        "carburant": "Essence",
        "annee": "2024"
    },
    {
        "marque": "Peugeot",
        "modele": "308",
        "prix": "13499",
        "kilometrage": "66230",
        "boite_vitesse": "Auto.",
        "carburant": "Essence",
        "annee": "2019"
    },
    {
        "marque": "Renault",
        "modele": "Clio 4",
        "prix": "13499",
        "kilometrage": "52391",
        "boite_vitesse": "Auto.",
        "carburant": "Essence",
        "annee": "2018"
    },
    {
        "marque": "Dacia",
        "modele": "Sandero",
        "prix": "13499",
        "kilometrage": "64192",
        "boite_vitesse": "Manuelle",
        "carburant": "Essence",
        "annee": "2021"
    },
    {
        "marque": "Toyota",
        "modele": "Yaris",
        "prix": "13499",
        "kilometrage": "79942",
        "boite_vitesse": "Auto.",
        "carburant": "Hybride essence",
        "annee": "2017"
    },
    {
        "marque": "Renault",
        "modele": "Mégane 4 Estate",
        "prix": "13499",
        "kilometrage": "53681",
        "boite_vitesse": "Manuelle",
        "carburant": "Essence",
        "annee": "2019"
    },
    {
        "marque": "Fiat",
        "modele": "500X",
        "prix": "13499",
        "kilometrage": "56312",
        "boite_vitesse": "Manuelle",
        "carburant": "Diesel",
        "annee": "2020"
    },
    {
        "marque": "BMW",
        "modele": "Série 2 Active Tourer",
        "prix": "13499",
        "kilometrage": "139265",
        "boite_vitesse": "Auto.",
        "carburant": "Diesel",
        "annee": "2015"
    },
    {
        "marque": "Ford",
        "modele": "Fiesta",
        "prix": "13499",
        "kilometrage": "98018",
        "boite_vitesse": "Manuelle",
        "carburant": "Diesel",
        "annee": "2018"
    },
    {
        "marque": "Skoda",
        "modele": "Fabia",
        "prix": "13499",
        "kilometrage": "80443",
        "boite_vitesse": "Manuelle",
        "carburant": "Essence",
        "annee": "2022"
    },
    {
        "marque": "Opel",
        "modele": "Astra Sports Tourer",
        "prix": "13499",
        "kilometrage": "85440",
        "boite_vitesse": "Manuelle",
        "carburant": "Diesel",
        "annee": "2019"
    },
    {
        "marque": "Fiat",
        "modele": "Tipo",
        "prix": "13499",
        "kilometrage": "56670",
        "boite_vitesse": "Manuelle",
        "carburant": "Essence",
        "annee": "2022"
    },
    {
        "marque": "Nissan",
        "modele": "Leaf",
        "prix": "13499",
        "kilometrage": "111875",
        "boite_vitesse": "Auto.",
        "carburant": "Électrique",
        "annee": "2018"
    }
]