[
    {
        "marque": "Volkswagen",
        "modele": "Up",
        "prix": "12799",
        "kilometrage": "61475",
        "boite_vitesse": "Manuelle",
        "carburant": "Essence",
        "annee": "2017"
    },
    {
        "marque": "Peugeot",
        "modele": "208",
        "prix": "12999",
        "kilometrage": "74264",
        "boite_vitesse": "Manuelle",
        "carburant": "Diesel",
        "annee": "2022"
    },
    {
        "marque": "Peugeot",
        "modele": "208",
        "prix": "12999",
        "kilometrage": "25479",
        "boite_vitesse": "Manuelle",
        "carburant": "Essence",
        "annee": "2022"
    },
    {
        "marque": "Peugeot",
        "modele": "208",
        "prix": "12999",
        "kilometrage": "62070",
        "boite_vitesse": "Auto.",
        "carburant": "Électrique",
        "annee": "2020"
    },
    {
        "marque": "Dacia",
        "modele": "Duster",
        "prix": "12999",
        "kilometrage": "92810",
        "boite_vitesse": "Manuelle",
        "carburant": "GPL",
        "annee": "2020"
    },
    {
        "marque": "Peugeot",
        "modele": "208",
        "prix": "12999",
        "kilometrage": "95800",
        "boite_vitesse": "Auto.",
        "carburant": "Essence",
        "annee": "2020"
    },
    {
        "marque": "Citroën",
        "modele": "C3",
        "prix": "12999",
        "kilometrage": "29430",
        "boite_vitesse": "Auto.",
        "carburant": "Essence",
        "annee": "2018"
    },
    {
        "marque": "Peugeot",
        "modele": "308",
        "prix": "12999",
        "kilometrage": "90980",
        "boite_vitesse": "Auto.",
        "carburant": "Essence",
        "annee": "2021"
    },
    {
        "marque": "Dacia",
        "modele": "Sandero",
        "prix": "12999",
        "kilometrage": "52225",
        "boite_vitesse": "Manuelle",
        "carburant": "Essence",
        "annee": "2022"
    },
    {
        "marque": "Fiat",
        "modele": "500",
        "prix": "12999",
        "kilometrage": "65949",
        "boite_vitesse": "Auto.",
        "carburant": "Électrique",
        "annee": "2022"
    },
    {
        "marque": "Peugeot",
        "modele": "308",
        "prix": "12999",
        "kilometrage": "46470",
        "boite_vitesse": "Manuelle",
        "carburant": "Essence",
        "annee": "2020"
    },
    {
        "marque": "Dacia",
        "modele": "Sandero",
        "prix": "12999",
        "kilometrage": "67740",
        "boite_vitesse": "Manuelle",
        "carburant": "GPL",
        "annee": "2020"
    },
    {
        "marque": "Fiat",
        "modele": "500",
        "prix": "12999",
        "kilometrage": "30226",
        "boite_vitesse": "Manuelle",
        "carburant": "Micro-hybride essence",
        "annee": "2022"
    },
    {
        "marque": "Fiat",
        "modele": "500",
        "prix": "12999",
        "kilometrage": "13460",
        "boite_vitesse": "Manuelle",
        "carburant": "Micro-hybride essence",
        "annee": "2020"
    },
    {
        "marque": "Opel",
        "modele": "Corsa",
        "prix": "12999",
        "kilometrage": "71999",
        "boite_vitesse": "Auto.",
        "carburant": "Essence",
        "annee": "2020"
    },
    {
        "marque": "Opel",
        "modele": "Corsa",
        "prix": "12999",
        "kilometrage": "28182",
        "boite_vitesse": "Manuelle",
        "carburant": "Essence",
        "annee": "2022"
    },
    {
        "marque": "Nissan",
        "modele": "Juke",
        "prix": "12999",
        "kilometrage": "102345",
        "boite_vitesse": "Auto.",
        "carburant": "Essence",
        "annee": "2017"
    },
    {
        "marque": "Peugeot",
        "modele": "308 SW",
        "prix": "12999",
        "kilometrage": "109223",
        "boite_vitesse": "Manuelle",
        "carburant": "Diesel",
        "annee": "2021"
    },
    {
        "marque": "Fiat",
        "modele": "500X",
        "prix": "12999",
        "kilometrage": "80240",
        "boite_vitesse": "Auto.",
        "carburant": "Essence",
        "annee": "2017"
    },
    {
        "marque": "Opel",
        "modele": "Astra",
        "prix": "12999",
        "kilometrage": "112757",
        "boite_vitesse": "Auto.",
        "carburant": "Diesel",
        "annee": "2021"
    },
    {
        "marque": "Citroën",
        "modele": "Berlingo",
        "prix": "12999",
        "kilometrage": "61460",
        "boite_vitesse": "Manuelle",
        "carburant": "Diesel",
        "annee": "2019"
    },
    {
        "marque": "Opel",
        "modele": "Crossland X",
        "prix": "12999",
        "kilometrage": "40100",
        "boite_vitesse": "Manuelle",
        "carburant": "Essence",
        "annee": "2021"
    },
    {
        "marque": "Kia",
        "modele": "Stonic",
        "prix": "12999",
        "kilometrage": "82982",
        "boite_vitesse": "Manuelle",
        "carburant": "Essence",
        "annee": "2022"
    }
]