[
    {
        "marque": "Renault",
        "modele": "Clio 5",
        "prix": "22350",
        "kilometrage": "0",
        "boite_vitesse": "Manuelle",
        "carburant": "Essence",
        "annee": "2025"
    },
    {
        "marque": "Peugeot",
        "modele": "208",
        "prix": "18499",
        "kilometrage": "14592",
        "boite_vitesse": "Auto.",
        "carburant": "Électrique",
        "annee": "2023"
    },
    {
        "marque": "Peugeot",
        "modele": "208",
        "prix": "24100",
        "kilometrage": "0",
        "boite_vitesse": "Manuelle",
        "carburant": "Essence",
        "annee": "2025"
    },
    {
        "marque": "Renault",
        "modele": "Clio 5",
        "prix": "22350",
        "kilometrage": "0",
        "boite_vitesse": "Manuelle",
        "carburant": "Essence",
        "annee": "2025"
    },
    {
        "marque": "Peugeot",
        "modele": "3008",
        "prix": "18499",
        "kilometrage": "84413",
        "boite_vitesse": "Auto.",
        "carburant": "Essence",
        "annee": "2021"
    },
    {
        "marque": "Peugeot",
        "modele": "208",
        "prix": "18499",
        "kilometrage": "6583",
        "boite_vitesse": "Manuelle",
        "carburant": "Essence",
        "annee": "2024"
    },
    {
        "marque": "BYD",
        "modele": "ETP3",
        "prix": "35990",
        "kilometrage": "0",
        "boite_vitesse": "Auto.",
        "carburant": "Électrique",
        "annee": "2025"
    },
    {
        "marque": "Renault",
        "modele": "Captur",
        "prix": "18499",
        "kilometrage": "63820",
        "boite_vitesse": "Auto.",
        "carburant": "Diesel",
        "annee": "2019"
    },
    {
        "marque": "BYD",
        "modele": "ETP3",
        "prix": "",
        "kilometrage": "10",
        "boite_vitesse": "Auto.",
        "carburant": "Électrique",
        "annee": "2025"
    },
    {
        "marque": "Renault",
        "modele": "Captur",
        "prix": "18499",
        "kilometrage": "27085",
        "boite_vitesse": "Manuelle",
        "carburant": "Essence",
        "annee": "2024"
    },
    {
        "marque": "Renault",
        "modele": "Kadjar",
        "prix": "18499",
        "kilometrage": "23021",
        "boite_vitesse": "Manuelle",
        "carburant": "Essence",
        "annee": "2020"
    },
    {
        "marque": "BMW",
        "modele": "X2",
        "prix": "18499",
        "kilometrage": "143548",
        "boite_vitesse": "Auto.",
        "carburant": "Diesel",
        "annee": "2021"
    },
    {
        "marque": "Renault",
        "modele": "Kadjar",
        "prix": "18499",
        "kilometrage": "56144",
        "boite_vitesse": "Auto.",
        "carburant": "Essence",
        "annee": "2020"
    },
    {
        "marque": "Ford",
        "modele": "Puma",
        "prix": "18499",
        "kilometrage": "49542",
        "boite_vitesse": "Manuelle",
        "carburant": "Micro-hybride essence",
        "annee": "2022"
    },
    {
        "marque": "Ford",
        "modele": "PUMA",
        "prix": "18499",
        "kilometrage": "52775",
        "boite_vitesse": "Manuelle",
        "carburant": "Hybride essence",
        "annee": "2022"
    },
    {
        "marque": "DS",
        "modele": "DS3 Crossback",
        "prix": "18499",
        "kilometrage": "79361",
        "boite_vitesse": "Auto.",
        "carburant": "Diesel",
        "annee": "2021"
    },
    {
        "marque": "DS",
        "modele": "DS3 CROSSBACK",
        "prix": "18499",
        "kilometrage": "47444",
        "boite_vitesse": "Auto.",
        "carburant": "Essence",
        "annee": "2019"
    },
    {
        "marque": "Dacia",
        "modele": "Lodgy",
        "prix": "18499",
        "kilometrage": "57235",
        "boite_vitesse": "Manuelle",
        "carburant": "Essence",
        "annee": "2020"
    },
    {
        "marque": "Ford",
        "modele": "Focus SW",
        "prix": "18499",
        "kilometrage": "35710",
        "boite_vitesse": "Auto.",
        "carburant": "Diesel",
        "annee": "2020"
    },
    {
        "marque": "BMW",
        "modele": "I3",
        "prix": "18499",
        "kilometrage": "55315",
        "boite_vitesse": "Auto.",
        "carburant": "Électrique",
        "annee": "2018"
    },
    {
        "marque": "Peugeot",
        "modele": "2008",
        "prix": "18499",
        "kilometrage": "22170",
        "boite_vitesse": "Manuelle",
        "carburant": "Essence",
        "annee": "2023"
    },
    {
        "marque": "Peugeot",
        "modele": "3008",
        "prix": "18499",
        "kilometrage": "45253",
        "boite_vitesse": "Auto.",
        "carburant": "Essence",
        "annee": "2020"
    },
    {
        "marque": "Peugeot",
        "modele": "5008",
        "prix": "18499",
        "kilometrage": "80434",
        "boite_vitesse": "Auto.",
        "carburant": "Essence",
        "annee": "2019"
    }
]