[
    {
        "marque": "Audi",
        "modele": "Q3 Sportback",
        "prix": "61810",
        "kilometrage": "17",
        "boite_vitesse": "Auto.",
        "carburant": "Diesel",
        "annee": "2025"
    },
    {
        "marque": "Audi",
        "modele": "Q5 SPORTBACK",
        "prix": "53999",
        "kilometrage": "18875",
        "boite_vitesse": "Auto.",
        "carburant": "Micro-hybride diesel",
        "annee": "2022"
    },
    {
        "marque": "BMW",
        "modele": "X5",
        "prix": "54699",
        "kilometrage": "51746",
        "boite_vitesse": "Auto.",
        "carburant": "Hybride essence rechargeable",
        "annee": "2019"
    },
    {
        "marque": "Mercedes",
        "modele": "GLC Coupé",
        "prix": "55499",
        "kilometrage": "19239",
        "boite_vitesse": "Auto.",
        "carburant": "Hybride essence rechargeable",
        "annee": "2023"
    },
    {
        "marque": "Audi",
        "modele": "Q7",
        "prix": "57999",
        "kilometrage": "80638",
        "boite_vitesse": "Auto.",
        "carburant": "Hybride diesel rechargeable",
        "annee": "2020"
    }
]