[
    {
        "marque": "Volkswagen",
        "modele": "Golf 8",
        "prix": "34999",
        "kilometrage": "24855",
        "boite_vitesse": "Auto.",
        "carburant": "Essence",
        "annee": "2023"
    },
    {
        "marque": "Mercedes",
        "modele": "Classe A",
        "prix": "34999",
        "kilometrage": "13229",
        "boite_vitesse": "Auto.",
        "carburant": "Diesel",
        "annee": "2024"
    },
    {
        "marque": "Nissan",
        "modele": "Ariya",
        "prix": "34999",
        "kilometrage": "18200",
        "boite_vitesse": "Auto.",
        "carburant": "Électrique",
        "annee": "2023"
    },
    {
        "marque": "Tesla",
        "modele": "MODEL Y",
        "prix": "34999",
        "kilometrage": "44695",
        "boite_vitesse": "Auto.",
        "carburant": "Électrique",
        "annee": "2022"
    },
    {
        "marque": "Renault",
        "modele": "MASTER FOURGON",
        "prix": "55960",
        "kilometrage": "5",
        "boite_vitesse": "Manuelle",
        "carburant": "Diesel",
        "annee": "2025"
    },
    {
        "marque": "DS",
        "modele": "DS7",
        "prix": "53400",
        "kilometrage": "1",
        "boite_vitesse": "Auto.",
        "carburant": "Diesel",
        "annee": "2025"
    },
    {
        "marque": "DS",
        "modele": "DS7",
        "prix": "53200",
        "kilometrage": "5",
        "boite_vitesse": "Auto.",
        "carburant": "Diesel",
        "annee": "2025"
    },
    {
        "marque": "Cupra",
        "modele": "FORMENTOR",
        "prix": "46025",
        "kilometrage": "10",
        "boite_vitesse": "Auto.",
        "carburant": "Micro-hybride essence",
        "annee": "2025"
    },
    {
        "marque": "Volkswagen",
        "modele": "T-Roc",
        "prix": "42540",
        "kilometrage": "11",
        "boite_vitesse": "Auto.",
        "carburant": "Essence",
        "annee": "2025"
    },
    {
        "marque": "Volkswagen",
        "modele": "T-Roc",
        "prix": "42540",
        "kilometrage": "9",
        "boite_vitesse": "Auto.",
        "carburant": "Essence",
        "annee": "2025"
    },
    {
        "marque": "Peugeot",
        "modele": "3008",
        "prix": "46320",
        "kilometrage": "10",
        "boite_vitesse": "Auto.",
        "carburant": "Micro-hybride essence",
        "annee": "2025"
    },
    {
        "marque": "Mercedes",
        "modele": "Classe A",
        "prix": "35499",
        "kilometrage": "6740",
        "boite_vitesse": "Auto.",
        "carburant": "Micro-hybride essence",
        "annee": "2024"
    },
    {
        "marque": "Mercedes",
        "modele": "Classe A",
        "prix": "35499",
        "kilometrage": "4849",
        "boite_vitesse": "Auto.",
        "carburant": "Micro-hybride essence",
        "annee": "2024"
    },
    {
        "marque": "Mercedes",
        "modele": "Classe A",
        "prix": "35499",
        "kilometrage": "13210",
        "boite_vitesse": "Auto.",
        "carburant": "Micro-hybride essence",
        "annee": "2024"
    },
    {
        "marque": "Renault",
        "modele": "Austral",
        "prix": "46250",
        "kilometrage": "0",
        "boite_vitesse": "Auto.",
        "carburant": "Hybride essence",
        "annee": "2025"
    },
    {
        "marque": "Tesla",
        "modele": "MODEL 3",
        "prix": "35599",
        "kilometrage": "14745",
        "boite_vitesse": "Auto.",
        "carburant": "Électrique",
        "annee": "2024"
    },
    {
        "marque": "Peugeot",
        "modele": "508",
        "prix": "54950",
        "kilometrage": "0",
        "boite_vitesse": "Auto.",
        "carburant": "Hybride essence rechargeable",
        "annee": "2025"
    },
    {
        "marque": "Volkswagen",
        "modele": "Golf 8",
        "prix": "45750",
        "kilometrage": "10",
        "boite_vitesse": "Auto.",
        "carburant": "Hybride essence rechargeable",
        "annee": "2025"
    },
    {
        "marque": "Renault",
        "modele": "MASTER FOURGON",
        "prix": "55810",
        "kilometrage": "13",
        "boite_vitesse": "Manuelle",
        "carburant": "Diesel",
        "annee": "2025"
    },
    {
        "marque": "Mercedes",
        "modele": "Classe A",
        "prix": "35799",
        "kilometrage": "5118",
        "boite_vitesse": "Auto.",
        "carburant": "Micro-hybride essence",
        "annee": "2024"
    },
    {
        "marque": "Peugeot",
        "modele": "3008",
        "prix": "48190",
        "kilometrage": "10",
        "boite_vitesse": "Auto.",
        "carburant": "Électrique",
        "annee": "2025"
    },
    {
        "marque": "Peugeot",
        "modele": "5008",
        "prix": "45650",
        "kilometrage": "10",
        "boite_vitesse": "Auto.",
        "carburant": "Micro-hybride essence",
        "annee": "2025"
    },
    {
        "marque": "Peugeot",
        "modele": "3008",
        "prix": "50140",
        "kilometrage": "0",
        "boite_vitesse": "Auto.",
        "carburant": "Électrique",
        "annee": "2025"
    }
]