[
    {
        "marque": "Peugeot",
        "modele": "208",
        "prix": "17499",
        "kilometrage": "10278",
        "boite_vitesse": "Auto.",
        "carburant": "Essence",
        "annee": "2023"
    },
    {
        "marque": "Peugeot",
        "modele": "3008",
        "prix": "17499",
        "kilometrage": "54795",
        "boite_vitesse": "Auto.",
        "carburant": "Essence",
        "annee": "2020"
    },
    {
        "marque": "Dacia",
        "modele": "Duster",
        "prix": "17499",
        "kilometrage": "20366",
        "boite_vitesse": "Manuelle",
        "carburant": "Diesel",
        "annee": "2019"
    },
    {
        "marque": "Citroën",
        "modele": "C5 Aircross",
        "prix": "17499",
        "kilometrage": "80478",
        "boite_vitesse": "Auto.",
        "carburant": "Essence",
        "annee": "2019"
    },
    {
        "marque": "Nissan",
        "modele": "Qashqai",
        "prix": "17499",
        "kilometrage": "79998",
        "boite_vitesse": "Manuelle",
        "carburant": "Essence",
        "annee": "2019"
    },
    {
        "marque": "Opel",
        "modele": "Mokka",
        "prix": "17499",
        "kilometrage": "16475",
        "boite_vitesse": "Auto.",
        "carburant": "Électrique",
        "annee": "2022"
    },
    {
        "marque": "Audi",
        "modele": "Q2",
        "prix": "17499",
        "kilometrage": "99570",
        "boite_vitesse": "Manuelle",
        "carburant": "Essence",
        "annee": "2017"
    },
    {
        "marque": "Toyota",
        "modele": "Yaris",
        "prix": "17499",
        "kilometrage": "63144",
        "boite_vitesse": "Auto.",
        "carburant": "Hybride essence",
        "annee": "2022"
    },
    {
        "marque": "Suzuki",
        "modele": "VITARA",
        "prix": "17499",
        "kilometrage": "72830",
        "boite_vitesse": "Auto.",
        "carburant": "Micro-hybride essence",
        "annee": "2021"
    },
    {
        "marque": "Peugeot",
        "modele": "RIFTER",
        "prix": "17499",
        "kilometrage": "118327",
        "boite_vitesse": "Manuelle",
        "carburant": "Diesel",
        "annee": "2019"
    },
    {
        "marque": "Seat",
        "modele": "Ibiza",
        "prix": "17499",
        "kilometrage": "27930",
        "boite_vitesse": "Auto.",
        "carburant": "Essence",
        "annee": "2019"
    },
    {
        "marque": "Peugeot",
        "modele": "2008",
        "prix": "17599",
        "kilometrage": "29778",
        "boite_vitesse": "Manuelle",
        "carburant": "Essence",
        "annee": "2021"
    },
    {
        "marque": "Peugeot",
        "modele": "208",
        "prix": "17699",
        "kilometrage": "13554",
        "boite_vitesse": "Manuelle",
        "carburant": "Essence",
        "annee": "2024"
    },
    {
        "marque": "Peugeot",
        "modele": "208",
        "prix": "17699",
        "kilometrage": "8905",
        "boite_vitesse": "Manuelle",
        "carburant": "Essence",
        "annee": "2024"
    },
    {
        "marque": "Peugeot",
        "modele": "208",
        "prix": "17699",
        "kilometrage": "8134",
        "boite_vitesse": "Manuelle",
        "carburant": "Essence",
        "annee": "2024"
    },
    {
        "marque": "Peugeot",
        "modele": "208",
        "prix": "17699",
        "kilometrage": "14466",
        "boite_vitesse": "Manuelle",
        "carburant": "Essence",
        "annee": "2024"
    },
    {
        "marque": "Renault",
        "modele": "Clio 5",
        "prix": "17699",
        "kilometrage": "12180",
        "boite_vitesse": "Manuelle",
        "carburant": "Essence",
        "annee": "2024"
    },
    {
        "marque": "Renault",
        "modele": "Clio 5",
        "prix": "17699",
        "kilometrage": "5187",
        "boite_vitesse": "Manuelle",
        "carburant": "Essence",
        "annee": "2024"
    },
    {
        "marque": "Renault",
        "modele": "Captur",
        "prix": "17699",
        "kilometrage": "21158",
        "boite_vitesse": "Manuelle",
        "carburant": "Essence",
        "annee": "2023"
    },
    {
        "marque": "Skoda",
        "modele": "KAMIQ",
        "prix": "17699",
        "kilometrage": "40832",
        "boite_vitesse": "Manuelle",
        "carburant": "Essence",
        "annee": "2021"
    },
    {
        "marque": "Renault",
        "modele": "Clio 5",
        "prix": "17699",
        "kilometrage": "4533",
        "boite_vitesse": "Manuelle",
        "carburant": "Essence",
        "annee": "2024"
    },
    {
        "marque": "Ford",
        "modele": "TRANSIT FOURGON",
        "prix": "17699",
        "kilometrage": "91672",
        "boite_vitesse": "Manuelle",
        "carburant": "Diesel",
        "annee": "2020"
    },
    {
        "marque": "MG",
        "modele": "ZS",
        "prix": "17799",
        "kilometrage": "3420",
        "boite_vitesse": "Auto.",
        "carburant": "Électrique",
        "annee": "2020"
    }
]