[
    {
        "marque": "DS",
        "modele": "DS3",
        "prix": "12499",
        "kilometrage": "22847",
        "boite_vitesse": "Auto.",
        "carburant": "Essence",
        "annee": "2019"
    },
    {
        "marque": "Fiat",
        "modele": "500X",
        "prix": "12499",
        "kilometrage": "112465",
        "boite_vitesse": "Manuelle",
        "carburant": "Diesel",
        "annee": "2019"
    },
    {
        "marque": "Citroën",
        "modele": "Berlingo",
        "prix": "12499",
        "kilometrage": "61460",
        "boite_vitesse": "Manuelle",
        "carburant": "Diesel",
        "annee": "2019"
    },
    {
        "marque": "Opel",
        "modele": "Crossland X",
        "prix": "12499",
        "kilometrage": "49355",
        "boite_vitesse": "Manuelle",
        "carburant": "Essence",
        "annee": "2018"
    },
    {
        "marque": "Opel",
        "modele": "Astra Sports Tourer",
        "prix": "12499",
        "kilometrage": "78181",
        "boite_vitesse": "Manuelle",
        "carburant": "Essence",
        "annee": "2020"
    },
    {
        "marque": "Dacia",
        "modele": "Lodgy",
        "prix": "12499",
        "kilometrage": "72882",
        "boite_vitesse": "Manuelle",
        "carburant": "Essence",
        "annee": "2018"
    },
    {
        "marque": "Hyundai",
        "modele": "i10",
        "prix": "12499",
        "kilometrage": "28903",
        "boite_vitesse": "Manuelle",
        "carburant": "Essence",
        "annee": "2022"
    },
    {
        "marque": "Nissan",
        "modele": "Micra",
        "prix": "12499",
        "kilometrage": "72419",
        "boite_vitesse": "Manuelle",
        "carburant": "Essence",
        "annee": "2022"
    },
    {
        "marque": "Dacia",
        "modele": "Logan MCV",
        "prix": "12499",
        "kilometrage": "87330",
        "boite_vitesse": "Manuelle",
        "carburant": "Diesel",
        "annee": "2019"
    },
    {
        "marque": "Citroën",
        "modele": "C3",
        "prix": "12499",
        "kilometrage": "61815",
        "boite_vitesse": "Auto.",
        "carburant": "Essence",
        "annee": "2018"
    },
    {
        "marque": "Dacia",
        "modele": "Sandero",
        "prix": "12499",
        "kilometrage": "28590",
        "boite_vitesse": "Manuelle",
        "carburant": "Essence",
        "annee": "2020"
    },
    {
        "marque": "Fiat",
        "modele": "500",
        "prix": "12499",
        "kilometrage": "32595",
        "boite_vitesse": "Auto.",
        "carburant": "Électrique",
        "annee": "2021"
    },
    {
        "marque": "Renault",
        "modele": "Scénic 4",
        "prix": "12499",
        "kilometrage": "94801",
        "boite_vitesse": "Manuelle",
        "carburant": "Essence",
        "annee": "2017"
    },
    {
        "marque": "Kia",
        "modele": "Picanto",
        "prix": "12499",
        "kilometrage": "9900",
        "boite_vitesse": "Manuelle",
        "carburant": "Essence",
        "annee": "2021"
    },
    {
        "marque": "Opel",
        "modele": "Crossland",
        "prix": "12499",
        "kilometrage": "29750",
        "boite_vitesse": "Manuelle",
        "carburant": "Essence",
        "annee": "2021"
    },
    {
        "marque": "Peugeot",
        "modele": "3008",
        "prix": "12599",
        "kilometrage": "126176",
        "boite_vitesse": "Manuelle",
        "carburant": "Essence",
        "annee": "2017"
    },
    {
        "marque": "Citroën",
        "modele": "C3",
        "prix": "12699",
        "kilometrage": "86938",
        "boite_vitesse": "Manuelle",
        "carburant": "Diesel",
        "annee": "2022"
    },
    {
        "marque": "Renault",
        "modele": "Mégane 4",
        "prix": "12699",
        "kilometrage": "136464",
        "boite_vitesse": "Manuelle",
        "carburant": "Diesel",
        "annee": "2020"
    },
    {
        "marque": "Fiat",
        "modele": "500",
        "prix": "12699",
        "kilometrage": "9131",
        "boite_vitesse": "Auto.",
        "carburant": "Électrique",
        "annee": "2022"
    },
    {
        "marque": "Peugeot",
        "modele": "208",
        "prix": "12799",
        "kilometrage": "42661",
        "boite_vitesse": "Manuelle",
        "carburant": "Essence",
        "annee": "2022"
    },
    {
        "marque": "Ford",
        "modele": "Fiesta",
        "prix": "12799",
        "kilometrage": "59062",
        "boite_vitesse": "Manuelle",
        "carburant": "Micro-hybride essence",
        "annee": "2021"
    },
    {
        "marque": "Volkswagen",
        "modele": "Up",
        "prix": "12799",
        "kilometrage": "61475",
        "boite_vitesse": "Manuelle",
        "carburant": "Essence",
        "annee": "2017"
    },
    {
        "marque": "Peugeot",
        "modele": "208",
        "prix": "12999",
        "kilometrage": "74264",
        "boite_vitesse": "Manuelle",
        "carburant": "Diesel",
        "annee": "2022"
    }
]