[
    {
        "marque": "Citroën",
        "modele": "C4 Cactus",
        "prix": "10499",
        "kilometrage": "68541",
        "boite_vitesse": "Manuelle",
        "carburant": "Essence",
        "annee": "2019"
    },
    {
        "marque": "Citroën",
        "modele": "C4 Cactus",
        "prix": "10499",
        "kilometrage": "63225",
        "boite_vitesse": "Manuelle",
        "carburant": "Essence",
        "annee": "2018"
    },
    {
        "marque": "Fiat",
        "modele": "Tipo",
        "prix": "10499",
        "kilometrage": "115977",
        "boite_vitesse": "Manuelle",
        "carburant": "Diesel",
        "annee": "2018"
    },
    {
        "marque": "Ford",
        "modele": "Ecosport",
        "prix": "10499",
        "kilometrage": "105305",
        "boite_vitesse": "Manuelle",
        "carburant": "Essence",
        "annee": "2017"
    },
    {
        "marque": "Citroën",
        "modele": "C1",
        "prix": "10499",
        "kilometrage": "38378",
        "boite_vitesse": "Manuelle",
        "carburant": "Essence",
        "annee": "2017"
    },
    {
        "marque": "Peugeot",
        "modele": "2008",
        "prix": "10499",
        "kilometrage": "100241",
        "boite_vitesse": "Auto.",
        "carburant": "Essence",
        "annee": "2018"
    },
    {
        "marque": "Renault",
        "modele": "Twingo 3",
        "prix": "10499",
        "kilometrage": "30070",
        "boite_vitesse": "Manuelle",
        "carburant": "Essence",
        "annee": "2022"
    },
    {
        "marque": "Renault",
        "modele": "Zoé Société",
        "prix": "10499",
        "kilometrage": "45975",
        "boite_vitesse": "Auto.",
        "carburant": "Électrique",
        "annee": "2021"
    },
    {
        "marque": "Renault",
        "modele": "Clio 4",
        "prix": "10699",
        "kilometrage": "75175",
        "boite_vitesse": "Manuelle",
        "carburant": "Essence",
        "annee": "2019"
    },
    {
        "marque": "Dacia",
        "modele": "Spring",
        "prix": "10699",
        "kilometrage": "22391",
        "boite_vitesse": "Auto.",
        "carburant": "Électrique",
        "annee": "2022"
    },
    {
        "marque": "Citroën",
        "modele": "C4 Cactus",
        "prix": "10699",
        "kilometrage": "101450",
        "boite_vitesse": "Auto.",
        "carburant": "Essence",
        "annee": "2018"
    },
    {
        "marque": "Fiat",
        "modele": "500",
        "prix": "10799",
        "kilometrage": "72360",
        "boite_vitesse": "Manuelle",
        "carburant": "Micro-hybride essence",
        "annee": "2020"
    },
    {
        "marque": "Dacia",
        "modele": "Logan",
        "prix": "10799",
        "kilometrage": "42835",
        "boite_vitesse": "Manuelle",
        "carburant": "Diesel",
        "annee": "2016"
    },
    {
        "marque": "Dacia",
        "modele": "Sandero",
        "prix": "10799",
        "kilometrage": "95664",
        "boite_vitesse": "Auto.",
        "carburant": "Essence",
        "annee": "2017"
    },
    {
        "marque": "Renault",
        "modele": "Scenic 3",
        "prix": "10799",
        "kilometrage": "82130",
        "boite_vitesse": "Manuelle",
        "carburant": "Essence",
        "annee": "2015"
    },
    {
        "marque": "Dacia",
        "modele": "SPRING",
        "prix": "10899",
        "kilometrage": "2895",
        "boite_vitesse": "Auto.",
        "carburant": "Électrique",
        "annee": "2021"
    },
    {
        "marque": "Peugeot",
        "modele": "2008",
        "prix": "10999",
        "kilometrage": "89930",
        "boite_vitesse": "Manuelle",
        "carburant": "Essence",
        "annee": "2019"
    },
    {
        "marque": "Citroën",
        "modele": "C4",
        "prix": "10999",
        "kilometrage": "46795",
        "boite_vitesse": "Manuelle",
        "carburant": "Essence",
        "annee": "2018"
    },
    {
        "marque": "Peugeot",
        "modele": "308",
        "prix": "10999",
        "kilometrage": "49410",
        "boite_vitesse": "Auto.",
        "carburant": "Essence",
        "annee": "2015"
    },
    {
        "marque": "Citroën",
        "modele": "C3",
        "prix": "10999",
        "kilometrage": "47689",
        "boite_vitesse": "Manuelle",
        "carburant": "Essence",
        "annee": "2020"
    },
    {
        "marque": "Citroën",
        "modele": "C3",
        "prix": "10999",
        "kilometrage": "28350",
        "boite_vitesse": "Manuelle",
        "carburant": "Essence",
        "annee": "2019"
    },
    {
        "marque": "Peugeot",
        "modele": "308",
        "prix": "10999",
        "kilometrage": "47564",
        "boite_vitesse": "Manuelle",
        "carburant": "Essence",
        "annee": "2019"
    },
    {
        "marque": "Renault",
        "modele": "Twingo 3",
        "prix": "10999",
        "kilometrage": "39140",
        "boite_vitesse": "Manuelle",
        "carburant": "Essence",
        "annee": "2021"
    }
]