[
    {
        "marque": "Volkswagen",
        "modele": "Golf 8 SW",
        "prix": "18999",
        "kilometrage": "111771",
        "boite_vitesse": "Auto.",
        "carburant": "Diesel",
        "annee": "2021"
    },
    {
        "marque": "Hyundai",
        "modele": "Ioniq",
        "prix": "18999",
        "kilometrage": "53388",
        "boite_vitesse": "Auto.",
        "carburant": "Hybride essence rechargeable",
        "annee": "2020"
    },
    {
        "marque": "Skoda",
        "modele": "Octavia",
        "prix": "18999",
        "kilometrage": "110480",
        "boite_vitesse": "Manuelle",
        "carburant": "Diesel",
        "annee": "2021"
    },
    {
        "marque": "Skoda",
        "modele": "SCALA",
        "prix": "18999",
        "kilometrage": "70680",
        "boite_vitesse": "Manuelle",
        "carburant": "Diesel",
        "annee": "2020"
    },
    {
        "marque": "Renault",
        "modele": "Captur",
        "prix": "18999",
        "kilometrage": "20328",
        "boite_vitesse": "Auto.",
        "carburant": "Essence",
        "annee": "2020"
    },
    {
        "marque": "Peugeot",
        "modele": "5008",
        "prix": "18999",
        "kilometrage": "66106",
        "boite_vitesse": "Manuelle",
        "carburant": "Essence",
        "annee": "2019"
    },
    {
        "marque": "Renault",
        "modele": "Captur",
        "prix": "18999",
        "kilometrage": "76500",
        "boite_vitesse": "Auto.",
        "carburant": "Diesel",
        "annee": "2021"
    },
    {
        "marque": "Toyota",
        "modele": "C-HR",
        "prix": "18999",
        "kilometrage": "72700",
        "boite_vitesse": "Auto.",
        "carburant": "Hybride essence",
        "annee": "2019"
    },
    {
        "marque": "Opel",
        "modele": "Mokka",
        "prix": "18999",
        "kilometrage": "11290",
        "boite_vitesse": "Manuelle",
        "carburant": "Essence",
        "annee": "2024"
    },
    {
        "marque": "Opel",
        "modele": "Mokka",
        "prix": "18999",
        "kilometrage": "11375",
        "boite_vitesse": "Manuelle",
        "carburant": "Essence",
        "annee": "2024"
    },
    {
        "marque": "Opel",
        "modele": "Mokka",
        "prix": "18999",
        "kilometrage": "12067",
        "boite_vitesse": "Manuelle",
        "carburant": "Essence",
        "annee": "2024"
    },
    {
        "marque": "Nissan",
        "modele": "Juke",
        "prix": "18999",
        "kilometrage": "35783",
        "boite_vitesse": "Manuelle",
        "carburant": "Essence",
        "annee": "2022"
    },
    {
        "marque": "DS",
        "modele": "DS7 CROSSBACK",
        "prix": "18999",
        "kilometrage": "90296",
        "boite_vitesse": "Auto.",
        "carburant": "Éthanol E85",
        "annee": "2018"
    },
    {
        "marque": "Hyundai",
        "modele": "i20",
        "prix": "18999",
        "kilometrage": "10805",
        "boite_vitesse": "Auto.",
        "carburant": "Micro-hybride essence",
        "annee": "2022"
    },
    {
        "marque": "Dacia",
        "modele": "Jogger",
        "prix": "19099",
        "kilometrage": "45260",
        "boite_vitesse": "Manuelle",
        "carburant": "Essence",
        "annee": "2022"
    },
    {
        "marque": "Renault",
        "modele": "Clio 5",
        "prix": "23350",
        "kilometrage": "20",
        "boite_vitesse": "Manuelle",
        "carburant": "Essence",
        "annee": "2025"
    },
    {
        "marque": "Peugeot",
        "modele": "2008",
        "prix": "19199",
        "kilometrage": "11920",
        "boite_vitesse": "Manuelle",
        "carburant": "Essence",
        "annee": "2024"
    },
    {
        "marque": "Peugeot",
        "modele": "2008",
        "prix": "19199",
        "kilometrage": "14931",
        "boite_vitesse": "Manuelle",
        "carburant": "Essence",
        "annee": "2024"
    },
    {
        "marque": "Dacia",
        "modele": "Duster",
        "prix": "19199",
        "kilometrage": "34695",
        "boite_vitesse": "Manuelle",
        "carburant": "Essence",
        "annee": "2023"
    },
    {
        "marque": "Peugeot",
        "modele": "208",
        "prix": "24220",
        "kilometrage": "10",
        "boite_vitesse": "Auto.",
        "carburant": "Micro-hybride essence",
        "annee": "2025"
    },
    {
        "marque": "Peugeot",
        "modele": "3008",
        "prix": "19299",
        "kilometrage": "54349",
        "boite_vitesse": "Manuelle",
        "carburant": "Essence",
        "annee": "2022"
    },
    {
        "marque": "Opel",
        "modele": "Mokka",
        "prix": "19299",
        "kilometrage": "19355",
        "boite_vitesse": "Manuelle",
        "carburant": "Essence",
        "annee": "2024"
    },
    {
        "marque": "Opel",
        "modele": "Mokka",
        "prix": "19299",
        "kilometrage": "20687",
        "boite_vitesse": "Manuelle",
        "carburant": "Essence",
        "annee": "2023"
    }
]