[
    {
        "marque": "Peugeot",
        "modele": "RCZ",
        "prix": "21999",
        "kilometrage": "77770",
        "boite_vitesse": "Manuelle",
        "carburant": "Essence",
        "annee": "2015"
    },
    {
        "marque": "Skoda",
        "modele": "Kamiq",
        "prix": "21999",
        "kilometrage": "13997",
        "boite_vitesse": "Manuelle",
        "carburant": "Essence",
        "annee": "2024"
    },
    {
        "marque": "Skoda",
        "modele": "KAMIQ",
        "prix": "21999",
        "kilometrage": "12316",
        "boite_vitesse": "Manuelle",
        "carburant": "Essence",
        "annee": "2024"
    },
    {
        "marque": "Skoda",
        "modele": "KAMIQ",
        "prix": "21999",
        "kilometrage": "12518",
        "boite_vitesse": "Manuelle",
        "carburant": "Essence",
        "annee": "2024"
    },
    {
        "marque": "Renault",
        "modele": "Koleos",
        "prix": "21999",
        "kilometrage": "55550",
        "boite_vitesse": "Manuelle",
        "carburant": "Diesel",
        "annee": "2018"
    },
    {
        "marque": "Peugeot",
        "modele": "2008",
        "prix": "21999",
        "kilometrage": "8900",
        "boite_vitesse": "Auto.",
        "carburant": "Électrique",
        "annee": "2023"
    },
    {
        "marque": "Peugeot",
        "modele": "2008",
        "prix": "21999",
        "kilometrage": "6305",
        "boite_vitesse": "Auto.",
        "carburant": "Électrique",
        "annee": "2023"
    },
    {
        "marque": "Peugeot",
        "modele": "2008",
        "prix": "21999",
        "kilometrage": "21612",
        "boite_vitesse": "Auto.",
        "carburant": "Essence",
        "annee": "2024"
    },
    {
        "marque": "Peugeot",
        "modele": "2008",
        "prix": "21999",
        "kilometrage": "16043",
        "boite_vitesse": "Auto.",
        "carburant": "Essence",
        "annee": "2024"
    },
    {
        "marque": "Peugeot",
        "modele": "3008",
        "prix": "21999",
        "kilometrage": "18006",
        "boite_vitesse": "Auto.",
        "carburant": "Essence",
        "annee": "2023"
    },
    {
        "marque": "Peugeot",
        "modele": "3008",
        "prix": "21999",
        "kilometrage": "29332",
        "boite_vitesse": "Auto.",
        "carburant": "Essence",
        "annee": "2022"
    },
    {
        "marque": "Seat",
        "modele": "Leon Sportstourer",
        "prix": "22089",
        "kilometrage": "17687",
        "boite_vitesse": "Auto.",
        "carburant": "Essence",
        "annee": "2024"
    },
    {
        "marque": "Renault",
        "modele": "Clio 5",
        "prix": "25850",
        "kilometrage": "10",
        "boite_vitesse": "Manuelle",
        "carburant": "Essence",
        "annee": "2025"
    },
    {
        "marque": "Renault",
        "modele": "Clio 5",
        "prix": "25850",
        "kilometrage": "10",
        "boite_vitesse": "Manuelle",
        "carburant": "Essence",
        "annee": "2025"
    },
    {
        "marque": "Citroën",
        "modele": "C4",
        "prix": "33100",
        "kilometrage": "10",
        "boite_vitesse": "Auto.",
        "carburant": "Micro-hybride essence",
        "annee": "2025"
    },
    {
        "marque": "Dacia",
        "modele": "Duster",
        "prix": "22199",
        "kilometrage": "9130",
        "boite_vitesse": "Manuelle",
        "carburant": "Essence",
        "annee": "2023"
    },
    {
        "marque": "Peugeot",
        "modele": "2008",
        "prix": "22199",
        "kilometrage": "5270",
        "boite_vitesse": "Auto.",
        "carburant": "Essence",
        "annee": "2024"
    },
    {
        "marque": "Peugeot",
        "modele": "208",
        "prix": "27520",
        "kilometrage": "10",
        "boite_vitesse": "Auto.",
        "carburant": "Micro-hybride essence",
        "annee": "2025"
    },
    {
        "marque": "Renault",
        "modele": "Arkana",
        "prix": "22299",
        "kilometrage": "14230",
        "boite_vitesse": "Auto.",
        "carburant": "Micro-hybride essence",
        "annee": "2023"
    },
    {
        "marque": "DS",
        "modele": "DS7 Crossback",
        "prix": "22299",
        "kilometrage": "95977",
        "boite_vitesse": "Auto.",
        "carburant": "Diesel",
        "annee": "2020"
    },
    {
        "marque": "Renault",
        "modele": "Captur",
        "prix": "22299",
        "kilometrage": "7560",
        "boite_vitesse": "Auto.",
        "carburant": "Micro-hybride essence",
        "annee": "2024"
    },
    {
        "marque": "Citroën",
        "modele": "C4",
        "prix": "32270",
        "kilometrage": "10",
        "boite_vitesse": "Auto.",
        "carburant": "Micro-hybride essence",
        "annee": "2025"
    },
    {
        "marque": "Citroën",
        "modele": "C4",
        "prix": "32300",
        "kilometrage": "10",
        "boite_vitesse": "Auto.",
        "carburant": "Micro-hybride essence",
        "annee": "2025"
    }
]