[
    {
        "marque": "Hyundai",
        "modele": "BAYON",
        "prix": "15999",
        "kilometrage": "45140",
        "boite_vitesse": "Manuelle",
        "carburant": "Micro-hybride essence",
        "annee": "2022"
    },
    {
        "marque": "Kia",
        "modele": "Picanto",
        "prix": "15999",
        "kilometrage": "12799",
        "boite_vitesse": "Auto.",
        "carburant": "Essence",
        "annee": "2022"
    },
    {
        "marque": "Opel",
        "modele": "Grandland X",
        "prix": "15999",
        "kilometrage": "98573",
        "boite_vitesse": "Auto.",
        "carburant": "Diesel",
        "annee": "2021"
    },
    {
        "marque": "Ford",
        "modele": "Focus",
        "prix": "15999",
        "kilometrage": "110379",
        "boite_vitesse": "Auto.",
        "carburant": "Diesel",
        "annee": "2020"
    },
    {
        "marque": "Ford",
        "modele": "Kuga",
        "prix": "15999",
        "kilometrage": "95779",
        "boite_vitesse": "Manuelle",
        "carburant": "Essence",
        "annee": "2018"
    },
    {
        "marque": "Peugeot",
        "modele": "508 SW",
        "prix": "15999",
        "kilometrage": "115285",
        "boite_vitesse": "Auto.",
        "carburant": "Diesel",
        "annee": "2021"
    },
    {
        "marque": "Ford",
        "modele": "Kuga",
        "prix": "15999",
        "kilometrage": "109125",
        "boite_vitesse": "Manuelle",
        "carburant": "Éthanol E85",
        "annee": "2019"
    },
    {
        "marque": "Seat",
        "modele": "Leon",
        "prix": "15999",
        "kilometrage": "76644",
        "boite_vitesse": "Manuelle",
        "carburant": "Essence",
        "annee": "2021"
    },
    {
        "marque": "Jeep",
        "modele": "Renegade",
        "prix": "15999",
        "kilometrage": "76488",
        "boite_vitesse": "Auto.",
        "carburant": "Essence",
        "annee": "2017"
    },
    {
        "marque": "Volkswagen",
        "modele": "Passat SW",
        "prix": "15999",
        "kilometrage": "111142",
        "boite_vitesse": "Manuelle",
        "carburant": "Diesel",
        "annee": "2015"
    },
    {
        "marque": "Seat",
        "modele": "Ateca",
        "prix": "15999",
        "kilometrage": "106912",
        "boite_vitesse": "Auto.",
        "carburant": "Diesel",
        "annee": "2018"
    },
    {
        "marque": "Renault",
        "modele": "Talisman",
        "prix": "15999",
        "kilometrage": "95837",
        "boite_vitesse": "Auto.",
        "carburant": "Diesel",
        "annee": "2020"
    },
    {
        "marque": "Renault",
        "modele": "Talisman Estate",
        "prix": "15999",
        "kilometrage": "125949",
        "boite_vitesse": "Auto.",
        "carburant": "Diesel",
        "annee": "2017"
    },
    {
        "marque": "Skoda",
        "modele": "Octavia",
        "prix": "15999",
        "kilometrage": "84980",
        "boite_vitesse": "Auto.",
        "carburant": "Essence",
        "annee": "2017"
    },
    {
        "marque": "Mazda",
        "modele": "CX-3",
        "prix": "15999",
        "kilometrage": "71510",
        "boite_vitesse": "Manuelle",
        "carburant": "Essence",
        "annee": "2018"
    },
    {
        "marque": "Peugeot",
        "modele": "208",
        "prix": "15999",
        "kilometrage": "11744",
        "boite_vitesse": "Manuelle",
        "carburant": "Essence",
        "annee": "2024"
    },
    {
        "marque": "Renault",
        "modele": "Mégane 4 Estate",
        "prix": "15999",
        "kilometrage": "65684",
        "boite_vitesse": "Manuelle",
        "carburant": "Diesel",
        "annee": "2020"
    },
    {
        "marque": "Peugeot",
        "modele": "3008",
        "prix": "16099",
        "kilometrage": "125174",
        "boite_vitesse": "Manuelle",
        "carburant": "Diesel",
        "annee": "2019"
    },
    {
        "marque": "Fiat",
        "modele": "500",
        "prix": "16099",
        "kilometrage": "13328",
        "boite_vitesse": "Manuelle",
        "carburant": "Micro-hybride essence",
        "annee": "2022"
    },
    {
        "marque": "Ford",
        "modele": "Focus",
        "prix": "16099",
        "kilometrage": "98903",
        "boite_vitesse": "Auto.",
        "carburant": "Diesel",
        "annee": "2019"
    },
    {
        "marque": "Ford",
        "modele": "Focus",
        "prix": "16099",
        "kilometrage": "64221",
        "boite_vitesse": "Manuelle",
        "carburant": "Diesel",
        "annee": "2018"
    },
    {
        "marque": "Renault",
        "modele": "Clio",
        "prix": "16099",
        "kilometrage": "25630",
        "boite_vitesse": "Manuelle",
        "carburant": "GPL",
        "annee": "2022"
    },
    {
        "marque": "Renault",
        "modele": "Clio",
        "prix": "16099",
        "kilometrage": "25731",
        "boite_vitesse": "Manuelle",
        "carburant": "Essence",
        "annee": "2023"
    }
]