[
    {
        "marque": "Citroën",
        "modele": "C5 X",
        "prix": "20999",
        "kilometrage": "31457",
        "boite_vitesse": "Auto.",
        "carburant": "Essence",
        "annee": "2023"
    },
    {
        "marque": "DS",
        "modele": "DS7 CROSSBACK",
        "prix": "20999",
        "kilometrage": "115406",
        "boite_vitesse": "Auto.",
        "carburant": "Diesel",
        "annee": "2020"
    },
    {
        "marque": "Seat",
        "modele": "Leon",
        "prix": "20999",
        "kilometrage": "46512",
        "boite_vitesse": "Auto.",
        "carburant": "Hybride essence rechargeable",
        "annee": "2020"
    },
    {
        "marque": "Citroën",
        "modele": "Berlingo",
        "prix": "20999",
        "kilometrage": "57470",
        "boite_vitesse": "Manuelle",
        "carburant": "Diesel",
        "annee": "2020"
    },
    {
        "marque": "Mercedes",
        "modele": "GLA",
        "prix": "20999",
        "kilometrage": "88164",
        "boite_vitesse": "Auto.",
        "carburant": "Diesel",
        "annee": "2016"
    },
    {
        "marque": "Ford",
        "modele": "Focus",
        "prix": "20999",
        "kilometrage": "22905",
        "boite_vitesse": "Manuelle",
        "carburant": "Hybride essence",
        "annee": "2022"
    },
    {
        "marque": "Skoda",
        "modele": "Kamiq",
        "prix": "20999",
        "kilometrage": "17344",
        "boite_vitesse": "Manuelle",
        "carburant": "Essence",
        "annee": "2023"
    },
    {
        "marque": "Peugeot",
        "modele": "RIFTER",
        "prix": "20999",
        "kilometrage": "88880",
        "boite_vitesse": "Manuelle",
        "carburant": "Diesel",
        "annee": "2019"
    },
    {
        "marque": "Skoda",
        "modele": "Kamiq",
        "prix": "20999",
        "kilometrage": "35213",
        "boite_vitesse": "Manuelle",
        "carburant": "Essence",
        "annee": "2023"
    },
    {
        "marque": "Renault",
        "modele": "Espace 5",
        "prix": "20999",
        "kilometrage": "122819",
        "boite_vitesse": "Auto.",
        "carburant": "Diesel",
        "annee": "2020"
    },
    {
        "marque": "Volkswagen",
        "modele": "Sharan",
        "prix": "20999",
        "kilometrage": "113681",
        "boite_vitesse": "Manuelle",
        "carburant": "Diesel",
        "annee": "2018"
    },
    {
        "marque": "BMW",
        "modele": "Série 2 Gran Tourer",
        "prix": "20999",
        "kilometrage": "82673",
        "boite_vitesse": "Manuelle",
        "carburant": "Essence",
        "annee": "2021"
    },
    {
        "marque": "Citroën",
        "modele": "C5 Aircross",
        "prix": "20999",
        "kilometrage": "19185",
        "boite_vitesse": "Manuelle",
        "carburant": "Essence",
        "annee": "2023"
    },
    {
        "marque": "Citroën",
        "modele": "C5 Aircross",
        "prix": "20999",
        "kilometrage": "45200",
        "boite_vitesse": "Auto.",
        "carburant": "Essence",
        "annee": "2022"
    },
    {
        "marque": "Toyota",
        "modele": "C-HR",
        "prix": "20999",
        "kilometrage": "62585",
        "boite_vitesse": "Auto.",
        "carburant": "Hybride essence",
        "annee": "2020"
    },
    {
        "marque": "BMW",
        "modele": "Série 1",
        "prix": "20999",
        "kilometrage": "76005",
        "boite_vitesse": "Auto.",
        "carburant": "Diesel",
        "annee": "2017"
    },
    {
        "marque": "Mercedes",
        "modele": "GLA",
        "prix": "21099",
        "kilometrage": "76402",
        "boite_vitesse": "Manuelle",
        "carburant": "Diesel",
        "annee": "2018"
    },
    {
        "marque": "Citroën",
        "modele": "C5 Aircross",
        "prix": "21099",
        "kilometrage": "51487",
        "boite_vitesse": "Auto.",
        "carburant": "Hybride essence rechargeable",
        "annee": "2021"
    },
    {
        "marque": "Renault",
        "modele": "Captur",
        "prix": "26600",
        "kilometrage": "10",
        "boite_vitesse": "Manuelle",
        "carburant": "GPL",
        "annee": "2024"
    },
    {
        "marque": "Renault",
        "modele": "Captur",
        "prix": "26600",
        "kilometrage": "10",
        "boite_vitesse": "Manuelle",
        "carburant": "GPL",
        "annee": "2024"
    },
    {
        "marque": "Dacia",
        "modele": "Sandero",
        "prix": "",
        "kilometrage": "9",
        "boite_vitesse": "Auto.",
        "carburant": "Essence",
        "annee": "2024"
    },
    {
        "marque": "Skoda",
        "modele": "Fabia",
        "prix": "21199",
        "kilometrage": "26220",
        "boite_vitesse": "Auto.",
        "carburant": "Essence",
        "annee": "2023"
    },
    {
        "marque": "Skoda",
        "modele": "Fabia",
        "prix": "21199",
        "kilometrage": "34083",
        "boite_vitesse": "Auto.",
        "carburant": "Essence",
        "annee": "2023"
    }
]