[
    {
        "marque": "Hyundai",
        "modele": "i20",
        "prix": "21600",
        "kilometrage": "36",
        "boite_vitesse": "Manuelle",
        "carburant": "Essence",
        "annee": "2024"
    },
    {
        "marque": "Peugeot",
        "modele": "5008",
        "prix": "19099",
        "kilometrage": "49180",
        "boite_vitesse": "Manuelle",
        "carburant": "Essence",
        "annee": "2018"
    },
    {
        "marque": "Citroën",
        "modele": "C5 Aircross",
        "prix": "19099",
        "kilometrage": "78925",
        "boite_vitesse": "Auto.",
        "carburant": "Diesel",
        "annee": "2020"
    },
    {
        "marque": "BMW",
        "modele": "Série 2 Active Tourer",
        "prix": "19099",
        "kilometrage": "60949",
        "boite_vitesse": "Auto.",
        "carburant": "Hybride essence rechargeable",
        "annee": "2017"
    },
    {
        "marque": "Audi",
        "modele": "A3",
        "prix": "19099",
        "kilometrage": "87327",
        "boite_vitesse": "Manuelle",
        "carburant": "Essence",
        "annee": "2018"
    },
    {
        "marque": "Peugeot",
        "modele": "5008",
        "prix": "19199",
        "kilometrage": "106695",
        "boite_vitesse": "Manuelle",
        "carburant": "Diesel",
        "annee": "2018"
    },
    {
        "marque": "Ford",
        "modele": "Fiesta",
        "prix": "19199",
        "kilometrage": "51458",
        "boite_vitesse": "Auto.",
        "carburant": "Micro-hybride essence",
        "annee": "2022"
    },
    {
        "marque": "Peugeot",
        "modele": "508 SW",
        "prix": "19199",
        "kilometrage": "73726",
        "boite_vitesse": "Manuelle",
        "carburant": "Diesel",
        "annee": "2019"
    },
    {
        "marque": "Renault",
        "modele": "Clio",
        "prix": "19199",
        "kilometrage": "8400",
        "boite_vitesse": "Manuelle",
        "carburant": "Essence",
        "annee": "2023"
    },
    {
        "marque": "Peugeot",
        "modele": "2008",
        "prix": "19299",
        "kilometrage": "22033",
        "boite_vitesse": "Manuelle",
        "carburant": "Essence",
        "annee": "2024"
    },
    {
        "marque": "Peugeot",
        "modele": "208",
        "prix": "24600",
        "kilometrage": "10",
        "boite_vitesse": "Manuelle",
        "carburant": "Essence",
        "annee": "2024"
    },
    {
        "marque": "Peugeot",
        "modele": "208",
        "prix": "24800",
        "kilometrage": "10",
        "boite_vitesse": "Manuelle",
        "carburant": "Essence",
        "annee": "2024"
    },
    {
        "marque": "Renault",
        "modele": "Clio 5",
        "prix": "22550",
        "kilometrage": "10",
        "boite_vitesse": "Manuelle",
        "carburant": "GPL",
        "annee": "2024"
    },
    {
        "marque": "Peugeot",
        "modele": "208",
        "prix": "19299",
        "kilometrage": "8211",
        "boite_vitesse": "Manuelle",
        "carburant": "Essence",
        "annee": "2023"
    },
    {
        "marque": "Renault",
        "modele": "Clio 5",
        "prix": "19299",
        "kilometrage": "5901",
        "boite_vitesse": "Manuelle",
        "carburant": "Essence",
        "annee": "2024"
    },
    {
        "marque": "Toyota",
        "modele": "C-HR",
        "prix": "19299",
        "kilometrage": "77361",
        "boite_vitesse": "Auto.",
        "carburant": "Hybride essence",
        "annee": "2021"
    },
    {
        "marque": "Citroën",
        "modele": "C4 X",
        "prix": "19299",
        "kilometrage": "19908",
        "boite_vitesse": "Auto.",
        "carburant": "Essence",
        "annee": "2023"
    },
    {
        "marque": "Ford",
        "modele": "Focus",
        "prix": "19299",
        "kilometrage": "50163",
        "boite_vitesse": "Manuelle",
        "carburant": "Micro-hybride essence",
        "annee": "2022"
    },
    {
        "marque": "Jeep",
        "modele": "Renegade",
        "prix": "19299",
        "kilometrage": "26090",
        "boite_vitesse": "Manuelle",
        "carburant": "Essence",
        "annee": "2022"
    },
    {
        "marque": "Volkswagen",
        "modele": "Golf SW",
        "prix": "19299",
        "kilometrage": "61960",
        "boite_vitesse": "Auto.",
        "carburant": "Essence",
        "annee": "2018"
    },
    {
        "marque": "Skoda",
        "modele": "Scala",
        "prix": "19299",
        "kilometrage": "22386",
        "boite_vitesse": "Auto.",
        "carburant": "Essence",
        "annee": "2021"
    },
    {
        "marque": "Peugeot",
        "modele": "208",
        "prix": "24800",
        "kilometrage": "10",
        "boite_vitesse": "Manuelle",
        "carburant": "Essence",
        "annee": "2024"
    },
    {
        "marque": "Citroën",
        "modele": "C4",
        "prix": "19399",
        "kilometrage": "12092",
        "boite_vitesse": "Manuelle",
        "carburant": "Essence",
        "annee": "2024"
    }
]