[
    {
        "marque": "Peugeot",
        "modele": "2008",
        "prix": "15499",
        "kilometrage": "35410",
        "boite_vitesse": "Manuelle",
        "carburant": "Essence",
        "annee": "2020"
    },
    {
        "marque": "Peugeot",
        "modele": "208",
        "prix": "15499",
        "kilometrage": "34983",
        "boite_vitesse": "Manuelle",
        "carburant": "Essence",
        "annee": "2021"
    },
    {
        "marque": "Peugeot",
        "modele": "3008",
        "prix": "15499",
        "kilometrage": "50091",
        "boite_vitesse": "Manuelle",
        "carburant": "Essence",
        "annee": "2018"
    },
    {
        "marque": "Renault",
        "modele": "Captur",
        "prix": "15499",
        "kilometrage": "97187",
        "boite_vitesse": "Manuelle",
        "carburant": "Diesel",
        "annee": "2021"
    },
    {
        "marque": "Fiat",
        "modele": "500",
        "prix": "20100",
        "kilometrage": "10",
        "boite_vitesse": "Manuelle",
        "carburant": "Micro-hybride essence",
        "annee": "2024"
    },
    {
        "marque": "Renault",
        "modele": "Clio 5",
        "prix": "15499",
        "kilometrage": "30015",
        "boite_vitesse": "Manuelle",
        "carburant": "Essence",
        "annee": "2021"
    },
    {
        "marque": "Dacia",
        "modele": "Duster",
        "prix": "15499",
        "kilometrage": "103094",
        "boite_vitesse": "Manuelle",
        "carburant": "Diesel",
        "annee": "2021"
    },
    {
        "marque": "Citroën",
        "modele": "C3",
        "prix": "15499",
        "kilometrage": "32609",
        "boite_vitesse": "Auto.",
        "carburant": "Essence",
        "annee": "2022"
    },
    {
        "marque": "Citroën",
        "modele": "C5 Aircross",
        "prix": "15499",
        "kilometrage": "78720",
        "boite_vitesse": "Manuelle",
        "carburant": "Essence",
        "annee": "2019"
    },
    {
        "marque": "Citroën",
        "modele": "C5 Aircross",
        "prix": "15499",
        "kilometrage": "82210",
        "boite_vitesse": "Manuelle",
        "carburant": "Essence",
        "annee": "2020"
    },
    {
        "marque": "Kia",
        "modele": "Stonic",
        "prix": "15499",
        "kilometrage": "57944",
        "boite_vitesse": "Auto.",
        "carburant": "Micro-hybride essence",
        "annee": "2021"
    },
    {
        "marque": "Fiat",
        "modele": "500",
        "prix": "15499",
        "kilometrage": "28815",
        "boite_vitesse": "Auto.",
        "carburant": "Électrique",
        "annee": "2021"
    },
    {
        "marque": "DS",
        "modele": "DS3 CROSSBACK",
        "prix": "15499",
        "kilometrage": "90833",
        "boite_vitesse": "Auto.",
        "carburant": "Électrique",
        "annee": "2020"
    },
    {
        "marque": "Renault",
        "modele": "Kadjar",
        "prix": "15499",
        "kilometrage": "56430",
        "boite_vitesse": "Auto.",
        "carburant": "Essence",
        "annee": "2016"
    },
    {
        "marque": "Mercedes",
        "modele": "CITAN TOURER",
        "prix": "15499",
        "kilometrage": "65680",
        "boite_vitesse": "Manuelle",
        "carburant": "Diesel",
        "annee": "2018"
    },
    {
        "marque": "Citroën",
        "modele": "C4 Cactus",
        "prix": "15499",
        "kilometrage": "23396",
        "boite_vitesse": "Manuelle",
        "carburant": "Diesel",
        "annee": "2019"
    },
    {
        "marque": "Citroën",
        "modele": "Berlingo",
        "prix": "15499",
        "kilometrage": "106805",
        "boite_vitesse": "Manuelle",
        "carburant": "Essence",
        "annee": "2019"
    },
    {
        "marque": "Volkswagen",
        "modele": "Polo",
        "prix": "15499",
        "kilometrage": "59798",
        "boite_vitesse": "Manuelle",
        "carburant": "Essence",
        "annee": "2019"
    },
    {
        "marque": "Toyota",
        "modele": "Aygo X",
        "prix": "15499",
        "kilometrage": "7355",
        "boite_vitesse": "Manuelle",
        "carburant": "Essence",
        "annee": "2023"
    },
    {
        "marque": "Renault",
        "modele": "Grand Scénic 4",
        "prix": "15499",
        "kilometrage": "118506",
        "boite_vitesse": "Manuelle",
        "carburant": "Essence",
        "annee": "2019"
    },
    {
        "marque": "Opel",
        "modele": "Crossland",
        "prix": "15499",
        "kilometrage": "65475",
        "boite_vitesse": "Manuelle",
        "carburant": "Diesel",
        "annee": "2022"
    },
    {
        "marque": "Skoda",
        "modele": "Karoq",
        "prix": "15499",
        "kilometrage": "110235",
        "boite_vitesse": "Manuelle",
        "carburant": "Essence",
        "annee": "2018"
    },
    {
        "marque": "Opel",
        "modele": "Crossland",
        "prix": "15499",
        "kilometrage": "74900",
        "boite_vitesse": "Manuelle",
        "carburant": "Diesel",
        "annee": "2022"
    }
]