[
    {
        "marque": "Peugeot",
        "modele": "308 SW",
        "prix": "23999",
        "kilometrage": "5805",
        "boite_vitesse": "Auto.",
        "carburant": "Essence",
        "annee": "2024"
    },
    {
        "marque": "Suzuki",
        "modele": "S-CROSS",
        "prix": "23999",
        "kilometrage": "3657",
        "boite_vitesse": "Manuelle",
        "carburant": "Micro-hybride essence",
        "annee": "2023"
    },
    {
        "marque": "Mercedes",
        "modele": "Classe B",
        "prix": "23999",
        "kilometrage": "45745",
        "boite_vitesse": "Auto.",
        "carburant": "Diesel",
        "annee": "2020"
    },
    {
        "marque": "BMW",
        "modele": "Série 1",
        "prix": "23999",
        "kilometrage": "48243",
        "boite_vitesse": "Auto.",
        "carburant": "Essence",
        "annee": "2021"
    },
    {
        "marque": "DS",
        "modele": "DS7 CROSSBACK",
        "prix": "23999",
        "kilometrage": "65165",
        "boite_vitesse": "Auto.",
        "carburant": "Essence",
        "annee": "2020"
    },
    {
        "marque": "Audi",
        "modele": "A1 Sportback",
        "prix": "23999",
        "kilometrage": "23164",
        "boite_vitesse": "Auto.",
        "carburant": "Essence",
        "annee": "2022"
    },
    {
        "marque": "Citroën",
        "modele": "C5 X",
        "prix": "23999",
        "kilometrage": "3069",
        "boite_vitesse": "Auto.",
        "carburant": "Essence",
        "annee": "2023"
    },
    {
        "marque": "BMW",
        "modele": "Série 1",
        "prix": "23999",
        "kilometrage": "72257",
        "boite_vitesse": "Auto.",
        "carburant": "Essence",
        "annee": "2021"
    },
    {
        "marque": "Citroën",
        "modele": "GRAND C4 SPACETOURER",
        "prix": "23999",
        "kilometrage": "64844",
        "boite_vitesse": "Manuelle",
        "carburant": "Diesel",
        "annee": "2022"
    },
    {
        "marque": "Skoda",
        "modele": "ENYAQ",
        "prix": "23999",
        "kilometrage": "37887",
        "boite_vitesse": "Auto.",
        "carburant": "Électrique",
        "annee": "2022"
    },
    {
        "marque": "Skoda",
        "modele": "Kamiq",
        "prix": "23999",
        "kilometrage": "10902",
        "boite_vitesse": "Auto.",
        "carburant": "Essence",
        "annee": "2024"
    },
    {
        "marque": "Skoda",
        "modele": "Kamiq",
        "prix": "23999",
        "kilometrage": "11244",
        "boite_vitesse": "Auto.",
        "carburant": "Essence",
        "annee": "2024"
    },
    {
        "marque": "Lexus",
        "modele": "UX",
        "prix": "23999",
        "kilometrage": "38539",
        "boite_vitesse": "Auto.",
        "carburant": "Hybride essence",
        "annee": "2021"
    },
    {
        "marque": "Mercedes",
        "modele": "CLA Shooting Brake",
        "prix": "23999",
        "kilometrage": "101052",
        "boite_vitesse": "Auto.",
        "carburant": "Diesel",
        "annee": "2018"
    },
    {
        "marque": "Mitsubishi",
        "modele": "ECLIPSE CROSS",
        "prix": "23999",
        "kilometrage": "57923",
        "boite_vitesse": "Auto.",
        "carburant": "Hybride essence rechargeable",
        "annee": "2022"
    },
    {
        "marque": "Volvo",
        "modele": "XC60",
        "prix": "23999",
        "kilometrage": "113137",
        "boite_vitesse": "Auto.",
        "carburant": "Diesel",
        "annee": "2017"
    },
    {
        "marque": "Lexus",
        "modele": "UX",
        "prix": "23999",
        "kilometrage": "36347",
        "boite_vitesse": "Auto.",
        "carburant": "Hybride essence",
        "annee": "2021"
    },
    {
        "marque": "Mini",
        "modele": "Countryman",
        "prix": "23999",
        "kilometrage": "72892",
        "boite_vitesse": "Auto.",
        "carburant": "Hybride essence rechargeable",
        "annee": "2019"
    },
    {
        "marque": "Alfa",
        "modele": "Romeo Giulia",
        "prix": "23999",
        "kilometrage": "75457",
        "boite_vitesse": "Auto.",
        "carburant": "Essence",
        "annee": "2017"
    },
    {
        "marque": "BMW",
        "modele": "Série 2 coupé",
        "prix": "23999",
        "kilometrage": "39277",
        "boite_vitesse": "Auto.",
        "carburant": "Essence",
        "annee": "2019"
    },
    {
        "marque": "Peugeot",
        "modele": "2008",
        "prix": "23999",
        "kilometrage": "5630",
        "boite_vitesse": "Auto.",
        "carburant": "Diesel",
        "annee": "2023"
    },
    {
        "marque": "Dacia",
        "modele": "Duster",
        "prix": "23999",
        "kilometrage": "14114",
        "boite_vitesse": "Auto.",
        "carburant": "Essence",
        "annee": "2023"
    },
    {
        "marque": "Citroën",
        "modele": "C5 Aircross",
        "prix": "23999",
        "kilometrage": "1093",
        "boite_vitesse": "Manuelle",
        "carburant": "Essence",
        "annee": "2023"
    }
]