[
    {
        "marque": "Renault",
        "modele": "Espace 5",
        "prix": "19999",
        "kilometrage": "105509",
        "boite_vitesse": "Auto.",
        "carburant": "Diesel",
        "annee": "2018"
    },
    {
        "marque": "Audi",
        "modele": "A4 Avant",
        "prix": "19999",
        "kilometrage": "141050",
        "boite_vitesse": "Auto.",
        "carburant": "Micro-hybride diesel",
        "annee": "2021"
    },
    {
        "marque": "Peugeot",
        "modele": "RIFTER",
        "prix": "19999",
        "kilometrage": "67845",
        "boite_vitesse": "Manuelle",
        "carburant": "Diesel",
        "annee": "2019"
    },
    {
        "marque": "Seat",
        "modele": "Leon",
        "prix": "19999",
        "kilometrage": "60518",
        "boite_vitesse": "Manuelle",
        "carburant": "Diesel",
        "annee": "2022"
    },
    {
        "marque": "Fiat",
        "modele": "Tipo",
        "prix": "19999",
        "kilometrage": "12853",
        "boite_vitesse": "Auto.",
        "carburant": "Micro-hybride essence",
        "annee": "2023"
    },
    {
        "marque": "Lexus",
        "modele": "UX",
        "prix": "19999",
        "kilometrage": "40807",
        "boite_vitesse": "Auto.",
        "carburant": "Électrique",
        "annee": "2022"
    },
    {
        "marque": "Jaguar",
        "modele": "E-Pace",
        "prix": "19999",
        "kilometrage": "91754",
        "boite_vitesse": "Manuelle",
        "carburant": "Diesel",
        "annee": "2019"
    },
    {
        "marque": "Seat",
        "modele": "Ateca",
        "prix": "19999",
        "kilometrage": "98100",
        "boite_vitesse": "Auto.",
        "carburant": "Diesel",
        "annee": "2020"
    },
    {
        "marque": "Mini",
        "modele": "Clubman",
        "prix": "19999",
        "kilometrage": "20720",
        "boite_vitesse": "Auto.",
        "carburant": "Essence",
        "annee": "2018"
    },
    {
        "marque": "Opel",
        "modele": "INSIGNIA GRAND SPORT",
        "prix": "19999",
        "kilometrage": "29115",
        "boite_vitesse": "Auto.",
        "carburant": "Diesel",
        "annee": "2021"
    },
    {
        "marque": "Ford",
        "modele": "S-Max",
        "prix": "19999",
        "kilometrage": "80929",
        "boite_vitesse": "Auto.",
        "carburant": "Diesel",
        "annee": "2020"
    },
    {
        "marque": "Mini",
        "modele": "Countryman",
        "prix": "19999",
        "kilometrage": "100849",
        "boite_vitesse": "Auto.",
        "carburant": "Diesel",
        "annee": "2018"
    },
    {
        "marque": "Peugeot",
        "modele": "2008",
        "prix": "19999",
        "kilometrage": "16634",
        "boite_vitesse": "Manuelle",
        "carburant": "Essence",
        "annee": "2023"
    },
    {
        "marque": "Peugeot",
        "modele": "2008",
        "prix": "19999",
        "kilometrage": "35040",
        "boite_vitesse": "Auto.",
        "carburant": "Électrique",
        "annee": "2021"
    },
    {
        "marque": "Peugeot",
        "modele": "2008",
        "prix": "19999",
        "kilometrage": "28396",
        "boite_vitesse": "Manuelle",
        "carburant": "Diesel",
        "annee": "2021"
    },
    {
        "marque": "Peugeot",
        "modele": "3008",
        "prix": "19999",
        "kilometrage": "82690",
        "boite_vitesse": "Auto.",
        "carburant": "Diesel",
        "annee": "2019"
    },
    {
        "marque": "Nissan",
        "modele": "Qashqai",
        "prix": "19999",
        "kilometrage": "42039",
        "boite_vitesse": "Manuelle",
        "carburant": "Micro-hybride essence",
        "annee": "2022"
    },
    {
        "marque": "Toyota",
        "modele": "C-HR",
        "prix": "19999",
        "kilometrage": "50692",
        "boite_vitesse": "Auto.",
        "carburant": "Hybride essence",
        "annee": "2021"
    },
    {
        "marque": "Ford",
        "modele": "PUMA",
        "prix": "19999",
        "kilometrage": "21495",
        "boite_vitesse": "Auto.",
        "carburant": "Micro-hybride essence",
        "annee": "2021"
    },
    {
        "marque": "Audi",
        "modele": "A3 Sportback",
        "prix": "19999",
        "kilometrage": "80510",
        "boite_vitesse": "Auto.",
        "carburant": "Diesel",
        "annee": "2020"
    },
    {
        "marque": "Peugeot",
        "modele": "508",
        "prix": "19999",
        "kilometrage": "36353",
        "boite_vitesse": "Auto.",
        "carburant": "Essence",
        "annee": "2019"
    },
    {
        "marque": "Kia",
        "modele": "Niro",
        "prix": "19999",
        "kilometrage": "37957",
        "boite_vitesse": "Auto.",
        "carburant": "Électrique",
        "annee": "2021"
    },
    {
        "marque": "Peugeot",
        "modele": "3008",
        "prix": "20099",
        "kilometrage": "110157",
        "boite_vitesse": "Manuelle",
        "carburant": "Diesel",
        "annee": "2021"
    }
]