[
    {
        "marque": "Opel",
        "modele": "Corsa",
        "prix": "15199",
        "kilometrage": "15876",
        "boite_vitesse": "Manuelle",
        "carburant": "Essence",
        "annee": "2023"
    },
    {
        "marque": "Citroën",
        "modele": "GRAND C4 SPACETOURER",
        "prix": "15199",
        "kilometrage": "97575",
        "boite_vitesse": "Auto.",
        "carburant": "Essence",
        "annee": "2019"
    },
    {
        "marque": "Renault",
        "modele": "Clio 5",
        "prix": "15199",
        "kilometrage": "40172",
        "boite_vitesse": "Manuelle",
        "carburant": "Essence",
        "annee": "2021"
    },
    {
        "marque": "Renault",
        "modele": "Mégane 4",
        "prix": "15199",
        "kilometrage": "130217",
        "boite_vitesse": "Auto.",
        "carburant": "Diesel",
        "annee": "2018"
    },
    {
        "marque": "Peugeot",
        "modele": "2008",
        "prix": "15299",
        "kilometrage": "112965",
        "boite_vitesse": "Manuelle",
        "carburant": "Diesel",
        "annee": "2020"
    },
    {
        "marque": "Peugeot",
        "modele": "2008",
        "prix": "15299",
        "kilometrage": "51966",
        "boite_vitesse": "Manuelle",
        "carburant": "Essence",
        "annee": "2021"
    },
    {
        "marque": "Renault",
        "modele": "Captur",
        "prix": "15299",
        "kilometrage": "63590",
        "boite_vitesse": "Auto.",
        "carburant": "Essence",
        "annee": "2019"
    },
    {
        "marque": "Renault",
        "modele": "Clio 5",
        "prix": "15299",
        "kilometrage": "16517",
        "boite_vitesse": "Manuelle",
        "carburant": "Essence",
        "annee": "2021"
    },
    {
        "marque": "Citroën",
        "modele": "C3",
        "prix": "15299",
        "kilometrage": "11431",
        "boite_vitesse": "Manuelle",
        "carburant": "Essence",
        "annee": "2024"
    },
    {
        "marque": "Renault",
        "modele": "Captur",
        "prix": "15299",
        "kilometrage": "57618",
        "boite_vitesse": "Manuelle",
        "carburant": "GPL",
        "annee": "2020"
    },
    {
        "marque": "Citroën",
        "modele": "C3 Aircross",
        "prix": "15299",
        "kilometrage": "51741",
        "boite_vitesse": "Manuelle",
        "carburant": "Diesel",
        "annee": "2019"
    },
    {
        "marque": "Citroën",
        "modele": "C3 Aircross",
        "prix": "15299",
        "kilometrage": "66260",
        "boite_vitesse": "Manuelle",
        "carburant": "Diesel",
        "annee": "2021"
    },
    {
        "marque": "Nissan",
        "modele": "Juke",
        "prix": "15299",
        "kilometrage": "70724",
        "boite_vitesse": "Manuelle",
        "carburant": "Essence",
        "annee": "2022"
    },
    {
        "marque": "Fiat",
        "modele": "Tipo Cross",
        "prix": "15299",
        "kilometrage": "32160",
        "boite_vitesse": "Manuelle",
        "carburant": "Essence",
        "annee": "2021"
    },
    {
        "marque": "Hyundai",
        "modele": "i30",
        "prix": "15299",
        "kilometrage": "73342",
        "boite_vitesse": "Manuelle",
        "carburant": "Micro-hybride essence",
        "annee": "2020"
    },
    {
        "marque": "DS",
        "modele": "DS5",
        "prix": "15299",
        "kilometrage": "79495",
        "boite_vitesse": "Auto.",
        "carburant": "Diesel",
        "annee": "2016"
    },
    {
        "marque": "Fiat",
        "modele": "500",
        "prix": "19950",
        "kilometrage": "1",
        "boite_vitesse": "Manuelle",
        "carburant": "Micro-hybride essence",
        "annee": "2024"
    },
    {
        "marque": "Citroën",
        "modele": "Berlingo",
        "prix": "15399",
        "kilometrage": "40325",
        "boite_vitesse": "Manuelle",
        "carburant": "Diesel",
        "annee": "2019"
    },
    {
        "marque": "Toyota",
        "modele": "Aygo X",
        "prix": "15399",
        "kilometrage": "12235",
        "boite_vitesse": "Manuelle",
        "carburant": "Essence",
        "annee": "2023"
    },
    {
        "marque": "Citroën",
        "modele": "C3",
        "prix": "15399",
        "kilometrage": "10333",
        "boite_vitesse": "Manuelle",
        "carburant": "Essence",
        "annee": "2024"
    },
    {
        "marque": "Citroën",
        "modele": "C3",
        "prix": "15399",
        "kilometrage": "18109",
        "boite_vitesse": "Manuelle",
        "carburant": "Essence",
        "annee": "2024"
    },
    {
        "marque": "Citroën",
        "modele": "C3",
        "prix": "15399",
        "kilometrage": "19244",
        "boite_vitesse": "Manuelle",
        "carburant": "Essence",
        "annee": "2023"
    },
    {
        "marque": "Citroën",
        "modele": "C3",
        "prix": "15399",
        "kilometrage": "16608",
        "boite_vitesse": "Manuelle",
        "carburant": "Essence",
        "annee": "2024"
    }
]