[
    {
        "marque": "Nissan",
        "modele": "Qashqai",
        "prix": "12799",
        "kilometrage": "98864",
        "boite_vitesse": "Manuelle",
        "carburant": "Essence",
        "annee": "2017"
    },
    {
        "marque": "Citroën",
        "modele": "C3",
        "prix": "12799",
        "kilometrage": "40821",
        "boite_vitesse": "Manuelle",
        "carburant": "Essence",
        "annee": "2021"
    },
    {
        "marque": "Citroën",
        "modele": "C3 Aircross",
        "prix": "12799",
        "kilometrage": "62575",
        "boite_vitesse": "Manuelle",
        "carburant": "Essence",
        "annee": "2021"
    },
    {
        "marque": "Renault",
        "modele": "Clio 4",
        "prix": "12799",
        "kilometrage": "37380",
        "boite_vitesse": "Manuelle",
        "carburant": "Essence",
        "annee": "2018"
    },
    {
        "marque": "Citroën",
        "modele": "C4 Cactus",
        "prix": "12799",
        "kilometrage": "36335",
        "boite_vitesse": "Manuelle",
        "carburant": "Essence",
        "annee": "2020"
    },
    {
        "marque": "Citroën",
        "modele": "Berlingo",
        "prix": "12799",
        "kilometrage": "105974",
        "boite_vitesse": "Manuelle",
        "carburant": "Essence",
        "annee": "2017"
    },
    {
        "marque": "Dacia",
        "modele": "SPRING",
        "prix": "12799",
        "kilometrage": "16655",
        "boite_vitesse": "Auto.",
        "carburant": "Électrique",
        "annee": "2023"
    },
    {
        "marque": "Citroën",
        "modele": "C4 SPACETOURER",
        "prix": "12799",
        "kilometrage": "59791",
        "boite_vitesse": "Manuelle",
        "carburant": "Essence",
        "annee": "2018"
    },
    {
        "marque": "Citroën",
        "modele": "C4 SPACETOURER",
        "prix": "12799",
        "kilometrage": "76926",
        "boite_vitesse": "Manuelle",
        "carburant": "Essence",
        "annee": "2019"
    },
    {
        "marque": "Renault",
        "modele": "Mégane 4 Estate",
        "prix": "12799",
        "kilometrage": "114626",
        "boite_vitesse": "Auto.",
        "carburant": "Essence",
        "annee": "2019"
    },
    {
        "marque": "Peugeot",
        "modele": "3008",
        "prix": "12799",
        "kilometrage": "89745",
        "boite_vitesse": "Manuelle",
        "carburant": "Essence",
        "annee": "2018"
    },
    {
        "marque": "Peugeot",
        "modele": "308",
        "prix": "12799",
        "kilometrage": "50850",
        "boite_vitesse": "Manuelle",
        "carburant": "Essence",
        "annee": "2019"
    },
    {
        "marque": "Citroën",
        "modele": "C4 Cactus",
        "prix": "12799",
        "kilometrage": "9630",
        "boite_vitesse": "Manuelle",
        "carburant": "Essence",
        "annee": "2019"
    },
    {
        "marque": "Fiat",
        "modele": "500",
        "prix": "12899",
        "kilometrage": "71424",
        "boite_vitesse": "Auto.",
        "carburant": "Essence",
        "annee": "2021"
    },
    {
        "marque": "Fiat",
        "modele": "500",
        "prix": "12899",
        "kilometrage": "27307",
        "boite_vitesse": "Manuelle",
        "carburant": "Micro-hybride essence",
        "annee": "2022"
    },
    {
        "marque": "Peugeot",
        "modele": "2008",
        "prix": "12999",
        "kilometrage": "84001",
        "boite_vitesse": "Manuelle",
        "carburant": "Essence",
        "annee": "2020"
    },
    {
        "marque": "Peugeot",
        "modele": "2008",
        "prix": "12999",
        "kilometrage": "33220",
        "boite_vitesse": "Auto.",
        "carburant": "Essence",
        "annee": "2018"
    },
    {
        "marque": "Peugeot",
        "modele": "208",
        "prix": "12999",
        "kilometrage": "54232",
        "boite_vitesse": "Manuelle",
        "carburant": "Diesel",
        "annee": "2018"
    },
    {
        "marque": "Peugeot",
        "modele": "208",
        "prix": "12999",
        "kilometrage": "5160",
        "boite_vitesse": "Manuelle",
        "carburant": "Essence",
        "annee": "2021"
    },
    {
        "marque": "Nissan",
        "modele": "Qashqai",
        "prix": "12999",
        "kilometrage": "76555",
        "boite_vitesse": "Auto.",
        "carburant": "Essence",
        "annee": "2015"
    },
    {
        "marque": "Peugeot",
        "modele": "2008",
        "prix": "12999",
        "kilometrage": "73573",
        "boite_vitesse": "Manuelle",
        "carburant": "Diesel",
        "annee": "2019"
    },
    {
        "marque": "Peugeot",
        "modele": "2008",
        "prix": "12999",
        "kilometrage": "64665",
        "boite_vitesse": "Manuelle",
        "carburant": "Diesel",
        "annee": "2017"
    },
    {
        "marque": "Peugeot",
        "modele": "3008",
        "prix": "12999",
        "kilometrage": "71140",
        "boite_vitesse": "Manuelle",
        "carburant": "Essence",
        "annee": "2018"
    }
]