[
    {
        "marque": "Renault",
        "modele": "Scénic 4",
        "prix": "16799",
        "kilometrage": "61471",
        "boite_vitesse": "Auto.",
        "carburant": "Diesel",
        "annee": "2017"
    },
    {
        "marque": "Honda",
        "modele": "HR-V",
        "prix": "16799",
        "kilometrage": "64085",
        "boite_vitesse": "Auto.",
        "carburant": "Essence",
        "annee": "2016"
    },
    {
        "marque": "Nissan",
        "modele": "Leaf",
        "prix": "16799",
        "kilometrage": "13140",
        "boite_vitesse": "Auto.",
        "carburant": "Électrique",
        "annee": "2019"
    },
    {
        "marque": "Kia",
        "modele": "Niro",
        "prix": "16799",
        "kilometrage": "68177",
        "boite_vitesse": "Auto.",
        "carburant": "Hybride essence",
        "annee": "2018"
    },
    {
        "marque": "Peugeot",
        "modele": "RIFTER",
        "prix": "16894",
        "kilometrage": "94145",
        "boite_vitesse": "Manuelle",
        "carburant": "Essence",
        "annee": "2019"
    },
    {
        "marque": "Renault",
        "modele": "Clio 5",
        "prix": "21100",
        "kilometrage": "0",
        "boite_vitesse": "Manuelle",
        "carburant": "Essence",
        "annee": "2024"
    },
    {
        "marque": "Citroën",
        "modele": "C4",
        "prix": "16899",
        "kilometrage": "36823",
        "boite_vitesse": "Auto.",
        "carburant": "Essence",
        "annee": "2021"
    },
    {
        "marque": "Volkswagen",
        "modele": "T-Cross",
        "prix": "16899",
        "kilometrage": "41777",
        "boite_vitesse": "Manuelle",
        "carburant": "Essence",
        "annee": "2020"
    },
    {
        "marque": "Opel",
        "modele": "Crossland",
        "prix": "16899",
        "kilometrage": "44555",
        "boite_vitesse": "Auto.",
        "carburant": "Essence",
        "annee": "2021"
    },
    {
        "marque": "Peugeot",
        "modele": "508",
        "prix": "16899",
        "kilometrage": "99958",
        "boite_vitesse": "Manuelle",
        "carburant": "Diesel",
        "annee": "2021"
    },
    {
        "marque": "Renault",
        "modele": "Mégane",
        "prix": "16899",
        "kilometrage": "43211",
        "boite_vitesse": "Auto.",
        "carburant": "Essence",
        "annee": "2021"
    },
    {
        "marque": "Peugeot",
        "modele": "208",
        "prix": "16999",
        "kilometrage": "50415",
        "boite_vitesse": "Auto.",
        "carburant": "Essence",
        "annee": "2022"
    },
    {
        "marque": "Renault",
        "modele": "Clio 5",
        "prix": "20900",
        "kilometrage": "0",
        "boite_vitesse": "Manuelle",
        "carburant": "Essence",
        "annee": "2024"
    },
    {
        "marque": "Peugeot",
        "modele": "2008",
        "prix": "16999",
        "kilometrage": "29664",
        "boite_vitesse": "Manuelle",
        "carburant": "Essence",
        "annee": "2020"
    },
    {
        "marque": "Peugeot",
        "modele": "208",
        "prix": "16999",
        "kilometrage": "18130",
        "boite_vitesse": "Auto.",
        "carburant": "Essence",
        "annee": "2022"
    },
    {
        "marque": "Peugeot",
        "modele": "208",
        "prix": "16999",
        "kilometrage": "9263",
        "boite_vitesse": "Manuelle",
        "carburant": "Essence",
        "annee": "2024"
    },
    {
        "marque": "Peugeot",
        "modele": "2008",
        "prix": "16999",
        "kilometrage": "62535",
        "boite_vitesse": "Manuelle",
        "carburant": "Essence",
        "annee": "2020"
    },
    {
        "marque": "Peugeot",
        "modele": "208",
        "prix": "16999",
        "kilometrage": "10779",
        "boite_vitesse": "Manuelle",
        "carburant": "Essence",
        "annee": "2024"
    },
    {
        "marque": "Peugeot",
        "modele": "308",
        "prix": "16999",
        "kilometrage": "69047",
        "boite_vitesse": "Manuelle",
        "carburant": "Essence",
        "annee": "2022"
    },
    {
        "marque": "Peugeot",
        "modele": "5008",
        "prix": "16999",
        "kilometrage": "95437",
        "boite_vitesse": "Manuelle",
        "carburant": "Essence",
        "annee": "2018"
    },
    {
        "marque": "Peugeot",
        "modele": "3008",
        "prix": "16999",
        "kilometrage": "72916",
        "boite_vitesse": "Manuelle",
        "carburant": "Essence",
        "annee": "2020"
    },
    {
        "marque": "Renault",
        "modele": "Clio 5",
        "prix": "16999",
        "kilometrage": "32825",
        "boite_vitesse": "Manuelle",
        "carburant": "Essence",
        "annee": "2023"
    },
    {
        "marque": "Peugeot",
        "modele": "3008",
        "prix": "16999",
        "kilometrage": "44209",
        "boite_vitesse": "Manuelle",
        "carburant": "Essence",
        "annee": "2019"
    }
]