[
    {
        "marque": "Peugeot",
        "modele": "5008",
        "prix": "19499",
        "kilometrage": "122390",
        "boite_vitesse": "Auto.",
        "carburant": "Essence",
        "annee": "2017"
    },
    {
        "marque": "Toyota",
        "modele": "C-HR",
        "prix": "19499",
        "kilometrage": "66200",
        "boite_vitesse": "Auto.",
        "carburant": "Hybride essence",
        "annee": "2021"
    },
    {
        "marque": "Volkswagen",
        "modele": "Golf 8",
        "prix": "19499",
        "kilometrage": "68955",
        "boite_vitesse": "Manuelle",
        "carburant": "Essence",
        "annee": "2021"
    },
    {
        "marque": "Volkswagen",
        "modele": "Polo",
        "prix": "19499",
        "kilometrage": "86263",
        "boite_vitesse": "Auto.",
        "carburant": "Essence",
        "annee": "2020"
    },
    {
        "marque": "Dacia",
        "modele": "JOGGER",
        "prix": "19499",
        "kilometrage": "15585",
        "boite_vitesse": "Manuelle",
        "carburant": "GPL",
        "annee": "2023"
    },
    {
        "marque": "Renault",
        "modele": "Kadjar",
        "prix": "19499",
        "kilometrage": "45523",
        "boite_vitesse": "Auto.",
        "carburant": "Diesel",
        "annee": "2020"
    },
    {
        "marque": "Ford",
        "modele": "PUMA",
        "prix": "19499",
        "kilometrage": "29475",
        "boite_vitesse": "Manuelle",
        "carburant": "Micro-hybride essence",
        "annee": "2021"
    },
    {
        "marque": "Citroën",
        "modele": "C5 X",
        "prix": "19499",
        "kilometrage": "24760",
        "boite_vitesse": "Auto.",
        "carburant": "Essence",
        "annee": "2023"
    },
    {
        "marque": "Nissan",
        "modele": "Juke",
        "prix": "19499",
        "kilometrage": "9075",
        "boite_vitesse": "Auto.",
        "carburant": "Essence",
        "annee": "2022"
    },
    {
        "marque": "Renault",
        "modele": "Grand Scénic 4",
        "prix": "19499",
        "kilometrage": "64133",
        "boite_vitesse": "Auto.",
        "carburant": "Diesel",
        "annee": "2020"
    },
    {
        "marque": "DS",
        "modele": "DS7 CROSSBACK",
        "prix": "19499",
        "kilometrage": "149685",
        "boite_vitesse": "Auto.",
        "carburant": "Diesel",
        "annee": "2018"
    },
    {
        "marque": "Audi",
        "modele": "A3 Sportback",
        "prix": "19499",
        "kilometrage": "96081",
        "boite_vitesse": "Manuelle",
        "carburant": "Essence",
        "annee": "2019"
    },
    {
        "marque": "Dacia",
        "modele": "JOGGER",
        "prix": "19499",
        "kilometrage": "40105",
        "boite_vitesse": "Manuelle",
        "carburant": "Essence",
        "annee": "2023"
    },
    {
        "marque": "Dacia",
        "modele": "JOGGER",
        "prix": "19499",
        "kilometrage": "42216",
        "boite_vitesse": "Manuelle",
        "carburant": "Essence",
        "annee": "2023"
    },
    {
        "marque": "Peugeot",
        "modele": "508",
        "prix": "19499",
        "kilometrage": "112312",
        "boite_vitesse": "Auto.",
        "carburant": "Diesel",
        "annee": "2020"
    },
    {
        "marque": "DS",
        "modele": "DS3 CROSSBACK",
        "prix": "19499",
        "kilometrage": "71218",
        "boite_vitesse": "Manuelle",
        "carburant": "Diesel",
        "annee": "2021"
    },
    {
        "marque": "Seat",
        "modele": "Leon",
        "prix": "19499",
        "kilometrage": "100087",
        "boite_vitesse": "Auto.",
        "carburant": "Diesel",
        "annee": "2021"
    },
    {
        "marque": "BMW",
        "modele": "X2",
        "prix": "19499",
        "kilometrage": "100691",
        "boite_vitesse": "Auto.",
        "carburant": "Essence",
        "annee": "2018"
    },
    {
        "marque": "Skoda",
        "modele": "Kamiq",
        "prix": "19499",
        "kilometrage": "19908",
        "boite_vitesse": "Manuelle",
        "carburant": "Essence",
        "annee": "2022"
    },
    {
        "marque": "BMW",
        "modele": "Série 4",
        "prix": "19499",
        "kilometrage": "135532",
        "boite_vitesse": "Auto.",
        "carburant": "Diesel",
        "annee": "2019"
    },
    {
        "marque": "Abarth",
        "modele": "595C",
        "prix": "19499",
        "kilometrage": "55750",
        "boite_vitesse": "Manuelle",
        "carburant": "Essence",
        "annee": "2020"
    },
    {
        "marque": "Nissan",
        "modele": "Leaf",
        "prix": "19499",
        "kilometrage": "920",
        "boite_vitesse": "Auto.",
        "carburant": "Électrique",
        "annee": "2022"
    },
    {
        "marque": "Toyota",
        "modele": "Corolla Sw",
        "prix": "19499",
        "kilometrage": "81476",
        "boite_vitesse": "Auto.",
        "carburant": "Hybride essence",
        "annee": "2021"
    }
]