[
    {
        "marque": "Renault",
        "modele": "Zoé",
        "prix": "13099",
        "kilometrage": "20988",
        "boite_vitesse": "Auto.",
        "carburant": "Électrique",
        "annee": "2019"
    },
    {
        "marque": "Skoda",
        "modele": "Fabia Combi",
        "prix": "13199",
        "kilometrage": "67658",
        "boite_vitesse": "Manuelle",
        "carburant": "Essence",
        "annee": "2018"
    },
    {
        "marque": "Peugeot",
        "modele": "2008",
        "prix": "13299",
        "kilometrage": "57647",
        "boite_vitesse": "Auto.",
        "carburant": "Essence",
        "annee": "2019"
    },
    {
        "marque": "Peugeot",
        "modele": "3008",
        "prix": "13299",
        "kilometrage": "68505",
        "boite_vitesse": "Manuelle",
        "carburant": "Essence",
        "annee": "2017"
    },
    {
        "marque": "Citroën",
        "modele": "C3",
        "prix": "13299",
        "kilometrage": "23578",
        "boite_vitesse": "Manuelle",
        "carburant": "Essence",
        "annee": "2022"
    },
    {
        "marque": "Citroën",
        "modele": "C4 SPACETOURER",
        "prix": "13299",
        "kilometrage": "120475",
        "boite_vitesse": "Manuelle",
        "carburant": "Diesel",
        "annee": "2020"
    },
    {
        "marque": "Peugeot",
        "modele": "208",
        "prix": "13499",
        "kilometrage": "46211",
        "boite_vitesse": "Manuelle",
        "carburant": "Essence",
        "annee": "2021"
    },
    {
        "marque": "Peugeot",
        "modele": "208",
        "prix": "13499",
        "kilometrage": "36435",
        "boite_vitesse": "Manuelle",
        "carburant": "Essence",
        "annee": "2019"
    },
    {
        "marque": "Citroën",
        "modele": "C3",
        "prix": "13499",
        "kilometrage": "9974",
        "boite_vitesse": "Manuelle",
        "carburant": "Essence",
        "annee": "2023"
    },
    {
        "marque": "Renault",
        "modele": "Captur",
        "prix": "13499",
        "kilometrage": "99492",
        "boite_vitesse": "Auto.",
        "carburant": "Essence",
        "annee": "2020"
    },
    {
        "marque": "Peugeot",
        "modele": "3008",
        "prix": "13499",
        "kilometrage": "100250",
        "boite_vitesse": "Manuelle",
        "carburant": "Essence",
        "annee": "2018"
    },
    {
        "marque": "Peugeot",
        "modele": "3008",
        "prix": "13499",
        "kilometrage": "117724",
        "boite_vitesse": "Manuelle",
        "carburant": "Essence",
        "annee": "2020"
    },
    {
        "marque": "Peugeot",
        "modele": "3008",
        "prix": "13499",
        "kilometrage": "101285",
        "boite_vitesse": "Manuelle",
        "carburant": "Essence",
        "annee": "2018"
    },
    {
        "marque": "Citroën",
        "modele": "C3",
        "prix": "13499",
        "kilometrage": "26803",
        "boite_vitesse": "Manuelle",
        "carburant": "Essence",
        "annee": "2022"
    },
    {
        "marque": "Peugeot",
        "modele": "308",
        "prix": "13499",
        "kilometrage": "73565",
        "boite_vitesse": "Manuelle",
        "carburant": "Diesel",
        "annee": "2019"
    },
    {
        "marque": "Nissan",
        "modele": "Qashqai",
        "prix": "13499",
        "kilometrage": "92530",
        "boite_vitesse": "Manuelle",
        "carburant": "Essence",
        "annee": "2017"
    },
    {
        "marque": "Citroën",
        "modele": "C3 Aircross",
        "prix": "13499",
        "kilometrage": "91395",
        "boite_vitesse": "Auto.",
        "carburant": "Essence",
        "annee": "2019"
    },
    {
        "marque": "Audi",
        "modele": "A1 Sportback",
        "prix": "13499",
        "kilometrage": "116965",
        "boite_vitesse": "Manuelle",
        "carburant": "Essence",
        "annee": "2018"
    },
    {
        "marque": "Renault",
        "modele": "Clio 4",
        "prix": "13499",
        "kilometrage": "63500",
        "boite_vitesse": "Manuelle",
        "carburant": "Diesel",
        "annee": "2017"
    },
    {
        "marque": "Renault",
        "modele": "Clio 4",
        "prix": "13499",
        "kilometrage": "20994",
        "boite_vitesse": "Manuelle",
        "carburant": "Essence",
        "annee": "2019"
    },
    {
        "marque": "Renault",
        "modele": "Zoé",
        "prix": "13499",
        "kilometrage": "53268",
        "boite_vitesse": "Auto.",
        "carburant": "Électrique",
        "annee": "2020"
    },
    {
        "marque": "Hyundai",
        "modele": "i10",
        "prix": "13499",
        "kilometrage": "18293",
        "boite_vitesse": "Auto.",
        "carburant": "Essence",
        "annee": "2020"
    },
    {
        "marque": "Renault",
        "modele": "Scénic 4",
        "prix": "13499",
        "kilometrage": "80975",
        "boite_vitesse": "Manuelle",
        "carburant": "Essence",
        "annee": "2017"
    }
]