[
    {
        "marque": "Peugeot",
        "modele": "3008",
        "prix": "21399",
        "kilometrage": "14391",
        "boite_vitesse": "Manuelle",
        "carburant": "Essence",
        "annee": "2023"
    },
    {
        "marque": "Peugeot",
        "modele": "5008",
        "prix": "21399",
        "kilometrage": "103644",
        "boite_vitesse": "Auto.",
        "carburant": "Diesel",
        "annee": "2020"
    },
    {
        "marque": "Skoda",
        "modele": "Fabia",
        "prix": "21399",
        "kilometrage": "42706",
        "boite_vitesse": "Auto.",
        "carburant": "Essence",
        "annee": "2023"
    },
    {
        "marque": "Peugeot",
        "modele": "3008",
        "prix": "21399",
        "kilometrage": "12538",
        "boite_vitesse": "Manuelle",
        "carburant": "Essence",
        "annee": "2023"
    },
    {
        "marque": "Peugeot",
        "modele": "3008",
        "prix": "21399",
        "kilometrage": "14372",
        "boite_vitesse": "Manuelle",
        "carburant": "Essence",
        "annee": "2023"
    },
    {
        "marque": "Peugeot",
        "modele": "3008",
        "prix": "21399",
        "kilometrage": "13678",
        "boite_vitesse": "Manuelle",
        "carburant": "Essence",
        "annee": "2023"
    },
    {
        "marque": "Peugeot",
        "modele": "2008",
        "prix": "21499",
        "kilometrage": "26660",
        "boite_vitesse": "Auto.",
        "carburant": "Essence",
        "annee": "2023"
    },
    {
        "marque": "Peugeot",
        "modele": "2008",
        "prix": "21499",
        "kilometrage": "24945",
        "boite_vitesse": "Auto.",
        "carburant": "Essence",
        "annee": "2023"
    },
    {
        "marque": "Peugeot",
        "modele": "2008",
        "prix": "30000",
        "kilometrage": "1",
        "boite_vitesse": "Manuelle",
        "carburant": "Essence",
        "annee": "2024"
    },
    {
        "marque": "Peugeot",
        "modele": "2008",
        "prix": "21499",
        "kilometrage": "18128",
        "boite_vitesse": "Auto.",
        "carburant": "Essence",
        "annee": "2023"
    },
    {
        "marque": "Peugeot",
        "modele": "2008",
        "prix": "21499",
        "kilometrage": "23263",
        "boite_vitesse": "Auto.",
        "carburant": "Essence",
        "annee": "2023"
    },
    {
        "marque": "Renault",
        "modele": "Captur",
        "prix": "21499",
        "kilometrage": "30220",
        "boite_vitesse": "Auto.",
        "carburant": "Hybride essence rechargeable",
        "annee": "2022"
    },
    {
        "marque": "Peugeot",
        "modele": "3008",
        "prix": "21499",
        "kilometrage": "65560",
        "boite_vitesse": "Auto.",
        "carburant": "Essence",
        "annee": "2022"
    },
    {
        "marque": "Fiat",
        "modele": "500X",
        "prix": "31500",
        "kilometrage": "2",
        "boite_vitesse": "Auto.",
        "carburant": "Micro-hybride essence",
        "annee": "2024"
    },
    {
        "marque": "Dacia",
        "modele": "JOGGER",
        "prix": "23300",
        "kilometrage": "7",
        "boite_vitesse": "Manuelle",
        "carburant": "Essence",
        "annee": "2024"
    },
    {
        "marque": "Renault",
        "modele": "Captur",
        "prix": "21499",
        "kilometrage": "31444",
        "boite_vitesse": "Auto.",
        "carburant": "Hybride essence",
        "annee": "2021"
    },
    {
        "marque": "Peugeot",
        "modele": "5008",
        "prix": "21499",
        "kilometrage": "61260",
        "boite_vitesse": "Manuelle",
        "carburant": "Diesel",
        "annee": "2020"
    },
    {
        "marque": "Peugeot",
        "modele": "5008",
        "prix": "21499",
        "kilometrage": "80090",
        "boite_vitesse": "Auto.",
        "carburant": "Essence",
        "annee": "2018"
    },
    {
        "marque": "Dacia",
        "modele": "Duster",
        "prix": "21499",
        "kilometrage": "32045",
        "boite_vitesse": "Auto.",
        "carburant": "Essence",
        "annee": "2022"
    },
    {
        "marque": "Toyota",
        "modele": "C-HR",
        "prix": "21499",
        "kilometrage": "33835",
        "boite_vitesse": "Auto.",
        "carburant": "Hybride essence",
        "annee": "2020"
    },
    {
        "marque": "Toyota",
        "modele": "C-HR",
        "prix": "21499",
        "kilometrage": "48830",
        "boite_vitesse": "Auto.",
        "carburant": "Hybride essence",
        "annee": "2022"
    },
    {
        "marque": "Nissan",
        "modele": "Qashqai",
        "prix": "21499",
        "kilometrage": "60993",
        "boite_vitesse": "Manuelle",
        "carburant": "Micro-hybride essence",
        "annee": "2022"
    },
    {
        "marque": "Citroën",
        "modele": "C5 Aircross",
        "prix": "21499",
        "kilometrage": "40251",
        "boite_vitesse": "Manuelle",
        "carburant": "Diesel",
        "annee": "2021"
    }
]