[
    {
        "marque": "Audi",
        "modele": "Q2",
        "prix": "19999",
        "kilometrage": "92723",
        "boite_vitesse": "Auto.",
        "carburant": "Essence",
        "annee": "2018"
    },
    {
        "marque": "Toyota",
        "modele": "Corolla",
        "prix": "19999",
        "kilometrage": "78265",
        "boite_vitesse": "Auto.",
        "carburant": "Hybride essence",
        "annee": "2019"
    },
    {
        "marque": "Volkswagen",
        "modele": "Polo",
        "prix": "19999",
        "kilometrage": "17725",
        "boite_vitesse": "Auto.",
        "carburant": "Essence",
        "annee": "2022"
    },
    {
        "marque": "Citroën",
        "modele": "C4 X",
        "prix": "19999",
        "kilometrage": "4035",
        "boite_vitesse": "Auto.",
        "carburant": "Essence",
        "annee": "2023"
    },
    {
        "marque": "Peugeot",
        "modele": "508",
        "prix": "19999",
        "kilometrage": "36353",
        "boite_vitesse": "Auto.",
        "carburant": "Essence",
        "annee": "2019"
    },
    {
        "marque": "Dacia",
        "modele": "JOGGER",
        "prix": "19999",
        "kilometrage": "41540",
        "boite_vitesse": "Manuelle",
        "carburant": "Essence",
        "annee": "2023"
    },
    {
        "marque": "Audi",
        "modele": "A1 Sportback",
        "prix": "19999",
        "kilometrage": "63150",
        "boite_vitesse": "Auto.",
        "carburant": "Essence",
        "annee": "2019"
    },
    {
        "marque": "Citroën",
        "modele": "C4 X",
        "prix": "19999",
        "kilometrage": "6820",
        "boite_vitesse": "Auto.",
        "carburant": "Essence",
        "annee": "2023"
    },
    {
        "marque": "Citroën",
        "modele": "GRAND C4 SPACETOURER",
        "prix": "19999",
        "kilometrage": "42110",
        "boite_vitesse": "Manuelle",
        "carburant": "Essence",
        "annee": "2020"
    },
    {
        "marque": "Citroën",
        "modele": "C4 SPACETOURER",
        "prix": "19999",
        "kilometrage": "45618",
        "boite_vitesse": "Auto.",
        "carburant": "Diesel",
        "annee": "2019"
    },
    {
        "marque": "Citroën",
        "modele": "GRAND C4 SPACETOURER",
        "prix": "19999",
        "kilometrage": "41765",
        "boite_vitesse": "Manuelle",
        "carburant": "Essence",
        "annee": "2019"
    },
    {
        "marque": "Renault",
        "modele": "Mégane 4 Estate",
        "prix": "19999",
        "kilometrage": "42478",
        "boite_vitesse": "Auto.",
        "carburant": "Hybride essence rechargeable",
        "annee": "2020"
    },
    {
        "marque": "Seat",
        "modele": "Leon",
        "prix": "19999",
        "kilometrage": "60518",
        "boite_vitesse": "Manuelle",
        "carburant": "Diesel",
        "annee": "2022"
    },
    {
        "marque": "Fiat",
        "modele": "Tipo",
        "prix": "19999",
        "kilometrage": "12853",
        "boite_vitesse": "Auto.",
        "carburant": "Micro-hybride essence",
        "annee": "2023"
    },
    {
        "marque": "Audi",
        "modele": "A4 Avant",
        "prix": "19999",
        "kilometrage": "141050",
        "boite_vitesse": "Auto.",
        "carburant": "Micro-hybride diesel",
        "annee": "2021"
    },
    {
        "marque": "Renault",
        "modele": "Espace 5",
        "prix": "19999",
        "kilometrage": "105509",
        "boite_vitesse": "Auto.",
        "carburant": "Diesel",
        "annee": "2018"
    },
    {
        "marque": "Peugeot",
        "modele": "RIFTER",
        "prix": "19999",
        "kilometrage": "67845",
        "boite_vitesse": "Manuelle",
        "carburant": "Diesel",
        "annee": "2019"
    },
    {
        "marque": "Jaguar",
        "modele": "E-Pace",
        "prix": "19999",
        "kilometrage": "91754",
        "boite_vitesse": "Manuelle",
        "carburant": "Diesel",
        "annee": "2019"
    },
    {
        "marque": "Seat",
        "modele": "Ateca",
        "prix": "19999",
        "kilometrage": "98100",
        "boite_vitesse": "Auto.",
        "carburant": "Diesel",
        "annee": "2020"
    },
    {
        "marque": "Ford",
        "modele": "S-Max",
        "prix": "19999",
        "kilometrage": "80929",
        "boite_vitesse": "Auto.",
        "carburant": "Diesel",
        "annee": "2020"
    },
    {
        "marque": "Peugeot",
        "modele": "2008",
        "prix": "19999",
        "kilometrage": "16634",
        "boite_vitesse": "Manuelle",
        "carburant": "Essence",
        "annee": "2023"
    },
    {
        "marque": "Peugeot",
        "modele": "2008",
        "prix": "19999",
        "kilometrage": "35040",
        "boite_vitesse": "Auto.",
        "carburant": "Électrique",
        "annee": "2021"
    },
    {
        "marque": "Peugeot",
        "modele": "2008",
        "prix": "19999",
        "kilometrage": "28396",
        "boite_vitesse": "Manuelle",
        "carburant": "Diesel",
        "annee": "2021"
    }
]