[
    {
        "marque": "Citroën",
        "modele": "C4 Cactus",
        "prix": "8999",
        "kilometrage": "110045",
        "boite_vitesse": "Manuelle",
        "carburant": "Essence",
        "annee": "2016"
    },
    {
        "marque": "Renault",
        "modele": "Zoé",
        "prix": "8999",
        "kilometrage": "62413",
        "boite_vitesse": "Auto.",
        "carburant": "Électrique",
        "annee": "2017"
    },
    {
        "marque": "Peugeot",
        "modele": "108",
        "prix": "8999",
        "kilometrage": "81400",
        "boite_vitesse": "Manuelle",
        "carburant": "Essence",
        "annee": "2018"
    },
    {
        "marque": "Citroën",
        "modele": "C4 Picasso",
        "prix": "8999",
        "kilometrage": "114530",
        "boite_vitesse": "Manuelle",
        "carburant": "Essence",
        "annee": "2016"
    },
    {
        "marque": "Fiat",
        "modele": "Panda",
        "prix": "8999",
        "kilometrage": "82259",
        "boite_vitesse": "Manuelle",
        "carburant": "Diesel",
        "annee": "2016"
    },
    {
        "marque": "Peugeot",
        "modele": "208 AFFAIRE",
        "prix": "8999",
        "kilometrage": "110826",
        "boite_vitesse": "Manuelle",
        "carburant": "Diesel",
        "annee": "2018"
    },
    {
        "marque": "Renault",
        "modele": "Mégane 3 Coupé",
        "prix": "8999",
        "kilometrage": "132185",
        "boite_vitesse": "Manuelle",
        "carburant": "Essence",
        "annee": "2013"
    },
    {
        "marque": "Citroën",
        "modele": "C3",
        "prix": "8999",
        "kilometrage": "59530",
        "boite_vitesse": "Manuelle",
        "carburant": "Essence",
        "annee": "2017"
    },
    {
        "marque": "Citroën",
        "modele": "C3",
        "prix": "8999",
        "kilometrage": "90900",
        "boite_vitesse": "Manuelle",
        "carburant": "Essence",
        "annee": "2017"
    },
    {
        "marque": "Citroën",
        "modele": "C3 Picasso",
        "prix": "8999",
        "kilometrage": "98515",
        "boite_vitesse": "Manuelle",
        "carburant": "Essence",
        "annee": "2017"
    },
    {
        "marque": "Citroën",
        "modele": "C4 Picasso",
        "prix": "9099",
        "kilometrage": "99754",
        "boite_vitesse": "Manuelle",
        "carburant": "Essence",
        "annee": "2016"
    },
    {
        "marque": "Fiat",
        "modele": "Panda",
        "prix": "9299",
        "kilometrage": "73388",
        "boite_vitesse": "Manuelle",
        "carburant": "Essence",
        "annee": "2017"
    },
    {
        "marque": "Dacia",
        "modele": "Lodgy",
        "prix": "9299",
        "kilometrage": "144260",
        "boite_vitesse": "Manuelle",
        "carburant": "Essence",
        "annee": "2018"
    },
    {
        "marque": "Opel",
        "modele": "Karl",
        "prix": "9299",
        "kilometrage": "92780",
        "boite_vitesse": "Manuelle",
        "carburant": "Essence",
        "annee": "2018"
    },
    {
        "marque": "Citroën",
        "modele": "C3",
        "prix": "9299",
        "kilometrage": "75942",
        "boite_vitesse": "Manuelle",
        "carburant": "Essence",
        "annee": "2019"
    },
    {
        "marque": "Opel",
        "modele": "Corsa",
        "prix": "9299",
        "kilometrage": "32815",
        "boite_vitesse": "Manuelle",
        "carburant": "Essence",
        "annee": "2016"
    },
    {
        "marque": "Peugeot",
        "modele": "108",
        "prix": "9399",
        "kilometrage": "46036",
        "boite_vitesse": "Manuelle",
        "carburant": "Essence",
        "annee": "2019"
    },
    {
        "marque": "Peugeot",
        "modele": "208",
        "prix": "9499",
        "kilometrage": "47855",
        "boite_vitesse": "Manuelle",
        "carburant": "Essence",
        "annee": "2019"
    },
    {
        "marque": "Peugeot",
        "modele": "2008",
        "prix": "9499",
        "kilometrage": "71257",
        "boite_vitesse": "Manuelle",
        "carburant": "Essence",
        "annee": "2015"
    },
    {
        "marque": "Citroën",
        "modele": "C3 Aircross",
        "prix": "9499",
        "kilometrage": "74606",
        "boite_vitesse": "Manuelle",
        "carburant": "Essence",
        "annee": "2019"
    },
    {
        "marque": "Citroën",
        "modele": "C4",
        "prix": "9499",
        "kilometrage": "77734",
        "boite_vitesse": "Manuelle",
        "carburant": "Essence",
        "annee": "2016"
    },
    {
        "marque": "Peugeot",
        "modele": "308 SW",
        "prix": "9499",
        "kilometrage": "124275",
        "boite_vitesse": "Manuelle",
        "carburant": "Essence",
        "annee": "2017"
    },
    {
        "marque": "Renault",
        "modele": "Zoé",
        "prix": "9499",
        "kilometrage": "34055",
        "boite_vitesse": "Auto.",
        "carburant": "Électrique",
        "annee": "2019"
    }
]