[
    {
        "marque": "Renault",
        "modele": "Zoé",
        "prix": "6499",
        "kilometrage": "43984",
        "boite_vitesse": "Auto.",
        "carburant": "Électrique",
        "annee": "2015"
    },
    {
        "marque": "Nissan",
        "modele": "Leaf",
        "prix": "6499",
        "kilometrage": "116580",
        "boite_vitesse": "Auto.",
        "carburant": "Électrique",
        "annee": "2016"
    },
    {
        "marque": "Citroën",
        "modele": "C-ZERO",
        "prix": "6699",
        "kilometrage": "83763",
        "boite_vitesse": "Auto.",
        "carburant": "Électrique",
        "annee": "2018"
    },
    {
        "marque": "Renault",
        "modele": "Zoé",
        "prix": "6699",
        "kilometrage": "43390",
        "boite_vitesse": "Auto.",
        "carburant": "Électrique",
        "annee": "2016"
    },
    {
        "marque": "Renault",
        "modele": "Zoé",
        "prix": "6799",
        "kilometrage": "35193",
        "boite_vitesse": "Auto.",
        "carburant": "Électrique",
        "annee": "2016"
    },
    {
        "marque": "Renault",
        "modele": "Twizy",
        "prix": "",
        "kilometrage": "Occasion",
        "boite_vitesse": "2021",
        "carburant": "Auto.",
        "annee": "7 180 km"
    },
    {
        "marque": "Renault",
        "modele": "Zoé",
        "prix": "7499",
        "kilometrage": "47904",
        "boite_vitesse": "Auto.",
        "carburant": "Électrique",
        "annee": "2016"
    },
    {
        "marque": "Renault",
        "modele": "Zoé",
        "prix": "7899",
        "kilometrage": "29082",
        "boite_vitesse": "Auto.",
        "carburant": "Électrique",
        "annee": "2017"
    },
    {
        "marque": "Renault",
        "modele": "Zoé",
        "prix": "7999",
        "kilometrage": "30692",
        "boite_vitesse": "Auto.",
        "carburant": "Électrique",
        "annee": "2016"
    },
    {
        "marque": "Renault",
        "modele": "Zoé",
        "prix": "7999",
        "kilometrage": "93783",
        "boite_vitesse": "Auto.",
        "carburant": "Électrique",
        "annee": "2018"
    },
    {
        "marque": "Renault",
        "modele": "Zoé",
        "prix": "7999",
        "kilometrage": "81917",
        "boite_vitesse": "Auto.",
        "carburant": "Électrique",
        "annee": "2018"
    },
    {
        "marque": "Renault",
        "modele": "Zoé",
        "prix": "7999",
        "kilometrage": "50226",
        "boite_vitesse": "Auto.",
        "carburant": "Électrique",
        "annee": "2017"
    },
    {
        "marque": "Smart",
        "modele": "FORTWO",
        "prix": "7999",
        "kilometrage": "81190",
        "boite_vitesse": "Manuelle",
        "carburant": "Essence",
        "annee": "2018"
    },
    {
        "marque": "Peugeot",
        "modele": "108",
        "prix": "8199",
        "kilometrage": "92527",
        "boite_vitesse": "Manuelle",
        "carburant": "Essence",
        "annee": "2016"
    },
    {
        "marque": "Peugeot",
        "modele": "108",
        "prix": "8299",
        "kilometrage": "75425",
        "boite_vitesse": "Manuelle",
        "carburant": "Essence",
        "annee": "2018"
    },
    {
        "marque": "Dacia",
        "modele": "Logan MCV",
        "prix": "8299",
        "kilometrage": "117320",
        "boite_vitesse": "Manuelle",
        "carburant": "Essence",
        "annee": "2015"
    },
    {
        "marque": "Renault",
        "modele": "Zoé",
        "prix": "8499",
        "kilometrage": "60900",
        "boite_vitesse": "Auto.",
        "carburant": "Électrique",
        "annee": "2018"
    },
    {
        "marque": "Peugeot",
        "modele": "208",
        "prix": "8799",
        "kilometrage": "142416",
        "boite_vitesse": "Manuelle",
        "carburant": "Diesel",
        "annee": "2017"
    },
    {
        "marque": "Renault",
        "modele": "Zoé",
        "prix": "8799",
        "kilometrage": "62690",
        "boite_vitesse": "Auto.",
        "carburant": "Électrique",
        "annee": "2019"
    },
    {
        "marque": "Peugeot",
        "modele": "108",
        "prix": "8799",
        "kilometrage": "64070",
        "boite_vitesse": "Manuelle",
        "carburant": "Essence",
        "annee": "2018"
    },
    {
        "marque": "Citroën",
        "modele": "C1",
        "prix": "8899",
        "kilometrage": "23856",
        "boite_vitesse": "Manuelle",
        "carburant": "Essence",
        "annee": "2018"
    },
    {
        "marque": "Citroën",
        "modele": "C4",
        "prix": "8999",
        "kilometrage": "99625",
        "boite_vitesse": "Manuelle",
        "carburant": "Essence",
        "annee": "2017"
    },
    {
        "marque": "Peugeot",
        "modele": "308",
        "prix": "8999",
        "kilometrage": "97715",
        "boite_vitesse": "Manuelle",
        "carburant": "Essence",
        "annee": "2016"
    }
]