[
    {
        "marque": "Peugeot",
        "modele": "208",
        "prix": "13499",
        "kilometrage": "38739",
        "boite_vitesse": "Manuelle",
        "carburant": "Essence",
        "annee": "2020"
    },
    {
        "marque": "Peugeot",
        "modele": "3008",
        "prix": "13499",
        "kilometrage": "95331",
        "boite_vitesse": "Manuelle",
        "carburant": "Essence",
        "annee": "2019"
    },
    {
        "marque": "Peugeot",
        "modele": "3008",
        "prix": "13499",
        "kilometrage": "81290",
        "boite_vitesse": "Auto.",
        "carburant": "Essence",
        "annee": "2018"
    },
    {
        "marque": "Volkswagen",
        "modele": "Polo",
        "prix": "13499",
        "kilometrage": "60585",
        "boite_vitesse": "Manuelle",
        "carburant": "Essence",
        "annee": "2018"
    },
    {
        "marque": "Renault",
        "modele": "Twingo 3",
        "prix": "13499",
        "kilometrage": "2412",
        "boite_vitesse": "Auto.",
        "carburant": "Électrique",
        "annee": "2022"
    },
    {
        "marque": "Renault",
        "modele": "Kadjar",
        "prix": "13499",
        "kilometrage": "107077",
        "boite_vitesse": "Manuelle",
        "carburant": "Essence",
        "annee": "2019"
    },
    {
        "marque": "Renault",
        "modele": "Clio 4",
        "prix": "13499",
        "kilometrage": "32369",
        "boite_vitesse": "Manuelle",
        "carburant": "Essence",
        "annee": "2017"
    },
    {
        "marque": "Hyundai",
        "modele": "i20",
        "prix": "13499",
        "kilometrage": "53030",
        "boite_vitesse": "Manuelle",
        "carburant": "Essence",
        "annee": "2021"
    },
    {
        "marque": "Peugeot",
        "modele": "208",
        "prix": "13599",
        "kilometrage": "46550",
        "boite_vitesse": "Auto.",
        "carburant": "Essence",
        "annee": "2020"
    },
    {
        "marque": "Peugeot",
        "modele": "208",
        "prix": "13599",
        "kilometrage": "58387",
        "boite_vitesse": "Manuelle",
        "carburant": "Essence",
        "annee": "2020"
    },
    {
        "marque": "Dacia",
        "modele": "Sandero",
        "prix": "13599",
        "kilometrage": "39808",
        "boite_vitesse": "Manuelle",
        "carburant": "Essence",
        "annee": "2021"
    },
    {
        "marque": "Ford",
        "modele": "Focus",
        "prix": "13599",
        "kilometrage": "119282",
        "boite_vitesse": "Auto.",
        "carburant": "Diesel",
        "annee": "2019"
    },
    {
        "marque": "Kia",
        "modele": "Stonic",
        "prix": "13599",
        "kilometrage": "103155",
        "boite_vitesse": "Manuelle",
        "carburant": "Diesel",
        "annee": "2020"
    },
    {
        "marque": "Peugeot",
        "modele": "3008",
        "prix": "13699",
        "kilometrage": "67930",
        "boite_vitesse": "Manuelle",
        "carburant": "Essence",
        "annee": "2017"
    },
    {
        "marque": "Peugeot",
        "modele": "308",
        "prix": "13699",
        "kilometrage": "55378",
        "boite_vitesse": "Manuelle",
        "carburant": "Essence",
        "annee": "2021"
    },
    {
        "marque": "Fiat",
        "modele": "500",
        "prix": "13699",
        "kilometrage": "25057",
        "boite_vitesse": "Manuelle",
        "carburant": "Micro-hybride essence",
        "annee": "2024"
    },
    {
        "marque": "Fiat",
        "modele": "500X",
        "prix": "13699",
        "kilometrage": "83204",
        "boite_vitesse": "Manuelle",
        "carburant": "Diesel",
        "annee": "2020"
    },
    {
        "marque": "Peugeot",
        "modele": "308",
        "prix": "13799",
        "kilometrage": "70275",
        "boite_vitesse": "Auto.",
        "carburant": "Essence",
        "annee": "2019"
    },
    {
        "marque": "Peugeot",
        "modele": "308",
        "prix": "13799",
        "kilometrage": "89933",
        "boite_vitesse": "Auto.",
        "carburant": "Diesel",
        "annee": "2020"
    },
    {
        "marque": "Dacia",
        "modele": "Sandero",
        "prix": "13799",
        "kilometrage": "32440",
        "boite_vitesse": "Manuelle",
        "carburant": "GPL",
        "annee": "2022"
    },
    {
        "marque": "Dacia",
        "modele": "Sandero",
        "prix": "13799",
        "kilometrage": "48097",
        "boite_vitesse": "Manuelle",
        "carburant": "GPL",
        "annee": "2021"
    },
    {
        "marque": "Fiat",
        "modele": "Panda",
        "prix": "13799",
        "kilometrage": "20168",
        "boite_vitesse": "Manuelle",
        "carburant": "Micro-hybride essence",
        "annee": "2024"
    },
    {
        "marque": "Skoda",
        "modele": "Octavia",
        "prix": "13799",
        "kilometrage": "127824",
        "boite_vitesse": "Auto.",
        "carburant": "Diesel",
        "annee": "2019"
    }
]