[
    {
        "marque": "Fiat",
        "modele": "Tipo",
        "prix": "11999",
        "kilometrage": "106347",
        "boite_vitesse": "Auto.",
        "carburant": "Diesel",
        "annee": "2018"
    },
    {
        "marque": "Nissan",
        "modele": "Micra",
        "prix": "11999",
        "kilometrage": "86725",
        "boite_vitesse": "Manuelle",
        "carburant": "Essence",
        "annee": "2022"
    },
    {
        "marque": "Skoda",
        "modele": "Fabia",
        "prix": "11999",
        "kilometrage": "72280",
        "boite_vitesse": "Manuelle",
        "carburant": "Essence",
        "annee": "2017"
    },
    {
        "marque": "Nissan",
        "modele": "Leaf",
        "prix": "11999",
        "kilometrage": "45971",
        "boite_vitesse": "Auto.",
        "carburant": "Électrique",
        "annee": "2018"
    },
    {
        "marque": "Peugeot",
        "modele": "208",
        "prix": "11999",
        "kilometrage": "43541",
        "boite_vitesse": "Auto.",
        "carburant": "Essence",
        "annee": "2017"
    },
    {
        "marque": "Peugeot",
        "modele": "2008",
        "prix": "11999",
        "kilometrage": "49711",
        "boite_vitesse": "Manuelle",
        "carburant": "Essence",
        "annee": "2020"
    },
    {
        "marque": "Peugeot",
        "modele": "2008",
        "prix": "11999",
        "kilometrage": "56555",
        "boite_vitesse": "Auto.",
        "carburant": "Essence",
        "annee": "2019"
    },
    {
        "marque": "Peugeot",
        "modele": "3008",
        "prix": "11999",
        "kilometrage": "101525",
        "boite_vitesse": "Manuelle",
        "carburant": "Essence",
        "annee": "2017"
    },
    {
        "marque": "Dacia",
        "modele": "Sandero",
        "prix": "11999",
        "kilometrage": "78031",
        "boite_vitesse": "Manuelle",
        "carburant": "GPL",
        "annee": "2021"
    },
    {
        "marque": "Citroën",
        "modele": "C3 Aircross",
        "prix": "11999",
        "kilometrage": "52521",
        "boite_vitesse": "Auto.",
        "carburant": "Essence",
        "annee": "2018"
    },
    {
        "marque": "Renault",
        "modele": "Kadjar",
        "prix": "11999",
        "kilometrage": "139675",
        "boite_vitesse": "Manuelle",
        "carburant": "Diesel",
        "annee": "2017"
    },
    {
        "marque": "Opel",
        "modele": "Astra",
        "prix": "11999",
        "kilometrage": "6111",
        "boite_vitesse": "Manuelle",
        "carburant": "Essence",
        "annee": "2019"
    },
    {
        "marque": "Fiat",
        "modele": "500C",
        "prix": "11999",
        "kilometrage": "24559",
        "boite_vitesse": "Manuelle",
        "carburant": "Micro-hybride essence",
        "annee": "2021"
    },
    {
        "marque": "Ford",
        "modele": "C-Max",
        "prix": "11999",
        "kilometrage": "47043",
        "boite_vitesse": "Manuelle",
        "carburant": "Essence",
        "annee": "2017"
    },
    {
        "marque": "Fiat",
        "modele": "500",
        "prix": "12199",
        "kilometrage": "38935",
        "boite_vitesse": "Manuelle",
        "carburant": "Micro-hybride essence",
        "annee": "2020"
    },
    {
        "marque": "Citroën",
        "modele": "C4 Aircross",
        "prix": "12199",
        "kilometrage": "123465",
        "boite_vitesse": "Manuelle",
        "carburant": "Diesel",
        "annee": "2017"
    },
    {
        "marque": "Peugeot",
        "modele": "2008",
        "prix": "12299",
        "kilometrage": "110313",
        "boite_vitesse": "Manuelle",
        "carburant": "Diesel",
        "annee": "2019"
    },
    {
        "marque": "Nissan",
        "modele": "Qashqai",
        "prix": "12299",
        "kilometrage": "131269",
        "boite_vitesse": "Manuelle",
        "carburant": "Essence",
        "annee": "2018"
    },
    {
        "marque": "Peugeot",
        "modele": "308",
        "prix": "12299",
        "kilometrage": "113162",
        "boite_vitesse": "Auto.",
        "carburant": "Diesel",
        "annee": "2019"
    },
    {
        "marque": "Citroën",
        "modele": "C3 Aircross",
        "prix": "12299",
        "kilometrage": "72580",
        "boite_vitesse": "Auto.",
        "carburant": "Essence",
        "annee": "2019"
    },
    {
        "marque": "Fiat",
        "modele": "500",
        "prix": "12299",
        "kilometrage": "16492",
        "boite_vitesse": "Manuelle",
        "carburant": "Micro-hybride essence",
        "annee": "2022"
    },
    {
        "marque": "Renault",
        "modele": "Clio 4",
        "prix": "12299",
        "kilometrage": "59685",
        "boite_vitesse": "Manuelle",
        "carburant": "Essence",
        "annee": "2018"
    },
    {
        "marque": "Citroën",
        "modele": "C4 Cactus",
        "prix": "12299",
        "kilometrage": "46754",
        "boite_vitesse": "Auto.",
        "carburant": "Essence",
        "annee": "2019"
    }
]