[
    {
        "marque": "Opel",
        "modele": "Astra",
        "prix": "41640",
        "kilometrage": "10",
        "boite_vitesse": "Auto.",
        "carburant": "Électrique",
        "annee": "2024"
    },
    {
        "marque": "Peugeot",
        "modele": "3008",
        "prix": "24999",
        "kilometrage": "53177",
        "boite_vitesse": "Auto.",
        "carburant": "Hybride essence rechargeable",
        "annee": "2021"
    },
    {
        "marque": "Renault",
        "modele": "Captur",
        "prix": "24999",
        "kilometrage": "45",
        "boite_vitesse": "Manuelle",
        "carburant": "Micro-hybride essence",
        "annee": "2023"
    },
    {
        "marque": "Renault",
        "modele": "Captur",
        "prix": "24999",
        "kilometrage": "50",
        "boite_vitesse": "Manuelle",
        "carburant": "Micro-hybride essence",
        "annee": "2023"
    },
    {
        "marque": "Renault",
        "modele": "Captur",
        "prix": "24999",
        "kilometrage": "35",
        "boite_vitesse": "Manuelle",
        "carburant": "Micro-hybride essence",
        "annee": "2023"
    },
    {
        "marque": "Peugeot",
        "modele": "308 SW",
        "prix": "24999",
        "kilometrage": "30507",
        "boite_vitesse": "Auto.",
        "carburant": "Diesel",
        "annee": "2023"
    },
    {
        "marque": "Ford",
        "modele": "PUMA",
        "prix": "24999",
        "kilometrage": "49860",
        "boite_vitesse": "Manuelle",
        "carburant": "Essence",
        "annee": "2020"
    },
    {
        "marque": "Peugeot",
        "modele": "408",
        "prix": "24999",
        "kilometrage": "17313",
        "boite_vitesse": "Auto.",
        "carburant": "Essence",
        "annee": "2024"
    },
    {
        "marque": "Volkswagen",
        "modele": "Polo",
        "prix": "24999",
        "kilometrage": "25540",
        "boite_vitesse": "Auto.",
        "carburant": "Essence",
        "annee": "2024"
    },
    {
        "marque": "Tesla",
        "modele": "MODEL 3",
        "prix": "24999",
        "kilometrage": "61304",
        "boite_vitesse": "Auto.",
        "carburant": "Électrique",
        "annee": "2020"
    },
    {
        "marque": "DS",
        "modele": "DS7 CROSSBACK",
        "prix": "24999",
        "kilometrage": "81612",
        "boite_vitesse": "Auto.",
        "carburant": "Diesel",
        "annee": "2021"
    },
    {
        "marque": "BMW",
        "modele": "X1",
        "prix": "24999",
        "kilometrage": "73215",
        "boite_vitesse": "Auto.",
        "carburant": "Diesel",
        "annee": "2020"
    },
    {
        "marque": "Peugeot",
        "modele": "408",
        "prix": "24999",
        "kilometrage": "21965",
        "boite_vitesse": "Auto.",
        "carburant": "Essence",
        "annee": "2023"
    },
    {
        "marque": "BMW",
        "modele": "Série 1",
        "prix": "24999",
        "kilometrage": "29170",
        "boite_vitesse": "Manuelle",
        "carburant": "Diesel",
        "annee": "2020"
    },
    {
        "marque": "Opel",
        "modele": "Astra",
        "prix": "24999",
        "kilometrage": "1500",
        "boite_vitesse": "Manuelle",
        "carburant": "Essence",
        "annee": "2025"
    },
    {
        "marque": "Audi",
        "modele": "Q3",
        "prix": "24999",
        "kilometrage": "105506",
        "boite_vitesse": "Manuelle",
        "carburant": "Diesel",
        "annee": "2019"
    },
    {
        "marque": "DS",
        "modele": "DS3",
        "prix": "24999",
        "kilometrage": "15695",
        "boite_vitesse": "Auto.",
        "carburant": "Électrique",
        "annee": "2023"
    },
    {
        "marque": "Toyota",
        "modele": "Proace Verso",
        "prix": "24999",
        "kilometrage": "12936",
        "boite_vitesse": "Manuelle",
        "carburant": "Diesel",
        "annee": "2024"
    },
    {
        "marque": "BMW",
        "modele": "Série 5",
        "prix": "24999",
        "kilometrage": "88150",
        "boite_vitesse": "Auto.",
        "carburant": "Essence",
        "annee": "2018"
    },
    {
        "marque": "BMW",
        "modele": "Série 5",
        "prix": "24999",
        "kilometrage": "99797",
        "boite_vitesse": "Auto.",
        "carburant": "Diesel",
        "annee": "2017"
    },
    {
        "marque": "Opel",
        "modele": "Astra Sports Tourer",
        "prix": "24999",
        "kilometrage": "8330",
        "boite_vitesse": "Auto.",
        "carburant": "Essence",
        "annee": "2024"
    },
    {
        "marque": "Audi",
        "modele": "A4",
        "prix": "24999",
        "kilometrage": "104329",
        "boite_vitesse": "Auto.",
        "carburant": "Diesel",
        "annee": "2020"
    },
    {
        "marque": "Skoda",
        "modele": "Kodiaq",
        "prix": "24999",
        "kilometrage": "87550",
        "boite_vitesse": "Manuelle",
        "carburant": "Essence",
        "annee": "2019"
    }
]