[
    {
        "marque": "Volkswagen",
        "modele": "Golf 8",
        "prix": "22999",
        "kilometrage": "46725",
        "boite_vitesse": "Auto.",
        "carburant": "Hybride essence rechargeable",
        "annee": "2020"
    },
    {
        "marque": "Mercedes",
        "modele": "Classe A",
        "prix": "22999",
        "kilometrage": "63559",
        "boite_vitesse": "Auto.",
        "carburant": "Diesel",
        "annee": "2020"
    },
    {
        "marque": "Jeep",
        "modele": "Renegade",
        "prix": "22999",
        "kilometrage": "16099",
        "boite_vitesse": "Auto.",
        "carburant": "Hybride essence rechargeable",
        "annee": "2021"
    },
    {
        "marque": "Jeep",
        "modele": "Compass",
        "prix": "22999",
        "kilometrage": "38977",
        "boite_vitesse": "Manuelle",
        "carburant": "Diesel",
        "annee": "2022"
    },
    {
        "marque": "Jeep",
        "modele": "Renegade",
        "prix": "22999",
        "kilometrage": "41975",
        "boite_vitesse": "Auto.",
        "carburant": "Hybride essence rechargeable",
        "annee": "2021"
    },
    {
        "marque": "Jeep",
        "modele": "Renegade",
        "prix": "22999",
        "kilometrage": "20751",
        "boite_vitesse": "Manuelle",
        "carburant": "Diesel",
        "annee": "2024"
    },
    {
        "marque": "Peugeot",
        "modele": "508",
        "prix": "22999",
        "kilometrage": "71714",
        "boite_vitesse": "Auto.",
        "carburant": "Hybride essence rechargeable",
        "annee": "2021"
    },
    {
        "marque": "MG",
        "modele": "MARVEL R",
        "prix": "22999",
        "kilometrage": "80465",
        "boite_vitesse": "Auto.",
        "carburant": "Électrique",
        "annee": "2023"
    },
    {
        "marque": "Citroën",
        "modele": "C5 Aircross",
        "prix": "22999",
        "kilometrage": "31466",
        "boite_vitesse": "Auto.",
        "carburant": "Essence",
        "annee": "2023"
    },
    {
        "marque": "Peugeot",
        "modele": "408",
        "prix": "22999",
        "kilometrage": "28",
        "boite_vitesse": "Auto.",
        "carburant": "Essence",
        "annee": "2023"
    },
    {
        "marque": "Jeep",
        "modele": "Renegade",
        "prix": "22999",
        "kilometrage": "33823",
        "boite_vitesse": "Auto.",
        "carburant": "Hybride essence rechargeable",
        "annee": "2022"
    },
    {
        "marque": "Lynk&Co",
        "modele": "01",
        "prix": "22999",
        "kilometrage": "23325",
        "boite_vitesse": "Auto.",
        "carburant": "Hybride essence rechargeable",
        "annee": "2021"
    },
    {
        "marque": "Citroën",
        "modele": "C4",
        "prix": "34550",
        "kilometrage": "10",
        "boite_vitesse": "Auto.",
        "carburant": "Diesel",
        "annee": "2024"
    },
    {
        "marque": "Dacia",
        "modele": "Duster",
        "prix": "23750",
        "kilometrage": "0",
        "boite_vitesse": "Manuelle",
        "carburant": "GPL",
        "annee": "2025"
    },
    {
        "marque": "Peugeot",
        "modele": "2008",
        "prix": "23099",
        "kilometrage": "19129",
        "boite_vitesse": "Auto.",
        "carburant": "Essence",
        "annee": "2024"
    },
    {
        "marque": "Fiat",
        "modele": "Tipo",
        "prix": "34550",
        "kilometrage": "10",
        "boite_vitesse": "Auto.",
        "carburant": "Hybride essence",
        "annee": "2024"
    },
    {
        "marque": "Mercedes",
        "modele": "Classe A",
        "prix": "23099",
        "kilometrage": "73294",
        "boite_vitesse": "Manuelle",
        "carburant": "Essence",
        "annee": "2020"
    },
    {
        "marque": "Mercedes",
        "modele": "Classe A",
        "prix": "23099",
        "kilometrage": "66187",
        "boite_vitesse": "Manuelle",
        "carburant": "Diesel",
        "annee": "2020"
    },
    {
        "marque": "Volkswagen",
        "modele": "Golf",
        "prix": "23099",
        "kilometrage": "30616",
        "boite_vitesse": "Manuelle",
        "carburant": "Essence",
        "annee": "2023"
    },
    {
        "marque": "Audi",
        "modele": "A4",
        "prix": "23099",
        "kilometrage": "66986",
        "boite_vitesse": "Manuelle",
        "carburant": "Micro-hybride essence",
        "annee": "2019"
    },
    {
        "marque": "Opel",
        "modele": "Combo Life",
        "prix": "31644",
        "kilometrage": "5",
        "boite_vitesse": "Manuelle",
        "carburant": "Diesel",
        "annee": "2025"
    },
    {
        "marque": "DS",
        "modele": "DS3",
        "prix": "23199",
        "kilometrage": "25431",
        "boite_vitesse": "Auto.",
        "carburant": "Essence",
        "annee": "2024"
    },
    {
        "marque": "DS",
        "modele": "DS3",
        "prix": "23199",
        "kilometrage": "23366",
        "boite_vitesse": "Auto.",
        "carburant": "Essence",
        "annee": "2024"
    }
]