[
    {
        "marque": "Volkswagen",
        "modele": "T-Roc",
        "prix": "23499",
        "kilometrage": "87090",
        "boite_vitesse": "Auto.",
        "carburant": "Essence",
        "annee": "2020"
    },
    {
        "marque": "Volkswagen",
        "modele": "Polo",
        "prix": "23499",
        "kilometrage": "11991",
        "boite_vitesse": "Auto.",
        "carburant": "Essence",
        "annee": "2024"
    },
    {
        "marque": "Audi",
        "modele": "A1 Sportback",
        "prix": "23499",
        "kilometrage": "13010",
        "boite_vitesse": "Manuelle",
        "carburant": "Essence",
        "annee": "2024"
    },
    {
        "marque": "Mercedes",
        "modele": "CLA Shooting Brake",
        "prix": "23499",
        "kilometrage": "67711",
        "boite_vitesse": "Manuelle",
        "carburant": "Essence",
        "annee": "2020"
    },
    {
        "marque": "Fiat",
        "modele": "500X",
        "prix": "23549",
        "kilometrage": "1042",
        "boite_vitesse": "Auto.",
        "carburant": "Micro-hybride essence",
        "annee": "2024"
    },
    {
        "marque": "Ford",
        "modele": "PUMA",
        "prix": "31390",
        "kilometrage": "10",
        "boite_vitesse": "Manuelle",
        "carburant": "Micro-hybride essence",
        "annee": "2025"
    },
    {
        "marque": "Nissan",
        "modele": "Qashqai",
        "prix": "23599",
        "kilometrage": "53883",
        "boite_vitesse": "Auto.",
        "carburant": "Micro-hybride essence",
        "annee": "2023"
    },
    {
        "marque": "Volkswagen",
        "modele": "Tiguan",
        "prix": "23599",
        "kilometrage": "79675",
        "boite_vitesse": "Auto.",
        "carburant": "Essence",
        "annee": "2018"
    },
    {
        "marque": "BMW",
        "modele": "X1",
        "prix": "23599",
        "kilometrage": "64545",
        "boite_vitesse": "Auto.",
        "carburant": "Diesel",
        "annee": "2018"
    },
    {
        "marque": "Ford",
        "modele": "Kuga",
        "prix": "23599",
        "kilometrage": "46486",
        "boite_vitesse": "Auto.",
        "carburant": "Hybride essence rechargeable",
        "annee": "2021"
    },
    {
        "marque": "BMW",
        "modele": "Série 1",
        "prix": "23599",
        "kilometrage": "27130",
        "boite_vitesse": "Manuelle",
        "carburant": "Essence",
        "annee": "2023"
    },
    {
        "marque": "Kia",
        "modele": "E-NIRO BUSINESS",
        "prix": "23599",
        "kilometrage": "40622",
        "boite_vitesse": "Auto.",
        "carburant": "Électrique",
        "annee": "2022"
    },
    {
        "marque": "Skoda",
        "modele": "Scala",
        "prix": "23599",
        "kilometrage": "6483",
        "boite_vitesse": "Auto.",
        "carburant": "Essence",
        "annee": "2023"
    },
    {
        "marque": "Ford",
        "modele": "PUMA",
        "prix": "31840",
        "kilometrage": "0",
        "boite_vitesse": "Auto.",
        "carburant": "Micro-hybride essence",
        "annee": "2025"
    },
    {
        "marque": "Dacia",
        "modele": "Duster",
        "prix": "25000",
        "kilometrage": "0",
        "boite_vitesse": "Manuelle",
        "carburant": "Micro-hybride essence",
        "annee": "2025"
    },
    {
        "marque": "Renault",
        "modele": "Mégane 4",
        "prix": "23699",
        "kilometrage": "23442",
        "boite_vitesse": "Auto.",
        "carburant": "Diesel",
        "annee": "2024"
    },
    {
        "marque": "Peugeot",
        "modele": "308 SW",
        "prix": "23699",
        "kilometrage": "15680",
        "boite_vitesse": "Auto.",
        "carburant": "Essence",
        "annee": "2024"
    },
    {
        "marque": "Mini",
        "modele": "Countryman",
        "prix": "23699",
        "kilometrage": "47200",
        "boite_vitesse": "Auto.",
        "carburant": "Hybride essence rechargeable",
        "annee": "2019"
    },
    {
        "marque": "Abarth",
        "modele": "595",
        "prix": "23699",
        "kilometrage": "32871",
        "boite_vitesse": "Manuelle",
        "carburant": "Essence",
        "annee": "2019"
    },
    {
        "marque": "Audi",
        "modele": "A1 Sportback",
        "prix": "23798",
        "kilometrage": "11815",
        "boite_vitesse": "Manuelle",
        "carburant": "Essence",
        "annee": "2024"
    },
    {
        "marque": "Ford",
        "modele": "Kuga",
        "prix": "23799",
        "kilometrage": "64411",
        "boite_vitesse": "Auto.",
        "carburant": "Hybride essence rechargeable",
        "annee": "2022"
    },
    {
        "marque": "Audi",
        "modele": "Q2",
        "prix": "23799",
        "kilometrage": "65607",
        "boite_vitesse": "Auto.",
        "carburant": "Diesel",
        "annee": "2019"
    },
    {
        "marque": "BMW",
        "modele": "Série 1",
        "prix": "23799",
        "kilometrage": "23375",
        "boite_vitesse": "Manuelle",
        "carburant": "Essence",
        "annee": "2023"
    }
]