[
    {
        "marque": "Peugeot",
        "modele": "408",
        "prix": "25999",
        "kilometrage": "40",
        "boite_vitesse": "Auto.",
        "carburant": "Essence",
        "annee": "2023"
    },
    {
        "marque": "Peugeot",
        "modele": "508",
        "prix": "25999",
        "kilometrage": "9865",
        "boite_vitesse": "Auto.",
        "carburant": "Essence",
        "annee": "2023"
    },
    {
        "marque": "Citroën",
        "modele": "C4 X",
        "prix": "25999",
        "kilometrage": "960",
        "boite_vitesse": "Auto.",
        "carburant": "Micro-hybride essence",
        "annee": "2024"
    },
    {
        "marque": "Toyota",
        "modele": "RAV 4",
        "prix": "25999",
        "kilometrage": "103925",
        "boite_vitesse": "Auto.",
        "carburant": "Hybride essence",
        "annee": "2021"
    },
    {
        "marque": "Audi",
        "modele": "A1 Sportback",
        "prix": "25999",
        "kilometrage": "19230",
        "boite_vitesse": "Auto.",
        "carburant": "Essence",
        "annee": "2024"
    },
    {
        "marque": "Opel",
        "modele": "Astra",
        "prix": "25999",
        "kilometrage": "31280",
        "boite_vitesse": "Auto.",
        "carburant": "Hybride essence rechargeable",
        "annee": "2024"
    },
    {
        "marque": "Opel",
        "modele": "GRANDLAND",
        "prix": "25999",
        "kilometrage": "8760",
        "boite_vitesse": "Auto.",
        "carburant": "Diesel",
        "annee": "2024"
    },
    {
        "marque": "Peugeot",
        "modele": "408",
        "prix": "25999",
        "kilometrage": "19000",
        "boite_vitesse": "Auto.",
        "carburant": "Essence",
        "annee": "2024"
    },
    {
        "marque": "Peugeot",
        "modele": "408",
        "prix": "25999",
        "kilometrage": "19560",
        "boite_vitesse": "Auto.",
        "carburant": "Essence",
        "annee": "2024"
    },
    {
        "marque": "BMW",
        "modele": "X2",
        "prix": "25999",
        "kilometrage": "55548",
        "boite_vitesse": "Auto.",
        "carburant": "Essence",
        "annee": "2019"
    },
    {
        "marque": "Seat",
        "modele": "Alhambra",
        "prix": "25999",
        "kilometrage": "81741",
        "boite_vitesse": "Auto.",
        "carburant": "Diesel",
        "annee": "2016"
    },
    {
        "marque": "Honda",
        "modele": "CR-V",
        "prix": "25999",
        "kilometrage": "27762",
        "boite_vitesse": "Manuelle",
        "carburant": "Essence",
        "annee": "2019"
    },
    {
        "marque": "Fiat",
        "modele": "600",
        "prix": "25999",
        "kilometrage": "8518",
        "boite_vitesse": "Auto.",
        "carburant": "Micro-hybride essence",
        "annee": "2024"
    },
    {
        "marque": "Mini",
        "modele": "Countryman",
        "prix": "25999",
        "kilometrage": "52494",
        "boite_vitesse": "Auto.",
        "carburant": "Diesel",
        "annee": "2020"
    },
    {
        "marque": "Volkswagen",
        "modele": "TAIGO",
        "prix": "25999",
        "kilometrage": "19769",
        "boite_vitesse": "Auto.",
        "carburant": "Essence",
        "annee": "2023"
    },
    {
        "marque": "Mitsubishi",
        "modele": "ECLIPSE CROSS",
        "prix": "25999",
        "kilometrage": "25625",
        "boite_vitesse": "Auto.",
        "carburant": "Hybride essence rechargeable",
        "annee": "2021"
    },
    {
        "marque": "Hyundai",
        "modele": "Tucson",
        "prix": "25999",
        "kilometrage": "64887",
        "boite_vitesse": "Auto.",
        "carburant": "Hybride essence",
        "annee": "2022"
    },
    {
        "marque": "Opel",
        "modele": "GRANDLAND",
        "prix": "25999",
        "kilometrage": "6135",
        "boite_vitesse": "Auto.",
        "carburant": "Diesel",
        "annee": "2024"
    },
    {
        "marque": "Citroën",
        "modele": "C5 X",
        "prix": "41750",
        "kilometrage": "10",
        "boite_vitesse": "Auto.",
        "carburant": "Essence",
        "annee": "2024"
    },
    {
        "marque": "Dacia",
        "modele": "Duster",
        "prix": "27490",
        "kilometrage": "0",
        "boite_vitesse": "Manuelle",
        "carburant": "Micro-hybride essence",
        "annee": "2025"
    },
    {
        "marque": "Citroën",
        "modele": "C5 Aircross",
        "prix": "26099",
        "kilometrage": "61204",
        "boite_vitesse": "Auto.",
        "carburant": "Hybride essence rechargeable",
        "annee": "2022"
    },
    {
        "marque": "Audi",
        "modele": "A4",
        "prix": "26099",
        "kilometrage": "72200",
        "boite_vitesse": "Auto.",
        "carburant": "Essence",
        "annee": "2019"
    },
    {
        "marque": "Citroën",
        "modele": "Jumper Fourgon",
        "prix": "26099",
        "kilometrage": "10435",
        "boite_vitesse": "Manuelle",
        "carburant": "Diesel",
        "annee": "2022"
    }
]