[
    {
        "marque": "Opel",
        "modele": "Mokka",
        "prix": "20999",
        "kilometrage": "9965",
        "boite_vitesse": "Auto.",
        "carburant": "Électrique",
        "annee": "2023"
    },
    {
        "marque": "Volkswagen",
        "modele": "Golf 7",
        "prix": "20999",
        "kilometrage": "49040",
        "boite_vitesse": "Auto.",
        "carburant": "Hybride essence rechargeable",
        "annee": "2020"
    },
    {
        "marque": "Mercedes",
        "modele": "GLA",
        "prix": "20999",
        "kilometrage": "82900",
        "boite_vitesse": "Auto.",
        "carburant": "Essence",
        "annee": "2016"
    },
    {
        "marque": "Opel",
        "modele": "Mokka",
        "prix": "20999",
        "kilometrage": "5275",
        "boite_vitesse": "Auto.",
        "carburant": "Électrique",
        "annee": "2023"
    },
    {
        "marque": "MG",
        "modele": "EHS",
        "prix": "20999",
        "kilometrage": "44322",
        "boite_vitesse": "Auto.",
        "carburant": "Hybride essence rechargeable",
        "annee": "2021"
    },
    {
        "marque": "Opel",
        "modele": "Astra",
        "prix": "20999",
        "kilometrage": "22590",
        "boite_vitesse": "Auto.",
        "carburant": "Diesel",
        "annee": "2023"
    },
    {
        "marque": "Jeep",
        "modele": "Renegade",
        "prix": "20999",
        "kilometrage": "23060",
        "boite_vitesse": "Auto.",
        "carburant": "Micro-hybride essence",
        "annee": "2022"
    },
    {
        "marque": "Peugeot",
        "modele": "508",
        "prix": "20999",
        "kilometrage": "41905",
        "boite_vitesse": "Auto.",
        "carburant": "Hybride essence rechargeable",
        "annee": "2021"
    },
    {
        "marque": "Toyota",
        "modele": "Yaris 4",
        "prix": "20999",
        "kilometrage": "36840",
        "boite_vitesse": "Auto.",
        "carburant": "Hybride essence",
        "annee": "2021"
    },
    {
        "marque": "Hyundai",
        "modele": "i20",
        "prix": "20999",
        "kilometrage": "11500",
        "boite_vitesse": "Auto.",
        "carburant": "Micro-hybride essence",
        "annee": "2024"
    },
    {
        "marque": "Jeep",
        "modele": "Renegade",
        "prix": "20999",
        "kilometrage": "64650",
        "boite_vitesse": "Auto.",
        "carburant": "Micro-hybride essence",
        "annee": "2022"
    },
    {
        "marque": "Mazda",
        "modele": "Mazda 3",
        "prix": "20999",
        "kilometrage": "10693",
        "boite_vitesse": "Auto.",
        "carburant": "Micro-hybride essence",
        "annee": "2021"
    },
    {
        "marque": "Mercedes",
        "modele": "Classe B",
        "prix": "20999",
        "kilometrage": "76230",
        "boite_vitesse": "Auto.",
        "carburant": "Diesel",
        "annee": "2019"
    },
    {
        "marque": "Skoda",
        "modele": "Karoq",
        "prix": "20999",
        "kilometrage": "62206",
        "boite_vitesse": "Manuelle",
        "carburant": "Essence",
        "annee": "2021"
    },
    {
        "marque": "Volkswagen",
        "modele": "Golf",
        "prix": "20999",
        "kilometrage": "98684",
        "boite_vitesse": "Auto.",
        "carburant": "Diesel",
        "annee": "2020"
    },
    {
        "marque": "Audi",
        "modele": "A4",
        "prix": "20999",
        "kilometrage": "93354",
        "boite_vitesse": "Auto.",
        "carburant": "Essence",
        "annee": "2019"
    },
    {
        "marque": "Audi",
        "modele": "A3",
        "prix": "20999",
        "kilometrage": "70155",
        "boite_vitesse": "Auto.",
        "carburant": "Diesel",
        "annee": "2019"
    },
    {
        "marque": "Peugeot",
        "modele": "e-2008",
        "prix": "20999",
        "kilometrage": "24178",
        "boite_vitesse": "Auto.",
        "carburant": "Électrique",
        "annee": "2023"
    },
    {
        "marque": "Volkswagen",
        "modele": "Passat",
        "prix": "20999",
        "kilometrage": "29839",
        "boite_vitesse": "Auto.",
        "carburant": "Diesel",
        "annee": "2019"
    },
    {
        "marque": "Peugeot",
        "modele": "2008",
        "prix": "20999",
        "kilometrage": "19786",
        "boite_vitesse": "Auto.",
        "carburant": "Essence",
        "annee": "2024"
    },
    {
        "marque": "Citroën",
        "modele": "C4",
        "prix": "20999",
        "kilometrage": "9269",
        "boite_vitesse": "Auto.",
        "carburant": "Essence",
        "annee": "2024"
    },
    {
        "marque": "Peugeot",
        "modele": "308",
        "prix": "20999",
        "kilometrage": "17441",
        "boite_vitesse": "Manuelle",
        "carburant": "Essence",
        "annee": "2024"
    },
    {
        "marque": "Volkswagen",
        "modele": "T-Roc",
        "prix": "20999",
        "kilometrage": "48462",
        "boite_vitesse": "Manuelle",
        "carburant": "Essence",
        "annee": "2022"
    }
]