[
    {
        "marque": "Peugeot",
        "modele": "2008",
        "prix": "35320",
        "kilometrage": "0",
        "boite_vitesse": "Auto.",
        "carburant": "Micro-hybride essence",
        "annee": "2025"
    },
    {
        "marque": "Ford",
        "modele": "PUMA",
        "prix": "33340",
        "kilometrage": "10",
        "boite_vitesse": "Auto.",
        "carburant": "Micro-hybride essence",
        "annee": "2025"
    },
    {
        "marque": "Volkswagen",
        "modele": "T-CROSS",
        "prix": "25988",
        "kilometrage": "9831",
        "boite_vitesse": "Auto.",
        "carburant": "Essence",
        "annee": "2024"
    },
    {
        "marque": "Citroën",
        "modele": "C5 Aircross",
        "prix": "38400",
        "kilometrage": "2",
        "boite_vitesse": "Auto.",
        "carburant": "Micro-hybride essence",
        "annee": "2024"
    },
    {
        "marque": "Peugeot",
        "modele": "2008",
        "prix": "34220",
        "kilometrage": "10",
        "boite_vitesse": "Auto.",
        "carburant": "Micro-hybride essence",
        "annee": "2025"
    },
    {
        "marque": "Peugeot",
        "modele": "2008",
        "prix": "25999",
        "kilometrage": "30083",
        "boite_vitesse": "Auto.",
        "carburant": "Diesel",
        "annee": "2022"
    },
    {
        "marque": "Citroën",
        "modele": "C5 Aircross",
        "prix": "39100",
        "kilometrage": "10",
        "boite_vitesse": "Auto.",
        "carburant": "Micro-hybride essence",
        "annee": "2024"
    },
    {
        "marque": "Kia",
        "modele": "Niro",
        "prix": "25999",
        "kilometrage": "36085",
        "boite_vitesse": "Auto.",
        "carburant": "Électrique",
        "annee": "2023"
    },
    {
        "marque": "Peugeot",
        "modele": "3008",
        "prix": "25999",
        "kilometrage": "37289",
        "boite_vitesse": "Auto.",
        "carburant": "Hybride essence rechargeable",
        "annee": "2022"
    },
    {
        "marque": "Toyota",
        "modele": "Corolla Touring Sports",
        "prix": "25999",
        "kilometrage": "22015",
        "boite_vitesse": "Auto.",
        "carburant": "Hybride essence",
        "annee": "2023"
    },
    {
        "marque": "Hyundai",
        "modele": "Tucson",
        "prix": "25999",
        "kilometrage": "64887",
        "boite_vitesse": "Auto.",
        "carburant": "Hybride essence",
        "annee": "2022"
    },
    {
        "marque": "BYD",
        "modele": "Atto 3",
        "prix": "25999",
        "kilometrage": "12264",
        "boite_vitesse": "Auto.",
        "carburant": "Électrique",
        "annee": "2023"
    },
    {
        "marque": "Peugeot",
        "modele": "408",
        "prix": "25999",
        "kilometrage": "2750",
        "boite_vitesse": "Auto.",
        "carburant": "Essence",
        "annee": "2024"
    },
    {
        "marque": "Peugeot",
        "modele": "408",
        "prix": "25999",
        "kilometrage": "40",
        "boite_vitesse": "Auto.",
        "carburant": "Essence",
        "annee": "2023"
    },
    {
        "marque": "Opel",
        "modele": "Astra",
        "prix": "25999",
        "kilometrage": "31280",
        "boite_vitesse": "Auto.",
        "carburant": "Hybride essence rechargeable",
        "annee": "2024"
    },
    {
        "marque": "Peugeot",
        "modele": "408",
        "prix": "25999",
        "kilometrage": "19000",
        "boite_vitesse": "Auto.",
        "carburant": "Essence",
        "annee": "2024"
    },
    {
        "marque": "BMW",
        "modele": "X2",
        "prix": "25999",
        "kilometrage": "55548",
        "boite_vitesse": "Auto.",
        "carburant": "Essence",
        "annee": "2019"
    },
    {
        "marque": "Peugeot",
        "modele": "508",
        "prix": "25999",
        "kilometrage": "9865",
        "boite_vitesse": "Auto.",
        "carburant": "Essence",
        "annee": "2023"
    },
    {
        "marque": "Honda",
        "modele": "CR-V",
        "prix": "25999",
        "kilometrage": "27762",
        "boite_vitesse": "Manuelle",
        "carburant": "Essence",
        "annee": "2019"
    },
    {
        "marque": "Seat",
        "modele": "Alhambra",
        "prix": "25999",
        "kilometrage": "81741",
        "boite_vitesse": "Auto.",
        "carburant": "Diesel",
        "annee": "2016"
    },
    {
        "marque": "Mini",
        "modele": "Countryman",
        "prix": "25999",
        "kilometrage": "52494",
        "boite_vitesse": "Auto.",
        "carburant": "Diesel",
        "annee": "2020"
    },
    {
        "marque": "Seat",
        "modele": "Tarraco",
        "prix": "25999",
        "kilometrage": "59286",
        "boite_vitesse": "Manuelle",
        "carburant": "Diesel",
        "annee": "2020"
    },
    {
        "marque": "Ford",
        "modele": "Tourneo Connect",
        "prix": "25999",
        "kilometrage": "15752",
        "boite_vitesse": "Manuelle",
        "carburant": "Essence",
        "annee": "2023"
    }
]