[
    {
        "marque": "Hyundai",
        "modele": "Ioniq",
        "prix": "29999",
        "kilometrage": "34978",
        "boite_vitesse": "Auto.",
        "carburant": "Électrique",
        "annee": "2022"
    },
    {
        "marque": "Smart",
        "modele": "#1",
        "prix": "29999",
        "kilometrage": "2452",
        "boite_vitesse": "Auto.",
        "carburant": "Électrique",
        "annee": "2024"
    },
    {
        "marque": "Volvo",
        "modele": "S60",
        "prix": "29999",
        "kilometrage": "71120",
        "boite_vitesse": "Auto.",
        "carburant": "Micro-hybride essence",
        "annee": "2020"
    },
    {
        "marque": "Alfa",
        "modele": "Romeo Stelvio",
        "prix": "29999",
        "kilometrage": "98947",
        "boite_vitesse": "Auto.",
        "carburant": "Diesel",
        "annee": "2021"
    },
    {
        "marque": "Alfa",
        "modele": "Romeo Stelvio",
        "prix": "29999",
        "kilometrage": "75512",
        "boite_vitesse": "Auto.",
        "carburant": "Diesel",
        "annee": "2020"
    },
    {
        "marque": "Citroën",
        "modele": "C5 Aircross",
        "prix": "43150",
        "kilometrage": "10",
        "boite_vitesse": "Auto.",
        "carburant": "Diesel",
        "annee": "2025"
    },
    {
        "marque": "Citroën",
        "modele": "C5 Aircross",
        "prix": "43000",
        "kilometrage": "10",
        "boite_vitesse": "Auto.",
        "carburant": "Micro-hybride essence",
        "annee": "2025"
    },
    {
        "marque": "Peugeot",
        "modele": "3008",
        "prix": "30099",
        "kilometrage": "21886",
        "boite_vitesse": "Auto.",
        "carburant": "Diesel",
        "annee": "2024"
    },
    {
        "marque": "Citroën",
        "modele": "Jumpy",
        "prix": "42360",
        "kilometrage": "10",
        "boite_vitesse": "Manuelle",
        "carburant": "Diesel",
        "annee": "2024"
    },
    {
        "marque": "BMW",
        "modele": "X2",
        "prix": "30099",
        "kilometrage": "33356",
        "boite_vitesse": "Auto.",
        "carburant": "Essence",
        "annee": "2023"
    },
    {
        "marque": "Audi",
        "modele": "A4 Avant",
        "prix": "30099",
        "kilometrage": "58216",
        "boite_vitesse": "Auto.",
        "carburant": "Micro-hybride diesel",
        "annee": "2022"
    },
    {
        "marque": "Volvo",
        "modele": "XC40",
        "prix": "30099",
        "kilometrage": "101588",
        "boite_vitesse": "Auto.",
        "carburant": "Diesel",
        "annee": "2019"
    },
    {
        "marque": "BMW",
        "modele": "Série 1",
        "prix": "30180",
        "kilometrage": "17745",
        "boite_vitesse": "Auto.",
        "carburant": "Essence",
        "annee": "2023"
    },
    {
        "marque": "Renault",
        "modele": "Austral",
        "prix": "40850",
        "kilometrage": "0",
        "boite_vitesse": "Auto.",
        "carburant": "Micro-hybride essence",
        "annee": "2025"
    },
    {
        "marque": "Toyota",
        "modele": "C-HR",
        "prix": "38550",
        "kilometrage": "0",
        "boite_vitesse": "Auto.",
        "carburant": "Hybride essence",
        "annee": "2025"
    },
    {
        "marque": "DS",
        "modele": "DS7 CROSSBACK",
        "prix": "30199",
        "kilometrage": "29390",
        "boite_vitesse": "Auto.",
        "carburant": "Hybride essence rechargeable",
        "annee": "2022"
    },
    {
        "marque": "DS",
        "modele": "DS7 Crossback",
        "prix": "30285",
        "kilometrage": "19712",
        "boite_vitesse": "Auto.",
        "carburant": "Diesel",
        "annee": "2022"
    },
    {
        "marque": "DS",
        "modele": "DS7 Crossback",
        "prix": "30285",
        "kilometrage": "29598",
        "boite_vitesse": "Auto.",
        "carburant": "Diesel",
        "annee": "2022"
    },
    {
        "marque": "Renault",
        "modele": "Captur",
        "prix": "36400",
        "kilometrage": "0",
        "boite_vitesse": "Auto.",
        "carburant": "Hybride essence",
        "annee": "2025"
    },
    {
        "marque": "Renault",
        "modele": "Austral",
        "prix": "41300",
        "kilometrage": "0",
        "boite_vitesse": "Auto.",
        "carburant": "Micro-hybride essence",
        "annee": "2025"
    },
    {
        "marque": "Renault",
        "modele": "Austral",
        "prix": "40850",
        "kilometrage": "0",
        "boite_vitesse": "Auto.",
        "carburant": "Micro-hybride essence",
        "annee": "2025"
    },
    {
        "marque": "DS",
        "modele": "DS7 Crossback",
        "prix": "30299",
        "kilometrage": "28803",
        "boite_vitesse": "Auto.",
        "carburant": "Diesel",
        "annee": "2022"
    },
    {
        "marque": "DS",
        "modele": "DS7 Crossback",
        "prix": "30299",
        "kilometrage": "25905",
        "boite_vitesse": "Auto.",
        "carburant": "Diesel",
        "annee": "2022"
    }
]