[
    {
        "marque": "Volkswagen",
        "modele": "Polo",
        "prix": "18999",
        "kilometrage": "18648",
        "boite_vitesse": "Manuelle",
        "carburant": "Essence",
        "annee": "2023"
    },
    {
        "marque": "Toyota",
        "modele": "Yaris 4",
        "prix": "18999",
        "kilometrage": "36375",
        "boite_vitesse": "Auto.",
        "carburant": "Hybride essence",
        "annee": "2023"
    },
    {
        "marque": "Renault",
        "modele": "Mégane 4",
        "prix": "18999",
        "kilometrage": "68825",
        "boite_vitesse": "Auto.",
        "carburant": "Essence",
        "annee": "2017"
    },
    {
        "marque": "Volkswagen",
        "modele": "Golf 7",
        "prix": "18999",
        "kilometrage": "95706",
        "boite_vitesse": "Auto.",
        "carburant": "Diesel",
        "annee": "2020"
    },
    {
        "marque": "Mini",
        "modele": "Mini",
        "prix": "18999",
        "kilometrage": "51883",
        "boite_vitesse": "Auto.",
        "carburant": "Essence",
        "annee": "2019"
    },
    {
        "marque": "Ford",
        "modele": "Focus",
        "prix": "18999",
        "kilometrage": "51712",
        "boite_vitesse": "Auto.",
        "carburant": "Hybride essence",
        "annee": "2023"
    },
    {
        "marque": "Opel",
        "modele": "Mokka",
        "prix": "18999",
        "kilometrage": "4001",
        "boite_vitesse": "Auto.",
        "carburant": "Électrique",
        "annee": "2022"
    },
    {
        "marque": "Renault",
        "modele": "Kadjar",
        "prix": "18999",
        "kilometrage": "118953",
        "boite_vitesse": "Manuelle",
        "carburant": "Diesel",
        "annee": "2020"
    },
    {
        "marque": "Renault",
        "modele": "Scénic 4",
        "prix": "18999",
        "kilometrage": "67115",
        "boite_vitesse": "Auto.",
        "carburant": "Essence",
        "annee": "2021"
    },
    {
        "marque": "Audi",
        "modele": "A1 Sportback",
        "prix": "18999",
        "kilometrage": "66125",
        "boite_vitesse": "Manuelle",
        "carburant": "Essence",
        "annee": "2019"
    },
    {
        "marque": "Audi",
        "modele": "A1 Sportback",
        "prix": "18999",
        "kilometrage": "70200",
        "boite_vitesse": "Manuelle",
        "carburant": "Essence",
        "annee": "2022"
    },
    {
        "marque": "Dacia",
        "modele": "SPRING",
        "prix": "18999",
        "kilometrage": "2314",
        "boite_vitesse": "Auto.",
        "carburant": "Électrique",
        "annee": "2024"
    },
    {
        "marque": "Suzuki",
        "modele": "VITARA",
        "prix": "18999",
        "kilometrage": "49810",
        "boite_vitesse": "Manuelle",
        "carburant": "Micro-hybride essence",
        "annee": "2020"
    },
    {
        "marque": "Opel",
        "modele": "Mokka",
        "prix": "18999",
        "kilometrage": "14205",
        "boite_vitesse": "Auto.",
        "carburant": "Électrique",
        "annee": "2021"
    },
    {
        "marque": "Jeep",
        "modele": "Renegade",
        "prix": "18999",
        "kilometrage": "65320",
        "boite_vitesse": "Auto.",
        "carburant": "Micro-hybride essence",
        "annee": "2022"
    },
    {
        "marque": "Peugeot",
        "modele": "508",
        "prix": "18999",
        "kilometrage": "28490",
        "boite_vitesse": "Manuelle",
        "carburant": "Diesel",
        "annee": "2019"
    },
    {
        "marque": "DS",
        "modele": "DS3 CROSSBACK",
        "prix": "18999",
        "kilometrage": "50846",
        "boite_vitesse": "Auto.",
        "carburant": "Essence",
        "annee": "2021"
    },
    {
        "marque": "Renault",
        "modele": "Espace 5",
        "prix": "18999",
        "kilometrage": "103834",
        "boite_vitesse": "Auto.",
        "carburant": "Essence",
        "annee": "2016"
    },
    {
        "marque": "Toyota",
        "modele": "Yaris 4",
        "prix": "18999",
        "kilometrage": "41080",
        "boite_vitesse": "Auto.",
        "carburant": "Hybride essence",
        "annee": "2020"
    },
    {
        "marque": "Citroën",
        "modele": "JUMPY CABINE APPROFONDIE",
        "prix": "18999",
        "kilometrage": "109985",
        "boite_vitesse": "Manuelle",
        "carburant": "Diesel",
        "annee": "2020"
    },
    {
        "marque": "Volkswagen",
        "modele": "Up",
        "prix": "18999",
        "kilometrage": "1859",
        "boite_vitesse": "Auto.",
        "carburant": "Électrique",
        "annee": "2023"
    },
    {
        "marque": "Toyota",
        "modele": "Corolla Sw",
        "prix": "18999",
        "kilometrage": "92327",
        "boite_vitesse": "Auto.",
        "carburant": "Hybride essence",
        "annee": "2020"
    },
    {
        "marque": "Renault",
        "modele": "Talisman",
        "prix": "18999",
        "kilometrage": "74810",
        "boite_vitesse": "Manuelle",
        "carburant": "Diesel",
        "annee": "2020"
    }
]