[
    {
        "marque": "Volvo",
        "modele": "XC40",
        "prix": "30099",
        "kilometrage": "101588",
        "boite_vitesse": "Auto.",
        "carburant": "Diesel",
        "annee": "2019"
    },
    {
        "marque": "BMW",
        "modele": "Série 1",
        "prix": "30180",
        "kilometrage": "17745",
        "boite_vitesse": "Auto.",
        "carburant": "Essence",
        "annee": "2023"
    },
    {
        "marque": "DS",
        "modele": "DS7 CROSSBACK",
        "prix": "30199",
        "kilometrage": "29390",
        "boite_vitesse": "Auto.",
        "carburant": "Hybride essence rechargeable",
        "annee": "2022"
    },
    {
        "marque": "DS",
        "modele": "DS7 Crossback",
        "prix": "30299",
        "kilometrage": "25905",
        "boite_vitesse": "Auto.",
        "carburant": "Diesel",
        "annee": "2022"
    },
    {
        "marque": "Volkswagen",
        "modele": "Golf 8 SW",
        "prix": "30299",
        "kilometrage": "21785",
        "boite_vitesse": "Auto.",
        "carburant": "Essence",
        "annee": "2024"
    },
    {
        "marque": "DS",
        "modele": "DS7 Crossback",
        "prix": "30313",
        "kilometrage": "28803",
        "boite_vitesse": "Auto.",
        "carburant": "Diesel",
        "annee": "2022"
    },
    {
        "marque": "Fiat",
        "modele": "Scudo",
        "prix": "39960",
        "kilometrage": "10",
        "boite_vitesse": "Manuelle",
        "carburant": "Diesel",
        "annee": "2025"
    },
    {
        "marque": "DS",
        "modele": "DS4",
        "prix": "30399",
        "kilometrage": "1096",
        "boite_vitesse": "Auto.",
        "carburant": "Diesel",
        "annee": "2024"
    },
    {
        "marque": "Peugeot",
        "modele": "3008",
        "prix": "41950",
        "kilometrage": "0",
        "boite_vitesse": "Auto.",
        "carburant": "Micro-hybride essence",
        "annee": "2025"
    },
    {
        "marque": "Opel",
        "modele": "Astra Sports Tourer",
        "prix": "45700",
        "kilometrage": "30",
        "boite_vitesse": "Auto.",
        "carburant": "Hybride essence rechargeable",
        "annee": "2025"
    },
    {
        "marque": "Toyota",
        "modele": "C-HR",
        "prix": "30499",
        "kilometrage": "277",
        "boite_vitesse": "Auto.",
        "carburant": "Hybride essence",
        "annee": "2025"
    },
    {
        "marque": "BMW",
        "modele": "Série 4 Cabriolet",
        "prix": "30499",
        "kilometrage": "79741",
        "boite_vitesse": "Auto.",
        "carburant": "Diesel",
        "annee": "2015"
    },
    {
        "marque": "Renault",
        "modele": "Austral",
        "prix": "41300",
        "kilometrage": "0",
        "boite_vitesse": "Auto.",
        "carburant": "Micro-hybride essence",
        "annee": "2025"
    },
    {
        "marque": "Toyota",
        "modele": "Corolla Touring Sports",
        "prix": "40450",
        "kilometrage": "10",
        "boite_vitesse": "Auto.",
        "carburant": "Hybride essence",
        "annee": "2024"
    },
    {
        "marque": "MG",
        "modele": "MG4",
        "prix": "30599",
        "kilometrage": "504",
        "boite_vitesse": "Auto.",
        "carburant": "Électrique",
        "annee": "2024"
    },
    {
        "marque": "Nissan",
        "modele": "Qashqai",
        "prix": "42800",
        "kilometrage": "10",
        "boite_vitesse": "Auto.",
        "carburant": "Micro-hybride essence",
        "annee": "2025"
    },
    {
        "marque": "Nissan",
        "modele": "Qashqai",
        "prix": "42800",
        "kilometrage": "0",
        "boite_vitesse": "Auto.",
        "carburant": "Micro-hybride essence",
        "annee": "2025"
    },
    {
        "marque": "Citroën",
        "modele": "Jumpy",
        "prix": "45996",
        "kilometrage": "10",
        "boite_vitesse": "Manuelle",
        "carburant": "Diesel",
        "annee": "2024"
    },
    {
        "marque": "Renault",
        "modele": "TRAFIC FOURGON",
        "prix": "42300",
        "kilometrage": "19",
        "boite_vitesse": "Manuelle",
        "carburant": "Diesel",
        "annee": "2025"
    },
    {
        "marque": "Renault",
        "modele": "Austral",
        "prix": "30699",
        "kilometrage": "18928",
        "boite_vitesse": "Auto.",
        "carburant": "Hybride essence",
        "annee": "2024"
    },
    {
        "marque": "Renault",
        "modele": "Symbioz",
        "prix": "37200",
        "kilometrage": "0",
        "boite_vitesse": "Auto.",
        "carburant": "Hybride essence",
        "annee": "2025"
    },
    {
        "marque": "Renault",
        "modele": "Trafic",
        "prix": "41640",
        "kilometrage": "10",
        "boite_vitesse": "Manuelle",
        "carburant": "Diesel",
        "annee": "2024"
    },
    {
        "marque": "Nissan",
        "modele": "Qashqai",
        "prix": "44850",
        "kilometrage": "0",
        "boite_vitesse": "Auto.",
        "carburant": "Micro-hybride essence",
        "annee": "2025"
    }
]