[
    {
        "marque": "Dacia",
        "modele": "Sandero",
        "prix": "15499",
        "kilometrage": "7285",
        "boite_vitesse": "Manuelle",
        "carburant": "GPL",
        "annee": "2022"
    },
    {
        "marque": "Dacia",
        "modele": "Duster",
        "prix": "15499",
        "kilometrage": "46700",
        "boite_vitesse": "Manuelle",
        "carburant": "GPL",
        "annee": "2021"
    },
    {
        "marque": "Citroën",
        "modele": "C3 Aircross",
        "prix": "15499",
        "kilometrage": "22476",
        "boite_vitesse": "Auto.",
        "carburant": "Essence",
        "annee": "2021"
    },
    {
        "marque": "Volkswagen",
        "modele": "Polo",
        "prix": "15499",
        "kilometrage": "75396",
        "boite_vitesse": "Manuelle",
        "carburant": "Diesel",
        "annee": "2018"
    },
    {
        "marque": "Renault",
        "modele": "Kadjar",
        "prix": "15499",
        "kilometrage": "96512",
        "boite_vitesse": "Auto.",
        "carburant": "Diesel",
        "annee": "2020"
    },
    {
        "marque": "Renault",
        "modele": "Zoé",
        "prix": "15499",
        "kilometrage": "29085",
        "boite_vitesse": "Auto.",
        "carburant": "Électrique",
        "annee": "2021"
    },
    {
        "marque": "Renault",
        "modele": "Scénic 4",
        "prix": "15499",
        "kilometrage": "70480",
        "boite_vitesse": "Manuelle",
        "carburant": "Diesel",
        "annee": "2017"
    },
    {
        "marque": "DS",
        "modele": "DS3 CROSSBACK",
        "prix": "15499",
        "kilometrage": "45444",
        "boite_vitesse": "Manuelle",
        "carburant": "Essence",
        "annee": "2020"
    },
    {
        "marque": "Jeep",
        "modele": "Renegade",
        "prix": "15499",
        "kilometrage": "43949",
        "boite_vitesse": "Manuelle",
        "carburant": "Essence",
        "annee": "2021"
    },
    {
        "marque": "Ford",
        "modele": "Kuga",
        "prix": "15499",
        "kilometrage": "116520",
        "boite_vitesse": "Manuelle",
        "carburant": "Éthanol E85",
        "annee": "2019"
    },
    {
        "marque": "DS",
        "modele": "DS3 CROSSBACK",
        "prix": "15499",
        "kilometrage": "62494",
        "boite_vitesse": "Auto.",
        "carburant": "Essence",
        "annee": "2019"
    },
    {
        "marque": "Fiat",
        "modele": "500C",
        "prix": "27150",
        "kilometrage": "Occasion",
        "boite_vitesse": "2024",
        "carburant": "Manuelle",
        "annee": "12 736 km"
    },
    {
        "marque": "Nissan",
        "modele": "Micra",
        "prix": "15499",
        "kilometrage": "44558",
        "boite_vitesse": "Manuelle",
        "carburant": "Essence",
        "annee": "2022"
    },
    {
        "marque": "Opel",
        "modele": "Astra Sports Tourer",
        "prix": "15499",
        "kilometrage": "79175",
        "boite_vitesse": "Manuelle",
        "carburant": "Essence",
        "annee": "2021"
    },
    {
        "marque": "Honda",
        "modele": "HR-V",
        "prix": "15499",
        "kilometrage": "74785",
        "boite_vitesse": "Auto.",
        "carburant": "Essence",
        "annee": "2018"
    },
    {
        "marque": "Hyundai",
        "modele": "i10",
        "prix": "15499",
        "kilometrage": "47020",
        "boite_vitesse": "Manuelle",
        "carburant": "Essence",
        "annee": "2023"
    },
    {
        "marque": "Ford",
        "modele": "Mondeo",
        "prix": "15499",
        "kilometrage": "106558",
        "boite_vitesse": "Auto.",
        "carburant": "Hybride essence",
        "annee": "2018"
    },
    {
        "marque": "Peugeot",
        "modele": "2008",
        "prix": "15499",
        "kilometrage": "67187",
        "boite_vitesse": "Auto.",
        "carburant": "Électrique",
        "annee": "2020"
    },
    {
        "marque": "Renault",
        "modele": "Clio 5",
        "prix": "15499",
        "kilometrage": "61680",
        "boite_vitesse": "Auto.",
        "carburant": "Hybride essence",
        "annee": "2022"
    },
    {
        "marque": "Nissan",
        "modele": "Qashqai",
        "prix": "15499",
        "kilometrage": "95376",
        "boite_vitesse": "Manuelle",
        "carburant": "Diesel",
        "annee": "2018"
    },
    {
        "marque": "Nissan",
        "modele": "Qashqai",
        "prix": "15499",
        "kilometrage": "111100",
        "boite_vitesse": "Auto.",
        "carburant": "Essence",
        "annee": "2020"
    },
    {
        "marque": "Jeep",
        "modele": "Renegade",
        "prix": "15499",
        "kilometrage": "90428",
        "boite_vitesse": "Manuelle",
        "carburant": "Diesel",
        "annee": "2022"
    },
    {
        "marque": "Kia",
        "modele": "Picanto",
        "prix": "15499",
        "kilometrage": "3535",
        "boite_vitesse": "Manuelle",
        "carburant": "Essence",
        "annee": "2023"
    }
]