[
    {
        "marque": "Fiat",
        "modele": "500",
        "prix": "12399",
        "kilometrage": "34705",
        "boite_vitesse": "Auto.",
        "carburant": "Électrique",
        "annee": "2022"
    },
    {
        "marque": "Dacia",
        "modele": "Sandero",
        "prix": "12499",
        "kilometrage": "28690",
        "boite_vitesse": "Manuelle",
        "carburant": "Essence",
        "annee": "2023"
    },
    {
        "marque": "Peugeot",
        "modele": "2008",
        "prix": "12499",
        "kilometrage": "51146",
        "boite_vitesse": "Auto.",
        "carburant": "Essence",
        "annee": "2019"
    },
    {
        "marque": "Peugeot",
        "modele": "2008",
        "prix": "12499",
        "kilometrage": "64175",
        "boite_vitesse": "Auto.",
        "carburant": "Essence",
        "annee": "2019"
    },
    {
        "marque": "Peugeot",
        "modele": "3008",
        "prix": "12499",
        "kilometrage": "99900",
        "boite_vitesse": "Manuelle",
        "carburant": "Essence",
        "annee": "2017"
    },
    {
        "marque": "Citroën",
        "modele": "C3 Aircross",
        "prix": "12499",
        "kilometrage": "88700",
        "boite_vitesse": "Manuelle",
        "carburant": "Diesel",
        "annee": "2020"
    },
    {
        "marque": "Citroën",
        "modele": "C3",
        "prix": "12499",
        "kilometrage": "50349",
        "boite_vitesse": "Manuelle",
        "carburant": "Essence",
        "annee": "2022"
    },
    {
        "marque": "Peugeot",
        "modele": "308",
        "prix": "12499",
        "kilometrage": "113162",
        "boite_vitesse": "Auto.",
        "carburant": "Diesel",
        "annee": "2019"
    },
    {
        "marque": "Dacia",
        "modele": "Sandero",
        "prix": "12499",
        "kilometrage": "38557",
        "boite_vitesse": "Manuelle",
        "carburant": "Essence",
        "annee": "2021"
    },
    {
        "marque": "Citroën",
        "modele": "C3 Aircross",
        "prix": "12499",
        "kilometrage": "33217",
        "boite_vitesse": "Auto.",
        "carburant": "Essence",
        "annee": "2018"
    },
    {
        "marque": "Renault",
        "modele": "Clio 4",
        "prix": "12499",
        "kilometrage": "82015",
        "boite_vitesse": "Auto.",
        "carburant": "Essence",
        "annee": "2017"
    },
    {
        "marque": "Fiat",
        "modele": "500",
        "prix": "12499",
        "kilometrage": "16492",
        "boite_vitesse": "Manuelle",
        "carburant": "Micro-hybride essence",
        "annee": "2022"
    },
    {
        "marque": "Nissan",
        "modele": "Juke",
        "prix": "12499",
        "kilometrage": "67805",
        "boite_vitesse": "Manuelle",
        "carburant": "Essence",
        "annee": "2018"
    },
    {
        "marque": "Renault",
        "modele": "Clio 4",
        "prix": "12499",
        "kilometrage": "63262",
        "boite_vitesse": "Manuelle",
        "carburant": "Essence",
        "annee": "2019"
    },
    {
        "marque": "Toyota",
        "modele": "Yaris",
        "prix": "12499",
        "kilometrage": "59029",
        "boite_vitesse": "Manuelle",
        "carburant": "Essence",
        "annee": "2019"
    },
    {
        "marque": "Renault",
        "modele": "Zoé",
        "prix": "12499",
        "kilometrage": "46865",
        "boite_vitesse": "Auto.",
        "carburant": "Électrique",
        "annee": "2020"
    },
    {
        "marque": "Renault",
        "modele": "Clio 4",
        "prix": "12499",
        "kilometrage": "61685",
        "boite_vitesse": "Manuelle",
        "carburant": "Essence",
        "annee": "2018"
    },
    {
        "marque": "Seat",
        "modele": "Leon",
        "prix": "12499",
        "kilometrage": "90696",
        "boite_vitesse": "Manuelle",
        "carburant": "Essence",
        "annee": "2017"
    },
    {
        "marque": "Opel",
        "modele": "Grandland X",
        "prix": "12499",
        "kilometrage": "84475",
        "boite_vitesse": "Manuelle",
        "carburant": "Essence",
        "annee": "2019"
    },
    {
        "marque": "Opel",
        "modele": "Astra",
        "prix": "12499",
        "kilometrage": "68145",
        "boite_vitesse": "Manuelle",
        "carburant": "Essence",
        "annee": "2020"
    },
    {
        "marque": "Citroën",
        "modele": "C4 Cactus",
        "prix": "12499",
        "kilometrage": "54088",
        "boite_vitesse": "Auto.",
        "carburant": "Essence",
        "annee": "2018"
    },
    {
        "marque": "Fiat",
        "modele": "500C",
        "prix": "12499",
        "kilometrage": "29573",
        "boite_vitesse": "Manuelle",
        "carburant": "Micro-hybride essence",
        "annee": "2022"
    },
    {
        "marque": "Toyota",
        "modele": "Aygo",
        "prix": "12499",
        "kilometrage": "15866",
        "boite_vitesse": "Manuelle",
        "carburant": "Essence",
        "annee": "2021"
    }
]