[
    {
        "marque": "Opel",
        "modele": "MOVANO FOURGON",
        "prix": "50520",
        "kilometrage": "10",
        "boite_vitesse": "Auto.",
        "carburant": "Diesel",
        "annee": "2025"
    },
    {
        "marque": "Opel",
        "modele": "MOVANO FOURGON",
        "prix": "50520",
        "kilometrage": "10",
        "boite_vitesse": "Auto.",
        "carburant": "Diesel",
        "annee": "2025"
    },
    {
        "marque": "Hyundai",
        "modele": "Tucson",
        "prix": "38500",
        "kilometrage": "10",
        "boite_vitesse": "Auto.",
        "carburant": "Hybride essence",
        "annee": "2025"
    },
    {
        "marque": "Nissan",
        "modele": "Qashqai",
        "prix": "46000",
        "kilometrage": "0",
        "boite_vitesse": "Auto.",
        "carburant": "Micro-hybride essence",
        "annee": "2025"
    },
    {
        "marque": "Citroën",
        "modele": "Jumpy",
        "prix": "48384",
        "kilometrage": "6",
        "boite_vitesse": "Auto.",
        "carburant": "Diesel",
        "annee": "2024"
    },
    {
        "marque": "Renault",
        "modele": "Symbioz",
        "prix": "40400",
        "kilometrage": "0",
        "boite_vitesse": "Auto.",
        "carburant": "Hybride essence",
        "annee": "2025"
    },
    {
        "marque": "Volkswagen",
        "modele": "Golf 8",
        "prix": "43220",
        "kilometrage": "0",
        "boite_vitesse": "Auto.",
        "carburant": "Diesel",
        "annee": "2025"
    },
    {
        "marque": "Volkswagen",
        "modele": "T-Roc",
        "prix": "32899",
        "kilometrage": "28312",
        "boite_vitesse": "Auto.",
        "carburant": "Essence",
        "annee": "2024"
    },
    {
        "marque": "Skoda",
        "modele": "Karoq",
        "prix": "32899",
        "kilometrage": "36845",
        "boite_vitesse": "Auto.",
        "carburant": "Essence",
        "annee": "2023"
    },
    {
        "marque": "Renault",
        "modele": "Austral",
        "prix": "44500",
        "kilometrage": "0",
        "boite_vitesse": "Auto.",
        "carburant": "Hybride essence",
        "annee": "2025"
    },
    {
        "marque": "Peugeot",
        "modele": "5008",
        "prix": "42210",
        "kilometrage": "0",
        "boite_vitesse": "Auto.",
        "carburant": "Micro-hybride essence",
        "annee": "2025"
    },
    {
        "marque": "Peugeot",
        "modele": "3008",
        "prix": "43150",
        "kilometrage": "0",
        "boite_vitesse": "Auto.",
        "carburant": "Micro-hybride essence",
        "annee": "2025"
    },
    {
        "marque": "Renault",
        "modele": "Austral",
        "prix": "32999",
        "kilometrage": "5805",
        "boite_vitesse": "Auto.",
        "carburant": "Hybride essence",
        "annee": "2024"
    },
    {
        "marque": "Peugeot",
        "modele": "5008",
        "prix": "32999",
        "kilometrage": "13911",
        "boite_vitesse": "Auto.",
        "carburant": "Diesel",
        "annee": "2020"
    },
    {
        "marque": "Volkswagen",
        "modele": "Polo",
        "prix": "32999",
        "kilometrage": "5570",
        "boite_vitesse": "Auto.",
        "carburant": "Essence",
        "annee": "2024"
    },
    {
        "marque": "DS",
        "modele": "DS7",
        "prix": "32999",
        "kilometrage": "18485",
        "boite_vitesse": "Auto.",
        "carburant": "Diesel",
        "annee": "2023"
    },
    {
        "marque": "DS",
        "modele": "DS7",
        "prix": "32999",
        "kilometrage": "18280",
        "boite_vitesse": "Auto.",
        "carburant": "Diesel",
        "annee": "2023"
    },
    {
        "marque": "Ford",
        "modele": "Kuga",
        "prix": "32999",
        "kilometrage": "15346",
        "boite_vitesse": "Auto.",
        "carburant": "Hybride essence",
        "annee": "2024"
    },
    {
        "marque": "DS",
        "modele": "DS7",
        "prix": "32999",
        "kilometrage": "19215",
        "boite_vitesse": "Auto.",
        "carburant": "Diesel",
        "annee": "2023"
    },
    {
        "marque": "DS",
        "modele": "DS7",
        "prix": "32999",
        "kilometrage": "15345",
        "boite_vitesse": "Auto.",
        "carburant": "Diesel",
        "annee": "2023"
    },
    {
        "marque": "Peugeot",
        "modele": "508",
        "prix": "32999",
        "kilometrage": "34773",
        "boite_vitesse": "Auto.",
        "carburant": "Hybride essence rechargeable",
        "annee": "2021"
    },
    {
        "marque": "BMW",
        "modele": "X2",
        "prix": "32999",
        "kilometrage": "47078",
        "boite_vitesse": "Auto.",
        "carburant": "Hybride essence rechargeable",
        "annee": "2021"
    },
    {
        "marque": "DS",
        "modele": "DS7",
        "prix": "32999",
        "kilometrage": "3221",
        "boite_vitesse": "Auto.",
        "carburant": "Diesel",
        "annee": "2024"
    }
]