[
    {
        "marque": "Citroën",
        "modele": "C3",
        "prix": "14499",
        "kilometrage": "6315",
        "boite_vitesse": "Manuelle",
        "carburant": "Essence",
        "annee": "2024"
    },
    {
        "marque": "Peugeot",
        "modele": "3008",
        "prix": "14499",
        "kilometrage": "60436",
        "boite_vitesse": "Manuelle",
        "carburant": "Essence",
        "annee": "2018"
    },
    {
        "marque": "Renault",
        "modele": "Twingo 3",
        "prix": "14499",
        "kilometrage": "1440",
        "boite_vitesse": "Auto.",
        "carburant": "Électrique",
        "annee": "2024"
    },
    {
        "marque": "Dacia",
        "modele": "Sandero",
        "prix": "14499",
        "kilometrage": "36466",
        "boite_vitesse": "Manuelle",
        "carburant": "GPL",
        "annee": "2022"
    },
    {
        "marque": "Dacia",
        "modele": "Duster",
        "prix": "14499",
        "kilometrage": "100996",
        "boite_vitesse": "Manuelle",
        "carburant": "Essence",
        "annee": "2019"
    },
    {
        "marque": "Citroën",
        "modele": "C3 Aircross",
        "prix": "14499",
        "kilometrage": "54305",
        "boite_vitesse": "Auto.",
        "carburant": "Essence",
        "annee": "2021"
    },
    {
        "marque": "Fiat",
        "modele": "500",
        "prix": "14499",
        "kilometrage": "44331",
        "boite_vitesse": "Auto.",
        "carburant": "Essence",
        "annee": "2020"
    },
    {
        "marque": "Fiat",
        "modele": "500",
        "prix": "14499",
        "kilometrage": "21227",
        "boite_vitesse": "Manuelle",
        "carburant": "Micro-hybride essence",
        "annee": "2024"
    },
    {
        "marque": "Nissan",
        "modele": "X-Trail",
        "prix": "14499",
        "kilometrage": "112920",
        "boite_vitesse": "Manuelle",
        "carburant": "Diesel",
        "annee": "2016"
    },
    {
        "marque": "Fiat",
        "modele": "500",
        "prix": "21950",
        "kilometrage": "Occasion",
        "boite_vitesse": "2024",
        "carburant": "Manuelle",
        "annee": "20 650 km"
    },
    {
        "marque": "Toyota",
        "modele": "Yaris",
        "prix": "14499",
        "kilometrage": "56576",
        "boite_vitesse": "Auto.",
        "carburant": "Hybride essence",
        "annee": "2019"
    },
    {
        "marque": "Renault",
        "modele": "Mégane 4",
        "prix": "14499",
        "kilometrage": "82965",
        "boite_vitesse": "Auto.",
        "carburant": "Essence",
        "annee": "2018"
    },
    {
        "marque": "Renault",
        "modele": "Kadjar",
        "prix": "14499",
        "kilometrage": "92861",
        "boite_vitesse": "Manuelle",
        "carburant": "Diesel",
        "annee": "2021"
    },
    {
        "marque": "Volkswagen",
        "modele": "Polo",
        "prix": "14499",
        "kilometrage": "76300",
        "boite_vitesse": "Manuelle",
        "carburant": "Essence",
        "annee": "2019"
    },
    {
        "marque": "Toyota",
        "modele": "Yaris",
        "prix": "14499",
        "kilometrage": "95890",
        "boite_vitesse": "Auto.",
        "carburant": "Hybride essence",
        "annee": "2018"
    },
    {
        "marque": "Opel",
        "modele": "Crossland",
        "prix": "14499",
        "kilometrage": "56719",
        "boite_vitesse": "Manuelle",
        "carburant": "Diesel",
        "annee": "2022"
    },
    {
        "marque": "Renault",
        "modele": "Grand Scénic 4",
        "prix": "14499",
        "kilometrage": "128075",
        "boite_vitesse": "Auto.",
        "carburant": "Essence",
        "annee": "2019"
    },
    {
        "marque": "Fiat",
        "modele": "500X",
        "prix": "14499",
        "kilometrage": "51948",
        "boite_vitesse": "Manuelle",
        "carburant": "Essence",
        "annee": "2022"
    },
    {
        "marque": "Ford",
        "modele": "Focus",
        "prix": "14499",
        "kilometrage": "103735",
        "boite_vitesse": "Manuelle",
        "carburant": "Essence",
        "annee": "2020"
    },
    {
        "marque": "Hyundai",
        "modele": "Kona",
        "prix": "14499",
        "kilometrage": "55920",
        "boite_vitesse": "Manuelle",
        "carburant": "Essence",
        "annee": "2018"
    },
    {
        "marque": "Renault",
        "modele": "Scénic 4",
        "prix": "14499",
        "kilometrage": "111985",
        "boite_vitesse": "Auto.",
        "carburant": "Essence",
        "annee": "2019"
    },
    {
        "marque": "Jeep",
        "modele": "Renegade",
        "prix": "14499",
        "kilometrage": "74668",
        "boite_vitesse": "Manuelle",
        "carburant": "Essence",
        "annee": "2021"
    },
    {
        "marque": "Mini",
        "modele": "Mini",
        "prix": "14499",
        "kilometrage": "121249",
        "boite_vitesse": "Auto.",
        "carburant": "Essence",
        "annee": "2018"
    }
]