[
    {
        "marque": "Volkswagen",
        "modele": "T-Roc",
        "prix": "42540",
        "kilometrage": "14",
        "boite_vitesse": "Auto.",
        "carburant": "Essence",
        "annee": "2025"
    },
    {
        "marque": "Nissan",
        "modele": "X-Trail",
        "prix": "50200",
        "kilometrage": "0",
        "boite_vitesse": "Auto.",
        "carburant": "Hybride essence",
        "annee": "2025"
    },
    {
        "marque": "Volkswagen",
        "modele": "Golf 8",
        "prix": "47285",
        "kilometrage": "8",
        "boite_vitesse": "Auto.",
        "carburant": "Diesel",
        "annee": "2025"
    },
    {
        "marque": "Peugeot",
        "modele": "3008",
        "prix": "46990",
        "kilometrage": "0",
        "boite_vitesse": "Auto.",
        "carburant": "Électrique",
        "annee": "2025"
    },
    {
        "marque": "Renault",
        "modele": "Symbioz",
        "prix": "33999",
        "kilometrage": "4187",
        "boite_vitesse": "Auto.",
        "carburant": "Hybride essence",
        "annee": "2024"
    },
    {
        "marque": "Cupra",
        "modele": "FORMENTOR",
        "prix": "33999",
        "kilometrage": "5255",
        "boite_vitesse": "Auto.",
        "carburant": "Hybride essence rechargeable",
        "annee": "2024"
    },
    {
        "marque": "Alfa",
        "modele": "Romeo Tonale",
        "prix": "33999",
        "kilometrage": "32600",
        "boite_vitesse": "Auto.",
        "carburant": "Hybride essence rechargeable",
        "annee": "2023"
    },
    {
        "marque": "Subaru",
        "modele": "Solterra",
        "prix": "33999",
        "kilometrage": "11189",
        "boite_vitesse": "Auto.",
        "carburant": "Électrique",
        "annee": "2023"
    },
    {
        "marque": "Mercedes",
        "modele": "EQA",
        "prix": "33999",
        "kilometrage": "12850",
        "boite_vitesse": "Auto.",
        "carburant": "Électrique",
        "annee": "2024"
    },
    {
        "marque": "Mercedes",
        "modele": "EQA",
        "prix": "33999",
        "kilometrage": "25151",
        "boite_vitesse": "Auto.",
        "carburant": "Électrique",
        "annee": "2024"
    },
    {
        "marque": "Peugeot",
        "modele": "508 SW",
        "prix": "53340",
        "kilometrage": "10",
        "boite_vitesse": "Auto.",
        "carburant": "Essence",
        "annee": "2024"
    },
    {
        "marque": "Volkswagen",
        "modele": "Tiguan",
        "prix": "34099",
        "kilometrage": "47965",
        "boite_vitesse": "Auto.",
        "carburant": "Hybride essence rechargeable",
        "annee": "2021"
    },
    {
        "marque": "BMW",
        "modele": "Série 5",
        "prix": "34199",
        "kilometrage": "62234",
        "boite_vitesse": "Auto.",
        "carburant": "Diesel",
        "annee": "2021"
    },
    {
        "marque": "BMW",
        "modele": "X3",
        "prix": "34399",
        "kilometrage": "59480",
        "boite_vitesse": "Auto.",
        "carburant": "Essence",
        "annee": "2018"
    },
    {
        "marque": "DS",
        "modele": "DS7",
        "prix": "34499",
        "kilometrage": "6296",
        "boite_vitesse": "Auto.",
        "carburant": "Diesel",
        "annee": "2023"
    },
    {
        "marque": "Renault",
        "modele": "MASTER FOURGON",
        "prix": "53570",
        "kilometrage": "10",
        "boite_vitesse": "Manuelle",
        "carburant": "Diesel",
        "annee": "2025"
    },
    {
        "marque": "Volkswagen",
        "modele": "Passat SW",
        "prix": "34599",
        "kilometrage": "26758",
        "boite_vitesse": "Auto.",
        "carburant": "Micro-hybride essence",
        "annee": "2024"
    },
    {
        "marque": "Alfa",
        "modele": "Romeo Giulia",
        "prix": "34599",
        "kilometrage": "49581",
        "boite_vitesse": "Auto.",
        "carburant": "Diesel",
        "annee": "2022"
    },
    {
        "marque": "BMW",
        "modele": "Série 3",
        "prix": "34799",
        "kilometrage": "79209",
        "boite_vitesse": "Auto.",
        "carburant": "Micro-hybride diesel",
        "annee": "2020"
    },
    {
        "marque": "Volkswagen",
        "modele": "ID.4",
        "prix": "34799",
        "kilometrage": "170",
        "boite_vitesse": "Auto.",
        "carburant": "Électrique",
        "annee": "2024"
    },
    {
        "marque": "Volkswagen",
        "modele": "Golf 8",
        "prix": "34799",
        "kilometrage": "13573",
        "boite_vitesse": "Auto.",
        "carburant": "Essence",
        "annee": "2022"
    },
    {
        "marque": "Renault",
        "modele": "Austral",
        "prix": "46550",
        "kilometrage": "0",
        "boite_vitesse": "Auto.",
        "carburant": "Hybride essence",
        "annee": "2025"
    },
    {
        "marque": "Mercedes",
        "modele": "GLA",
        "prix": "34899",
        "kilometrage": "61728",
        "boite_vitesse": "Auto.",
        "carburant": "Diesel",
        "annee": "2021"
    }
]